<?xml version='1.0' encoding='UTF-8' standalone='no'?>
<doxygen xmlns:xsi="http://www.w3.org/2001/XMLSchema-instance" xsi:noNamespaceSchemaLocation="compound.xsd" version="1.6.1">
  <compounddef id="bddBdd_8cpp" kind="file">
    <compoundname>bddBdd.cpp</compoundname>
    <includes refid="bddBdd_8h" local="yes">bddBdd.h</includes>
    <includes local="no">vector</includes>
    <includes local="no">iostream</includes>
    <includes local="no">set</includes>
    <includes local="no">cstring</includes>
    <includes local="no">climits</includes>
    <incdepgraph>
      <node id="8">
        <label>cassert</label>
      </node>
      <node id="7">
        <label>map</label>
      </node>
      <node id="0">
        <label>bddBdd.cpp</label>
        <link refid="bddBdd.cpp"/>
        <childnode refid="1" relation="include">
        </childnode>
        <childnode refid="5" relation="include">
        </childnode>
        <childnode refid="4" relation="include">
        </childnode>
        <childnode refid="6" relation="include">
        </childnode>
        <childnode refid="9" relation="include">
        </childnode>
        <childnode refid="10" relation="include">
        </childnode>
      </node>
      <node id="1">
        <label>bddBdd.h</label>
        <link refid="bddBdd_8h"/>
        <childnode refid="2" relation="include">
        </childnode>
        <childnode refid="5" relation="include">
        </childnode>
        <childnode refid="6" relation="include">
        </childnode>
        <childnode refid="7" relation="include">
        </childnode>
        <childnode refid="8" relation="include">
        </childnode>
      </node>
      <node id="5">
        <label>vector</label>
      </node>
      <node id="3">
        <label>cstdlib</label>
      </node>
      <node id="4">
        <label>iostream</label>
      </node>
      <node id="2">
        <label>relObject.h</label>
        <link refid="relObject_8h"/>
        <childnode refid="3" relation="include">
        </childnode>
        <childnode refid="4" relation="include">
        </childnode>
      </node>
      <node id="10">
        <label>climits</label>
      </node>
      <node id="6">
        <label>set</label>
      </node>
      <node id="9">
        <label>cstring</label>
      </node>
    </incdepgraph>
    <briefdescription>
    </briefdescription>
    <detaileddescription>
    </detaileddescription>
    <location file="bddBdd.cpp"/>
  </compounddef>
</doxygen>
