<?xml version='1.0' encoding='UTF-8' standalone='no'?>
<doxygen xmlns:xsi="http://www.w3.org/2001/XMLSchema-instance" xsi:noNamespaceSchemaLocation="compound.xsd" version="1.6.1">
  <compounddef id="bddBdd_8h" kind="file">
    <compoundname>bddBdd.h</compoundname>
    <includes refid="relObject_8h" local="yes">relObject.h</includes>
    <includes local="no">vector</includes>
    <includes local="no">set</includes>
    <includes local="no">map</includes>
    <includes local="no">cassert</includes>
    <includedby refid="bddBdd_8cpp" local="yes">bddBdd.cpp</includedby>
    <includedby refid="bddRelation_8h" local="yes">bddRelation.h</includedby>
    <includedby refid="crocopat_8cpp" local="yes">crocopat.cpp</includedby>
    <incdepgraph>
      <node id="19">
        <label>cassert</label>
      </node>
      <node id="18">
        <label>map</label>
      </node>
      <node id="12">
        <label>bddBdd.h</label>
        <link refid="bddBdd.h"/>
        <childnode refid="13" relation="include">
        </childnode>
        <childnode refid="16" relation="include">
        </childnode>
        <childnode refid="17" relation="include">
        </childnode>
        <childnode refid="18" relation="include">
        </childnode>
        <childnode refid="19" relation="include">
        </childnode>
      </node>
      <node id="16">
        <label>vector</label>
      </node>
      <node id="14">
        <label>cstdlib</label>
      </node>
      <node id="15">
        <label>iostream</label>
      </node>
      <node id="13">
        <label>relObject.h</label>
        <link refid="relObject_8h"/>
        <childnode refid="14" relation="include">
        </childnode>
        <childnode refid="15" relation="include">
        </childnode>
      </node>
      <node id="17">
        <label>set</label>
      </node>
    </incdepgraph>
    <invincdepgraph>
      <node id="22">
        <label>bddRelation.h</label>
        <link refid="bddRelation_8h"/>
        <childnode refid="23" relation="include">
        </childnode>
      </node>
      <node id="25">
        <label>relPrintExpr.h</label>
        <link refid="relPrintExpr_8h"/>
        <childnode refid="26" relation="include">
        </childnode>
      </node>
      <node id="21">
        <label>bddBdd.cpp</label>
        <link refid="bddBdd_8cpp"/>
      </node>
      <node id="24">
        <label>relNumExpr.cpp</label>
        <link refid="relNumExpr_8cpp"/>
      </node>
      <node id="20">
        <label>bddBdd.h</label>
        <link refid="bddBdd.h"/>
        <childnode refid="21" relation="include">
        </childnode>
        <childnode refid="22" relation="include">
        </childnode>
        <childnode refid="27" relation="include">
        </childnode>
      </node>
      <node id="27">
        <label>crocopat.cpp</label>
        <link refid="crocopat_8cpp"/>
      </node>
      <node id="28">
        <label>relStrExpr.cpp</label>
        <link refid="relStrExpr_8cpp"/>
      </node>
      <node id="26">
        <label>relStatement.h</label>
        <link refid="relStatement_8h"/>
        <childnode refid="27" relation="include">
        </childnode>
      </node>
      <node id="23">
        <label>relExpression.h</label>
        <link refid="relExpression_8h"/>
        <childnode refid="24" relation="include">
        </childnode>
        <childnode refid="25" relation="include">
        </childnode>
        <childnode refid="28" relation="include">
        </childnode>
      </node>
    </invincdepgraph>
    <innerclass refid="structbddNode" prot="public">bddNode</innerclass>
    <innerclass refid="structbddBinEntry" prot="public">bddBinEntry</innerclass>
    <innerclass refid="structbddStatEntry" prot="public">bddStatEntry</innerclass>
    <innerclass refid="structbddGraphNode" prot="public">bddGraphNode</innerclass>
    <innerclass refid="classbddBdd" prot="public">bddBdd</innerclass>
    <briefdescription>
    </briefdescription>
    <detaileddescription>
    </detaileddescription>
    <location file="bddBdd.h"/>
  </compounddef>
</doxygen>
