<?xml version='1.0' encoding='UTF-8' standalone='no'?>
<doxygen xmlns:xsi="http://www.w3.org/2001/XMLSchema-instance" xsi:noNamespaceSchemaLocation="compound.xsd" version="1.6.1">
  <compounddef id="bddRelation_8h" kind="file">
    <compoundname>bddRelation.h</compoundname>
    <includes refid="bddBdd_8h" local="yes">bddBdd.h</includes>
    <includes refid="bddSymTab_8h" local="yes">bddSymTab.h</includes>
    <includes refid="relDataType_8h" local="yes">relDataType.h</includes>
    <includedby refid="relExpression_8h" local="yes">relExpression.h</includedby>
    <incdepgraph>
      <node id="37">
        <label>cassert</label>
      </node>
      <node id="29">
        <label>bddRelation.h</label>
        <link refid="bddRelation.h"/>
        <childnode refid="30" relation="include">
        </childnode>
        <childnode refid="38" relation="include">
        </childnode>
        <childnode refid="42" relation="include">
        </childnode>
      </node>
      <node id="40">
        <label>string</label>
      </node>
      <node id="36">
        <label>map</label>
      </node>
      <node id="30">
        <label>bddBdd.h</label>
        <link refid="bddBdd_8h"/>
        <childnode refid="31" relation="include">
        </childnode>
        <childnode refid="34" relation="include">
        </childnode>
        <childnode refid="35" relation="include">
        </childnode>
        <childnode refid="36" relation="include">
        </childnode>
        <childnode refid="37" relation="include">
        </childnode>
      </node>
      <node id="38">
        <label>bddSymTab.h</label>
        <link refid="bddSymTab_8h"/>
        <childnode refid="39" relation="include">
        </childnode>
        <childnode refid="31" relation="include">
        </childnode>
        <childnode refid="40" relation="include">
        </childnode>
        <childnode refid="36" relation="include">
        </childnode>
        <childnode refid="35" relation="include">
        </childnode>
        <childnode refid="34" relation="include">
        </childnode>
        <childnode refid="37" relation="include">
        </childnode>
        <childnode refid="41" relation="include">
        </childnode>
      </node>
      <node id="34">
        <label>vector</label>
      </node>
      <node id="42">
        <label>relDataType.h</label>
        <link refid="relDataType_8h"/>
        <childnode refid="31" relation="include">
        </childnode>
      </node>
      <node id="39">
        <label>reprNUMBER.h</label>
        <link refid="reprNUMBER_8h"/>
      </node>
      <node id="32">
        <label>cstdlib</label>
      </node>
      <node id="33">
        <label>iostream</label>
      </node>
      <node id="31">
        <label>relObject.h</label>
        <link refid="relObject_8h"/>
        <childnode refid="32" relation="include">
        </childnode>
        <childnode refid="33" relation="include">
        </childnode>
      </node>
      <node id="41">
        <label>climits</label>
      </node>
      <node id="35">
        <label>set</label>
      </node>
    </incdepgraph>
    <invincdepgraph>
      <node id="43">
        <label>bddRelation.h</label>
        <link refid="bddRelation.h"/>
        <childnode refid="44" relation="include">
        </childnode>
      </node>
      <node id="46">
        <label>relPrintExpr.h</label>
        <link refid="relPrintExpr_8h"/>
        <childnode refid="47" relation="include">
        </childnode>
      </node>
      <node id="45">
        <label>relNumExpr.cpp</label>
        <link refid="relNumExpr_8cpp"/>
      </node>
      <node id="48">
        <label>crocopat.cpp</label>
        <link refid="crocopat_8cpp"/>
      </node>
      <node id="49">
        <label>relStrExpr.cpp</label>
        <link refid="relStrExpr_8cpp"/>
      </node>
      <node id="47">
        <label>relStatement.h</label>
        <link refid="relStatement_8h"/>
        <childnode refid="48" relation="include">
        </childnode>
      </node>
      <node id="44">
        <label>relExpression.h</label>
        <link refid="relExpression_8h"/>
        <childnode refid="45" relation="include">
        </childnode>
        <childnode refid="46" relation="include">
        </childnode>
        <childnode refid="49" relation="include">
        </childnode>
      </node>
    </invincdepgraph>
    <innerclass refid="classbddRelation" prot="public">bddRelation</innerclass>
    <innerclass refid="classbddRelationConst" prot="public">bddRelationConst</innerclass>
      <sectiondef kind="func">
      <memberdef kind="function" id="bddRelation_8h_1aa01e33ba29c5513806b31599308f3ab5" prot="public" static="no" const="no" explicit="no" inline="no" virt="non-virtual">
        <type>string</type>
        <definition>string unsigned2string</definition>
        <argsstring>(unsigned pUnsigned)</argsstring>
        <name>unsigned2string</name>
        <param>
          <type>unsigned</type>
          <declname>pUnsigned</declname>
        </param>
        <briefdescription>
<para>Global functions. </para>        </briefdescription>
        <detaileddescription>
        </detaileddescription>
        <inbodydescription>
        </inbodydescription>
        <location file="bddRelation.h" line="39" bodyfile="crocopat.cpp" bodystart="96" bodyend="103"/>
      </memberdef>
      </sectiondef>
    <briefdescription>
    </briefdescription>
    <detaileddescription>
    </detaileddescription>
    <location file="bddRelation.h"/>
  </compounddef>
</doxygen>
