<?xml version='1.0' encoding='UTF-8' standalone='no'?>
<doxygen xmlns:xsi="http://www.w3.org/2001/XMLSchema-instance" xsi:noNamespaceSchemaLocation="compound.xsd" version="1.6.1">
  <compounddef id="bddSymTab_8h" kind="file">
    <compoundname>bddSymTab.h</compoundname>
    <includes refid="reprNUMBER_8h" local="yes">reprNUMBER.h</includes>
    <includes refid="relObject_8h" local="yes">relObject.h</includes>
    <includes local="no">string</includes>
    <includes local="no">map</includes>
    <includes local="no">set</includes>
    <includes local="no">vector</includes>
    <includes local="no">cassert</includes>
    <includes local="no">climits</includes>
    <includedby refid="bddRelation_8h" local="yes">bddRelation.h</includedby>
    <includedby refid="relNumExpr_8h" local="yes">relNumExpr.h</includedby>
    <incdepgraph>
      <node id="59">
        <label>cassert</label>
      </node>
      <node id="55">
        <label>string</label>
      </node>
      <node id="56">
        <label>map</label>
      </node>
      <node id="50">
        <label>bddSymTab.h</label>
        <link refid="bddSymTab.h"/>
        <childnode refid="51" relation="include">
        </childnode>
        <childnode refid="52" relation="include">
        </childnode>
        <childnode refid="55" relation="include">
        </childnode>
        <childnode refid="56" relation="include">
        </childnode>
        <childnode refid="57" relation="include">
        </childnode>
        <childnode refid="58" relation="include">
        </childnode>
        <childnode refid="59" relation="include">
        </childnode>
        <childnode refid="60" relation="include">
        </childnode>
      </node>
      <node id="58">
        <label>vector</label>
      </node>
      <node id="51">
        <label>reprNUMBER.h</label>
        <link refid="reprNUMBER_8h"/>
      </node>
      <node id="53">
        <label>cstdlib</label>
      </node>
      <node id="54">
        <label>iostream</label>
      </node>
      <node id="52">
        <label>relObject.h</label>
        <link refid="relObject_8h"/>
        <childnode refid="53" relation="include">
        </childnode>
        <childnode refid="54" relation="include">
        </childnode>
      </node>
      <node id="60">
        <label>climits</label>
      </node>
      <node id="57">
        <label>set</label>
      </node>
    </incdepgraph>
    <invincdepgraph>
      <node id="71">
        <label>relTerm.h</label>
        <link refid="relTerm_8h"/>
        <childnode refid="63" relation="include">
        </childnode>
      </node>
      <node id="62">
        <label>bddRelation.h</label>
        <link refid="bddRelation_8h"/>
        <childnode refid="63" relation="include">
        </childnode>
      </node>
      <node id="70">
        <label>relStrExpr.h</label>
        <link refid="relStrExpr_8h"/>
        <childnode refid="64" relation="include">
        </childnode>
        <childnode refid="68" relation="include">
        </childnode>
        <childnode refid="71" relation="include">
        </childnode>
      </node>
      <node id="65">
        <label>relPrintExpr.h</label>
        <link refid="relPrintExpr_8h"/>
        <childnode refid="66" relation="include">
        </childnode>
      </node>
      <node id="64">
        <label>relNumExpr.cpp</label>
        <link refid="relNumExpr_8cpp"/>
      </node>
      <node id="61">
        <label>bddSymTab.h</label>
        <link refid="bddSymTab.h"/>
        <childnode refid="62" relation="include">
        </childnode>
        <childnode refid="69" relation="include">
        </childnode>
      </node>
      <node id="67">
        <label>crocopat.cpp</label>
        <link refid="crocopat_8cpp"/>
      </node>
      <node id="68">
        <label>relStrExpr.cpp</label>
        <link refid="relStrExpr_8cpp"/>
      </node>
      <node id="66">
        <label>relStatement.h</label>
        <link refid="relStatement_8h"/>
        <childnode refid="67" relation="include">
        </childnode>
      </node>
      <node id="63">
        <label>relExpression.h</label>
        <link refid="relExpression_8h"/>
        <childnode refid="64" relation="include">
        </childnode>
        <childnode refid="65" relation="include">
        </childnode>
        <childnode refid="68" relation="include">
        </childnode>
      </node>
      <node id="69">
        <label>relNumExpr.h</label>
        <link refid="relNumExpr_8h"/>
        <childnode refid="64" relation="include">
        </childnode>
        <childnode refid="70" relation="include">
        </childnode>
      </node>
    </invincdepgraph>
    <innerclass refid="classbddSymTab" prot="public">bddSymTab</innerclass>
    <innernamespace refid="namespacestd">std</innernamespace>
    <briefdescription>
    </briefdescription>
    <detaileddescription>
    </detaileddescription>
    <location file="bddSymTab.h"/>
  </compounddef>
</doxygen>
