<?xml version='1.0' encoding='UTF-8' standalone='no'?>
<doxygen xmlns:xsi="http://www.w3.org/2001/XMLSchema-instance" xsi:noNamespaceSchemaLocation="compound.xsd" version="1.6.1">
  <compounddef id="classrelExprOr" kind="class" prot="public">
    <compoundname>relExprOr</compoundname>
    <basecompoundref refid="classrelExpression" prot="public" virt="non-virtual">relExpression</basecompoundref>
    <includes refid="relExpression_8h" local="no">relExpression.h</includes>
      <sectiondef kind="private-attrib">
      <memberdef kind="variable" id="classrelExprOr_1a70afc30d7d5b7dcb764ed80cd41d13be" prot="private" static="no" mutable="no">
        <type><ref refid="classrelExpression" kindref="compound">relExpression</ref> *</type>
        <definition>relExpression* relExprOr::mExpr1</definition>
        <argsstring></argsstring>
        <name>mExpr1</name>
        <briefdescription>
        </briefdescription>
        <detaileddescription>
        </detaileddescription>
        <inbodydescription>
        </inbodydescription>
        <location file="relExpression.h" line="422" bodyfile="relExpression.h" bodystart="422" bodyend="-1"/>
      </memberdef>
      <memberdef kind="variable" id="classrelExprOr_1a57c9f7ce606dc2f194e4ab6abcf4b179" prot="private" static="no" mutable="no">
        <type><ref refid="classrelExpression" kindref="compound">relExpression</ref> *</type>
        <definition>relExpression* relExprOr::mExpr2</definition>
        <argsstring></argsstring>
        <name>mExpr2</name>
        <briefdescription>
        </briefdescription>
        <detaileddescription>
        </detaileddescription>
        <inbodydescription>
        </inbodydescription>
        <location file="relExpression.h" line="423" bodyfile="relExpression.h" bodystart="423" bodyend="-1"/>
      </memberdef>
      </sectiondef>
      <sectiondef kind="public-func">
      <memberdef kind="function" id="classrelExprOr_1a51cc53e4d441b25418feb502d1d2260e" prot="public" static="no" const="no" explicit="no" inline="yes" virt="non-virtual">
        <type></type>
        <definition>relExprOr::relExprOr</definition>
        <argsstring>(relExpression *pExpr1, relExpression *pExpr2)</argsstring>
        <name>relExprOr</name>
        <param>
          <type><ref refid="classrelExpression" kindref="compound">relExpression</ref> *</type>
          <declname>pExpr1</declname>
        </param>
        <param>
          <type><ref refid="classrelExpression" kindref="compound">relExpression</ref> *</type>
          <declname>pExpr2</declname>
        </param>
        <briefdescription>
        </briefdescription>
        <detaileddescription>
        </detaileddescription>
        <inbodydescription>
        </inbodydescription>
        <location file="relExpression.h" line="429" bodyfile="relExpression.h" bodystart="426" bodyend="429"/>
      </memberdef>
      <memberdef kind="function" id="classrelExprOr_1ace5f0e325fb6c8be56b06e6041ffa05c" prot="public" static="no" const="no" explicit="no" inline="yes" virt="non-virtual">
        <type></type>
        <definition>relExprOr::~relExprOr</definition>
        <argsstring>()</argsstring>
        <name>~relExprOr</name>
        <briefdescription>
        </briefdescription>
        <detaileddescription>
        </detaileddescription>
        <inbodydescription>
        </inbodydescription>
        <location file="relExpression.h" line="432" bodyfile="relExpression.h" bodystart="431" bodyend="435"/>
        <references refid="classrelExprOr_1a70afc30d7d5b7dcb764ed80cd41d13be" compoundref="relExpression_8h" startline="422">mExpr1</references>
        <references refid="classrelExprOr_1a57c9f7ce606dc2f194e4ab6abcf4b179" compoundref="relExpression_8h" startline="423">mExpr2</references>
      </memberdef>
      <memberdef kind="function" id="classrelExprOr_1ad78312d18b5fda0e4ed47e6e27716e9a" prot="public" static="no" const="no" explicit="no" inline="yes" virt="virtual">
        <type>set&lt; string &gt;</type>
        <definition>virtual set&lt;string&gt; relExprOr::collectFreeAttrs</definition>
        <argsstring>()</argsstring>
        <name>collectFreeAttrs</name>
        <reimplements refid="classrelExpression_1a4f5effc1cf304db906371c978d8830dc">collectFreeAttrs</reimplements>
        <briefdescription>
        </briefdescription>
        <detaileddescription>
        </detaileddescription>
        <inbodydescription>
        </inbodydescription>
        <location file="relExpression.h" line="439" bodyfile="relExpression.h" bodystart="438" bodyend="444"/>
        <references refid="classrelExpression_1a4f5effc1cf304db906371c978d8830dc">relExpression::collectFreeAttrs</references>
        <references refid="classrelExprOr_1a70afc30d7d5b7dcb764ed80cd41d13be" compoundref="relExpression_8h" startline="422">mExpr1</references>
        <references refid="classrelExprOr_1a57c9f7ce606dc2f194e4ab6abcf4b179" compoundref="relExpression_8h" startline="423">mExpr2</references>
      </memberdef>
      <memberdef kind="function" id="classrelExprOr_1abaf21810614db367c1c5681d4db343bb" prot="public" static="no" const="no" explicit="no" inline="yes" virt="virtual">
        <type><ref refid="classbddRelation" kindref="compound">bddRelation</ref></type>
        <definition>virtual bddRelation relExprOr::interpret</definition>
        <argsstring>(bddSymTab *pSymTab)</argsstring>
        <name>interpret</name>
        <reimplements refid="classrelExpression_1a2659d1b3b785d5d00993a0364577bc61">interpret</reimplements>
        <param>
          <type><ref refid="classbddSymTab" kindref="compound">bddSymTab</ref> *</type>
          <declname>pSymTab</declname>
        </param>
        <briefdescription>
        </briefdescription>
        <detaileddescription>
        </detaileddescription>
        <inbodydescription>
        </inbodydescription>
        <location file="relExpression.h" line="448" bodyfile="relExpression.h" bodystart="447" bodyend="452"/>
        <references refid="classrelExpression_1a2659d1b3b785d5d00993a0364577bc61">relExpression::interpret</references>
        <references refid="classrelExprOr_1a70afc30d7d5b7dcb764ed80cd41d13be" compoundref="relExpression_8h" startline="422">mExpr1</references>
        <references refid="classrelExprOr_1a57c9f7ce606dc2f194e4ab6abcf4b179" compoundref="relExpression_8h" startline="423">mExpr2</references>
        <references refid="classbddRelation_1a6d73f50efc75bb8e525835f8c6d1fb1b" compoundref="bddRelation_8h" startline="326" endline="328">bddRelation::unite</references>
      </memberdef>
      </sectiondef>
    <briefdescription>
    </briefdescription>
    <detaileddescription>
    </detaileddescription>
    <inheritancegraph>
      <node id="140">
        <label>relExpression</label>
        <link refid="classrelExpression"/>
        <childnode refid="141" relation="public-inheritance">
        </childnode>
      </node>
      <node id="141">
        <label>relObject</label>
        <link refid="classrelObject"/>
      </node>
      <node id="139">
        <label>relExprOr</label>
        <link refid="classrelExprOr"/>
        <childnode refid="140" relation="public-inheritance">
        </childnode>
      </node>
    </inheritancegraph>
    <collaborationgraph>
      <node id="143">
        <label>relExpression</label>
        <link refid="classrelExpression"/>
        <childnode refid="144" relation="public-inheritance">
        </childnode>
      </node>
      <node id="144">
        <label>relObject</label>
        <link refid="classrelObject"/>
        <childnode refid="145" relation="usage">
          <edgelabel>count</edgelabel>
        </childnode>
      </node>
      <node id="145">
        <label>static long</label>
      </node>
      <node id="142">
        <label>relExprOr</label>
        <link refid="classrelExprOr"/>
        <childnode refid="143" relation="public-inheritance">
        </childnode>
        <childnode refid="143" relation="usage">
          <edgelabel>mExpr1</edgelabel>
          <edgelabel>mExpr2</edgelabel>
        </childnode>
      </node>
    </collaborationgraph>
    <location file="relExpression.h" line="420" bodyfile="relExpression.h" bodystart="419" bodyend="453"/>
    <listofallmembers>
      <member refid="classrelExprOr_1ad78312d18b5fda0e4ed47e6e27716e9a" prot="public" virt="virtual"><scope>relExprOr</scope><name>collectFreeAttrs</name></member>
      <member refid="classrelObject_1ad987378e185fff56551fb78be0a3e971" prot="public" virt="non-virtual"><scope>relExprOr</scope><name>GetCount</name></member>
      <member refid="classrelExprOr_1abaf21810614db367c1c5681d4db343bb" prot="public" virt="virtual"><scope>relExprOr</scope><name>interpret</name></member>
      <member refid="classrelExprOr_1a70afc30d7d5b7dcb764ed80cd41d13be" prot="private" virt="non-virtual"><scope>relExprOr</scope><name>mExpr1</name></member>
      <member refid="classrelExprOr_1a57c9f7ce606dc2f194e4ab6abcf4b179" prot="private" virt="non-virtual"><scope>relExprOr</scope><name>mExpr2</name></member>
      <member refid="classrelExprOr_1a51cc53e4d441b25418feb502d1d2260e" prot="public" virt="non-virtual"><scope>relExprOr</scope><name>relExprOr</name></member>
      <member refid="classrelObject_1aa8fc3941bf9f84e8cf90a821cb0a2d15" prot="public" virt="non-virtual"><scope>relExprOr</scope><name>relObject</name></member>
      <member refid="classrelObject_1a88249926871015e4149a7468ec845b99" prot="public" virt="non-virtual"><scope>relExprOr</scope><name>relObject</name></member>
      <member refid="classrelExprOr_1ace5f0e325fb6c8be56b06e6041ffa05c" prot="public" virt="non-virtual"><scope>relExprOr</scope><name>~relExprOr</name></member>
      <member refid="classrelObject_1a4fb533b43971834655cd0cb1323f979b" prot="public" virt="virtual"><scope>relExprOr</scope><name>~relObject</name></member>
    </listofallmembers>
  </compounddef>
</doxygen>
