<?xml version='1.0' encoding='UTF-8' standalone='no'?>
<doxygen xmlns:xsi="http://www.w3.org/2001/XMLSchema-instance" xsi:noNamespaceSchemaLocation="compound.xsd" version="1.6.1">
  <compounddef id="classbddRelation" kind="class" prot="public">
    <compoundname>bddRelation</compoundname>
    <basecompoundref refid="classrelDataType" prot="public" virt="non-virtual">relDataType</basecompoundref>
    <derivedcompoundref refid="classbddRelationConst" prot="public" virt="non-virtual">bddRelationConst</derivedcompoundref>
    <includes refid="bddRelation_8h" local="no">bddRelation.h</includes>
      <sectiondef kind="private-attrib">
      <memberdef kind="variable" id="classbddRelation_1a0febd156d0cdc2cc608675708ef7fd83" prot="private" static="no" mutable="no">
        <type>const <ref refid="classbddSymTab" kindref="compound">bddSymTab</ref> *</type>
        <definition>const bddSymTab* bddRelation::mSymTab</definition>
        <argsstring></argsstring>
        <name>mSymTab</name>
        <briefdescription>
<para>Symbol table (associated). </para>        </briefdescription>
        <detaileddescription>
        </detaileddescription>
        <inbodydescription>
        </inbodydescription>
        <location file="bddRelation.h" line="178" bodyfile="bddRelation.h" bodystart="178" bodyend="-1"/>
      </memberdef>
      <memberdef kind="variable" id="classbddRelation_1aae61b8234174ddcedc30bc7fa31f56e9" prot="private" static="no" mutable="no">
        <type><ref refid="classbddBdd" kindref="compound">bddBdd</ref></type>
        <definition>bddBdd bddRelation::mBdd</definition>
        <argsstring></argsstring>
        <name>mBdd</name>
        <briefdescription>
<para>Set of tuples. </para>        </briefdescription>
        <detaileddescription>
        </detaileddescription>
        <inbodydescription>
        </inbodydescription>
        <location file="bddRelation.h" line="180" bodyfile="bddRelation.h" bodystart="180" bodyend="-1"/>
      </memberdef>
      </sectiondef>
      <sectiondef kind="public-attrib">
      <memberdef kind="variable" id="classbddRelation_1a152e30040d4f2fe6f0cdacb669fd48c4" prot="public" static="no" mutable="no">
        <type>int</type>
        <definition>int bddRelation::mArity</definition>
        <argsstring></argsstring>
        <name>mArity</name>
        <briefdescription>
        </briefdescription>
        <detaileddescription>
<para>For a stronger type check, remember the arity. &apos;-1&apos; for undefined arity, &apos;0&apos; for boolean, &apos;1&apos; for set, &apos;2&apos; for binary relation, ... This is only provided as a feature to more abstract layers; it is only partially used, and there is no guarantee that the arity is always correctly set. I.e., this attribute is not controlled by this class. </para>        </detaileddescription>
        <inbodydescription>
        </inbodydescription>
        <location file="bddRelation.h" line="189" bodyfile="bddRelation.h" bodystart="189" bodyend="-1"/>
      </memberdef>
      </sectiondef>
      <sectiondef kind="private-static-func">
      <memberdef kind="function" id="classbddRelation_1a13422163533d6a22b9edc4230db2846d" prot="private" static="yes" const="no" explicit="no" inline="yes" virt="non-virtual">
        <type><ref refid="classbddRelation" kindref="compound">bddRelation</ref></type>
        <definition>static bddRelation bddRelation::mkEqualPure</definition>
        <argsstring>(const bddSymTab *pSymTab, unsigned pVarId, reprNUMBER pConst)</argsstring>
        <name>mkEqualPure</name>
        <param>
          <type>const <ref refid="classbddSymTab" kindref="compound">bddSymTab</ref> *</type>
          <declname>pSymTab</declname>
        </param>
        <param>
          <type>unsigned</type>
          <declname>pVarId</declname>
        </param>
        <param>
          <type><ref refid="reprNUMBER_8h_1a1ab9ba44112f9ea8fb76b6b5c8815188" kindref="member">reprNUMBER</ref></type>
          <declname>pConst</declname>
        </param>
        <briefdescription>
<para>Returns all tuples satisfying pVI == pConst. </para>        </briefdescription>
        <detaileddescription>
        </detaileddescription>
        <inbodydescription>
        </inbodydescription>
        <location file="bddRelation.h" line="64" bodyfile="bddRelation.h" bodystart="61" bodyend="67"/>
        <references refid="classbddRelation_1ad66aabe6a5ffb2008782f6e8994daee1" compoundref="bddRelation_8h" startline="193" endline="197">bddRelation</references>
        <references refid="classbddSymTab_1a5cb9ee7af96d24470c13190601f93034" compoundref="bddSymTab_8h" startline="141" endline="142">bddSymTab::getBitNr</references>
      </memberdef>
      </sectiondef>
      <sectiondef kind="public-static-func">
      <memberdef kind="function" id="classbddRelation_1a55ad765ba56d7805eefc26668ae745af" prot="public" static="yes" const="no" explicit="no" inline="yes" virt="non-virtual">
        <type><ref refid="classbddRelation" kindref="compound">bddRelation</ref></type>
        <definition>static bddRelation bddRelation::mkEqual</definition>
        <argsstring>(const bddSymTab *pSymTab, unsigned pVarId, reprNUMBER pConst)</argsstring>
        <name>mkEqual</name>
        <param>
          <type>const <ref refid="classbddSymTab" kindref="compound">bddSymTab</ref> *</type>
          <declname>pSymTab</declname>
        </param>
        <param>
          <type>unsigned</type>
          <declname>pVarId</declname>
        </param>
        <param>
          <type><ref refid="reprNUMBER_8h_1a1ab9ba44112f9ea8fb76b6b5c8815188" kindref="member">reprNUMBER</ref></type>
          <declname>pConst</declname>
        </param>
        <briefdescription>
        </briefdescription>
        <detaileddescription>
<para>Returns all tuples satisfying pVI == pConst. If (pConst) is the max value of pVI (pSymTab-&gt;getUniverseSize()-1) then the completion for out-of-range-values is applied. This is to fulfill the invariant of <ref refid="classbddRelation" kindref="compound">bddRelation</ref> (see comment on top of <ref refid="bddRelation_8h" kindref="compound">bddRelation.h</ref>). </para>        </detaileddescription>
        <inbodydescription>
        </inbodydescription>
        <location file="bddRelation.h" line="80" bodyfile="bddRelation.h" bodystart="77" bodyend="99"/>
        <references refid="classbddRelation_1a689ae88ba64f8e7f83bc7209593fb63d" compoundref="bddRelation_8h" startline="321" endline="323">complement</references>
        <references refid="classbddSymTab_1a00ec3683887e1a65bc4c7297f7dcfdfc" compoundref="bddSymTab_8h" startline="146" endline="147">bddSymTab::getUniverseSize</references>
        <references refid="classbddRelation_1a13422163533d6a22b9edc4230db2846d" compoundref="bddRelation_8h" startline="61" endline="67">mkEqualPure</references>
        <references refid="classbddRelation_1ab960101c9ef2100a8813319eb32fec52" compoundref="bddRelation_8h" startline="104" endline="112">mkRange</references>
        <references refid="classbddRelation_1a6d73f50efc75bb8e525835f8c6d1fb1b" compoundref="bddRelation_8h" startline="326" endline="328">unite</references>
      </memberdef>
      <memberdef kind="function" id="classbddRelation_1ab960101c9ef2100a8813319eb32fec52" prot="public" static="yes" const="no" explicit="no" inline="yes" virt="non-virtual">
        <type><ref refid="classbddRelation" kindref="compound">bddRelation</ref></type>
        <definition>static bddRelation bddRelation::mkRange</definition>
        <argsstring>(const bddSymTab *pSymTab, unsigned pVarId)</argsstring>
        <name>mkRange</name>
        <param>
          <type>const <ref refid="classbddSymTab" kindref="compound">bddSymTab</ref> *</type>
          <declname>pSymTab</declname>
        </param>
        <param>
          <type>unsigned</type>
          <declname>pVarId</declname>
        </param>
        <briefdescription>
        </briefdescription>
        <detaileddescription>
<para>Computes the range of valid values (see comment on top of this class). </para>        </detaileddescription>
        <inbodydescription>
        </inbodydescription>
        <location file="bddRelation.h" line="106" bodyfile="bddRelation.h" bodystart="104" bodyend="112"/>
        <references refid="classbddRelation_1ad66aabe6a5ffb2008782f6e8994daee1" compoundref="bddRelation_8h" startline="193" endline="197">bddRelation</references>
        <references refid="classbddSymTab_1a5cb9ee7af96d24470c13190601f93034" compoundref="bddSymTab_8h" startline="141" endline="142">bddSymTab::getBitNr</references>
        <references refid="classbddSymTab_1a00ec3683887e1a65bc4c7297f7dcfdfc" compoundref="bddSymTab_8h" startline="146" endline="147">bddSymTab::getUniverseSize</references>
        <references refid="classbddBdd_1ab062e209d609bd069110b4e1aa4e7534" compoundref="bddBdd_8cpp" startline="993" endline="1017">bddBdd::mkLessEqual</references>
      </memberdef>
      <memberdef kind="function" id="classbddRelation_1aedbd00ff6140ed8a9b886761cc7bb7d5" prot="public" static="yes" const="no" explicit="no" inline="yes" virt="non-virtual">
        <type><ref refid="classbddRelation" kindref="compound">bddRelation</ref></type>
        <definition>static bddRelation bddRelation::mkEqual</definition>
        <argsstring>(const bddSymTab *pSymTab, const string &amp;pVar1, const string &amp;pVar2)</argsstring>
        <name>mkEqual</name>
        <param>
          <type>const <ref refid="classbddSymTab" kindref="compound">bddSymTab</ref> *</type>
          <declname>pSymTab</declname>
        </param>
        <param>
          <type>const string &amp;</type>
          <declname>pVar1</declname>
        </param>
        <param>
          <type>const string &amp;</type>
          <declname>pVar2</declname>
        </param>
        <briefdescription>
<para>Returns set of all tuples satisfying pVar1 == pVar2. </para>        </briefdescription>
        <detaileddescription>
        </detaileddescription>
        <inbodydescription>
        </inbodydescription>
        <location file="bddRelation.h" line="119" bodyfile="bddRelation.h" bodystart="116" bodyend="133"/>
        <references refid="classbddSymTab_1aab25df999390749492cd006895f8c93a" compoundref="bddSymTab_8h" startline="165" endline="171">bddSymTab::getAttributePos</references>
        <references refid="classbddSymTab_1a00ec3683887e1a65bc4c7297f7dcfdfc" compoundref="bddSymTab_8h" startline="146" endline="147">bddSymTab::getUniverseSize</references>
        <references refid="classbddRelation_1a1b120249b8f114c58703428728a2bcb0" compoundref="bddRelation_8h" startline="331" endline="333">intersect</references>
        <references refid="classbddRelation_1a55ad765ba56d7805eefc26668ae745af" compoundref="bddRelation_8h" startline="77" endline="99">mkEqual</references>
        <references refid="classbddRelation_1a6d73f50efc75bb8e525835f8c6d1fb1b" compoundref="bddRelation_8h" startline="326" endline="328">unite</references>
      </memberdef>
      <memberdef kind="function" id="classbddRelation_1aa6a9c5a543eb5f40fa868cfe74ad7603" prot="public" static="yes" const="no" explicit="no" inline="yes" virt="non-virtual">
        <type><ref refid="classbddRelation" kindref="compound">bddRelation</ref></type>
        <definition>static bddRelation bddRelation::mkLess</definition>
        <argsstring>(const bddSymTab *pSymTab, const string &amp;pVar1, const string &amp;pVar2)</argsstring>
        <name>mkLess</name>
        <param>
          <type>const <ref refid="classbddSymTab" kindref="compound">bddSymTab</ref> *</type>
          <declname>pSymTab</declname>
        </param>
        <param>
          <type>const string &amp;</type>
          <declname>pVar1</declname>
        </param>
        <param>
          <type>const string &amp;</type>
          <declname>pVar2</declname>
        </param>
        <briefdescription>
        </briefdescription>
        <detaileddescription>
<para>Returns set of all tuples satisfying pVar1 &lt; pVar2. Assertion: pVar1&apos;s position &lt;= pVar2&apos;s position in the variable order. </para>        </detaileddescription>
        <inbodydescription>
        </inbodydescription>
        <location file="bddRelation.h" line="141" bodyfile="bddRelation.h" bodystart="138" bodyend="161"/>
        <references refid="classbddSymTab_1aab25df999390749492cd006895f8c93a" compoundref="bddSymTab_8h" startline="165" endline="171">bddSymTab::getAttributePos</references>
        <references refid="classbddSymTab_1a00ec3683887e1a65bc4c7297f7dcfdfc" compoundref="bddSymTab_8h" startline="146" endline="147">bddSymTab::getUniverseSize</references>
        <references refid="classbddRelation_1a1b120249b8f114c58703428728a2bcb0" compoundref="bddRelation_8h" startline="331" endline="333">intersect</references>
        <references refid="classbddRelation_1a55ad765ba56d7805eefc26668ae745af" compoundref="bddRelation_8h" startline="77" endline="99">mkEqual</references>
        <references refid="classbddRelation_1a6d73f50efc75bb8e525835f8c6d1fb1b" compoundref="bddRelation_8h" startline="326" endline="328">unite</references>
      </memberdef>
      <memberdef kind="function" id="classbddRelation_1a251b7f51e8fea65a96d02e9f55eb09d6" prot="public" static="yes" const="no" explicit="no" inline="yes" virt="non-virtual">
        <type><ref refid="classbddRelation" kindref="compound">bddRelation</ref></type>
        <definition>static bddRelation bddRelation::mkAttributeValue</definition>
        <argsstring>(const bddSymTab *pSymTab, const string &amp;pAttributeName, const string &amp;pAttributeValue)</argsstring>
        <name>mkAttributeValue</name>
        <param>
          <type>const <ref refid="classbddSymTab" kindref="compound">bddSymTab</ref> *</type>
          <declname>pSymTab</declname>
        </param>
        <param>
          <type>const string &amp;</type>
          <declname>pAttributeName</declname>
        </param>
        <param>
          <type>const string &amp;</type>
          <declname>pAttributeValue</declname>
        </param>
        <briefdescription>
        </briefdescription>
        <detaileddescription>
<para>Return all tupels where the value of attribute (pAttributeName) is (pAttributeValue). </para>        </detaileddescription>
        <inbodydescription>
        </inbodydescription>
        <location file="bddRelation.h" line="169" bodyfile="bddRelation.h" bodystart="166" bodyend="173"/>
        <references refid="classbddSymTab_1aab25df999390749492cd006895f8c93a" compoundref="bddSymTab_8h" startline="165" endline="171">bddSymTab::getAttributePos</references>
        <references refid="classbddSymTab_1afbcc9b7af2e1444d915461eb502b477f" compoundref="bddSymTab_8h" startline="176" endline="183">bddSymTab::getValueNum</references>
        <references refid="classbddRelation_1a55ad765ba56d7805eefc26668ae745af" compoundref="bddRelation_8h" startline="77" endline="99">mkEqual</references>
      </memberdef>
      </sectiondef>
      <sectiondef kind="public-func">
      <memberdef kind="function" id="classbddRelation_1ad66aabe6a5ffb2008782f6e8994daee1" prot="public" static="no" const="no" explicit="no" inline="yes" virt="non-virtual">
        <type></type>
        <definition>bddRelation::bddRelation</definition>
        <argsstring>(const bddSymTab *pSymTab, bool full)</argsstring>
        <name>bddRelation</name>
        <param>
          <type>const <ref refid="classbddSymTab" kindref="compound">bddSymTab</ref> *</type>
          <declname>pSymTab</declname>
        </param>
        <param>
          <type>bool</type>
          <declname>full</declname>
        </param>
        <briefdescription>
        </briefdescription>
        <detaileddescription>
        </detaileddescription>
        <inbodydescription>
        </inbodydescription>
        <location file="bddRelation.h" line="197" bodyfile="bddRelation.h" bodystart="193" bodyend="197"/>
      </memberdef>
      <memberdef kind="function" id="classbddRelation_1a0f227605dc8a79221c41640be2535123" prot="public" static="no" const="yes" explicit="no" inline="yes" virt="non-virtual">
        <type>double</type>
        <definition>double bddRelation::getTupleNr</definition>
        <argsstring>(const set&lt; string &gt; &amp;pFree) const </argsstring>
        <name>getTupleNr</name>
        <param>
          <type>const set&lt; string &gt; &amp;</type>
          <declname>pFree</declname>
        </param>
        <briefdescription>
        </briefdescription>
        <detaileddescription>
<para>Returns number of tuples, restricted to the given attributes. Assuming that all free attributes are contained in &apos;pFree&apos;. </para>        </detaileddescription>
        <inbodydescription>
        </inbodydescription>
        <location file="bddRelation.h" line="259" bodyfile="bddRelation.h" bodystart="258" bodyend="290"/>
        <references refid="classbddSymTab_1addfb1b83129c7699fe6ac9db44889514" compoundref="bddSymTab_8h" startline="255" endline="265">bddSymTab::computeVariableOrder</references>
        <references refid="classbddSymTab_1a5cb9ee7af96d24470c13190601f93034" compoundref="bddSymTab_8h" startline="141" endline="142">bddSymTab::getBitNr</references>
        <references refid="classbddBdd_1adcad0d9c68ee5c8dd1737415cbf7c155" compoundref="bddBdd_8h" startline="336" endline="337">bddBdd::getTupleNr</references>
        <references refid="classbddRelation_1a1b120249b8f114c58703428728a2bcb0" compoundref="bddRelation_8h" startline="331" endline="333">intersect</references>
        <references refid="classbddRelation_1ae3620d86b24fa3d09b2fcb37fba6e80b" compoundref="bddRelation_8h" startline="316" endline="318">isEmpty</references>
        <references refid="classbddRelation_1aae61b8234174ddcedc30bc7fa31f56e9" compoundref="bddRelation_8h" startline="180">mBdd</references>
        <references refid="classbddRelation_1a13422163533d6a22b9edc4230db2846d" compoundref="bddRelation_8h" startline="61" endline="67">mkEqualPure</references>
        <references refid="classbddRelation_1ab960101c9ef2100a8813319eb32fec52" compoundref="bddRelation_8h" startline="104" endline="112">mkRange</references>
        <references refid="classbddRelation_1a0febd156d0cdc2cc608675708ef7fd83" compoundref="bddRelation_8h" startline="178">mSymTab</references>
        <references refid="classbddBdd_1a9c449907d0a7b070a4585f40f52a8ed1" compoundref="bddBdd_8h" startline="325" endline="330">bddBdd::testVars</references>
        <references refid="classbddRelation_1a6d73f50efc75bb8e525835f8c6d1fb1b" compoundref="bddRelation_8h" startline="326" endline="328">unite</references>
      </memberdef>
      <memberdef kind="function" id="classbddRelation_1a60eb583dff3b710664b3daf3a008d85b" prot="public" static="no" const="no" explicit="no" inline="yes" virt="non-virtual">
        <type>string</type>
        <definition>string bddRelation::getElement</definition>
        <argsstring>(unsigned pVarId)</argsstring>
        <name>getElement</name>
        <param>
          <type>unsigned</type>
          <declname>pVarId</declname>
        </param>
        <briefdescription>
        </briefdescription>
        <detaileddescription>
<para>Returns a value for attribute at position &apos;pVarId&apos;. Assumes that the relation is not empty. </para>        </detaileddescription>
        <inbodydescription>
        </inbodydescription>
        <location file="bddRelation.h" line="296" bodyfile="bddRelation.h" bodystart="295" bodyend="299"/>
        <references refid="classbddSymTab_1ae5f5a2f8923ab4a20987b11fd356371b" compoundref="bddSymTab_8h" startline="186" endline="190">bddSymTab::getAttributeValue</references>
        <references refid="classbddSymTab_1a5cb9ee7af96d24470c13190601f93034" compoundref="bddSymTab_8h" startline="141" endline="142">bddSymTab::getBitNr</references>
        <references refid="classbddBdd_1a2a6fb93a84ade066e1dd1de981fbfa6d" compoundref="bddBdd_8h" startline="341" endline="345">bddBdd::getTuple</references>
        <references refid="classbddRelation_1aae61b8234174ddcedc30bc7fa31f56e9" compoundref="bddRelation_8h" startline="180">mBdd</references>
        <references refid="classbddRelation_1a0febd156d0cdc2cc608675708ef7fd83" compoundref="bddRelation_8h" startline="178">mSymTab</references>
      </memberdef>
      <memberdef kind="function" id="classbddRelation_1a230afed75845fcfb9f9246c032f6e26f" prot="public" static="no" const="yes" explicit="no" inline="yes" virt="non-virtual">
        <type>bool</type>
        <definition>bool bddRelation::setEqual</definition>
        <argsstring>(const bddRelation &amp;p) const </argsstring>
        <name>setEqual</name>
        <param>
          <type>const <ref refid="classbddRelation" kindref="compound">bddRelation</ref> &amp;</type>
          <declname>p</declname>
        </param>
        <briefdescription>
        </briefdescription>
        <detaileddescription>
        </detaileddescription>
        <inbodydescription>
        </inbodydescription>
        <location file="bddRelation.h" line="305" bodyfile="bddRelation.h" bodystart="305" bodyend="307"/>
        <references refid="classbddRelation_1aae61b8234174ddcedc30bc7fa31f56e9" compoundref="bddRelation_8h" startline="180">mBdd</references>
        <references refid="classbddBdd_1a7ac3291c01feba82dd0f24481a1128bc" compoundref="bddBdd_8h" startline="385" endline="386">bddBdd::setEqual</references>
      </memberdef>
      <memberdef kind="function" id="classbddRelation_1a8304d06b4943b2d7b2e111e1307e95db" prot="public" static="no" const="yes" explicit="no" inline="yes" virt="non-virtual">
        <type>bool</type>
        <definition>bool bddRelation::setContains</definition>
        <argsstring>(const bddRelation &amp;p) const </argsstring>
        <name>setContains</name>
        <param>
          <type>const <ref refid="classbddRelation" kindref="compound">bddRelation</ref> &amp;</type>
          <declname>p</declname>
        </param>
        <briefdescription>
<para>Check if (*this) contains (p). </para>        </briefdescription>
        <detaileddescription>
        </detaileddescription>
        <inbodydescription>
        </inbodydescription>
        <location file="bddRelation.h" line="311" bodyfile="bddRelation.h" bodystart="311" bodyend="313"/>
        <references refid="classbddRelation_1aae61b8234174ddcedc30bc7fa31f56e9" compoundref="bddRelation_8h" startline="180">mBdd</references>
        <references refid="classbddBdd_1ac216e76db91c690efd00be1dec65fbe9" compoundref="bddBdd_8h" startline="390" endline="391">bddBdd::setContains</references>
      </memberdef>
      <memberdef kind="function" id="classbddRelation_1ae3620d86b24fa3d09b2fcb37fba6e80b" prot="public" static="no" const="yes" explicit="no" inline="yes" virt="non-virtual">
        <type>bool</type>
        <definition>bool bddRelation::isEmpty</definition>
        <argsstring>() const </argsstring>
        <name>isEmpty</name>
        <briefdescription>
        </briefdescription>
        <detaileddescription>
        </detaileddescription>
        <inbodydescription>
        </inbodydescription>
        <location file="bddRelation.h" line="316" bodyfile="bddRelation.h" bodystart="316" bodyend="318"/>
        <references refid="classbddBdd_1a0cbae8addf608b191e019befc644177f" compoundref="bddBdd_8h" startline="395" endline="396">bddBdd::isEmpty</references>
        <references refid="classbddRelation_1aae61b8234174ddcedc30bc7fa31f56e9" compoundref="bddRelation_8h" startline="180">mBdd</references>
      </memberdef>
      <memberdef kind="function" id="classbddRelation_1a689ae88ba64f8e7f83bc7209593fb63d" prot="public" static="no" const="no" explicit="no" inline="yes" virt="non-virtual">
        <type>void</type>
        <definition>void bddRelation::complement</definition>
        <argsstring>()</argsstring>
        <name>complement</name>
        <briefdescription>
        </briefdescription>
        <detaileddescription>
        </detaileddescription>
        <inbodydescription>
        </inbodydescription>
        <location file="bddRelation.h" line="321" bodyfile="bddRelation.h" bodystart="321" bodyend="323"/>
        <references refid="classbddBdd_1a09876b59a7bddecb335ab02edb231633" compoundref="bddBdd_8cpp" startline="1074" endline="1098">bddBdd::complement</references>
        <references refid="classbddRelation_1aae61b8234174ddcedc30bc7fa31f56e9" compoundref="bddRelation_8h" startline="180">mBdd</references>
      </memberdef>
      <memberdef kind="function" id="classbddRelation_1a6d73f50efc75bb8e525835f8c6d1fb1b" prot="public" static="no" const="no" explicit="no" inline="yes" virt="non-virtual">
        <type>void</type>
        <definition>void bddRelation::unite</definition>
        <argsstring>(const bddRelation &amp;p)</argsstring>
        <name>unite</name>
        <param>
          <type>const <ref refid="classbddRelation" kindref="compound">bddRelation</ref> &amp;</type>
          <declname>p</declname>
        </param>
        <briefdescription>
        </briefdescription>
        <detaileddescription>
        </detaileddescription>
        <inbodydescription>
        </inbodydescription>
        <location file="bddRelation.h" line="326" bodyfile="bddRelation.h" bodystart="326" bodyend="328"/>
        <references refid="classbddRelation_1aae61b8234174ddcedc30bc7fa31f56e9" compoundref="bddRelation_8h" startline="180">mBdd</references>
        <references refid="classbddBdd_1af412faf5887caeca337ee2bef8f19ba4" compoundref="bddBdd_8cpp" startline="1102" endline="1125">bddBdd::unite</references>
      </memberdef>
      <memberdef kind="function" id="classbddRelation_1a1b120249b8f114c58703428728a2bcb0" prot="public" static="no" const="no" explicit="no" inline="yes" virt="non-virtual">
        <type>void</type>
        <definition>void bddRelation::intersect</definition>
        <argsstring>(const bddRelation &amp;p)</argsstring>
        <name>intersect</name>
        <param>
          <type>const <ref refid="classbddRelation" kindref="compound">bddRelation</ref> &amp;</type>
          <declname>p</declname>
        </param>
        <briefdescription>
        </briefdescription>
        <detaileddescription>
        </detaileddescription>
        <inbodydescription>
        </inbodydescription>
        <location file="bddRelation.h" line="331" bodyfile="bddRelation.h" bodystart="331" bodyend="333"/>
        <references refid="classbddBdd_1aab86e3003cabca3a29b6d2bb5ec86924" compoundref="bddBdd_8cpp" startline="1129" endline="1152">bddBdd::intersect</references>
        <references refid="classbddRelation_1aae61b8234174ddcedc30bc7fa31f56e9" compoundref="bddRelation_8h" startline="180">mBdd</references>
      </memberdef>
      <memberdef kind="function" id="classbddRelation_1afa0bfcaddb908ffde192f41335d4b450" prot="public" static="no" const="no" explicit="no" inline="yes" virt="non-virtual">
        <type>void</type>
        <definition>void bddRelation::exists</definition>
        <argsstring>(const string pAttribute)</argsstring>
        <name>exists</name>
        <param>
          <type>const string</type>
          <declname>pAttribute</declname>
        </param>
        <briefdescription>
<para>Existential quantification of (pAttribute). </para>        </briefdescription>
        <detaileddescription>
        </detaileddescription>
        <inbodydescription>
        </inbodydescription>
        <location file="bddRelation.h" line="337" bodyfile="bddRelation.h" bodystart="337" bodyend="345"/>
        <references refid="classbddBdd_1a2f45688d7cb9573518bab01842862d57" compoundref="bddBdd_8cpp" startline="1156" endline="1179">bddBdd::exists</references>
        <references refid="classbddSymTab_1aab25df999390749492cd006895f8c93a" compoundref="bddSymTab_8h" startline="165" endline="171">bddSymTab::getAttributePos</references>
        <references refid="classbddSymTab_1a5cb9ee7af96d24470c13190601f93034" compoundref="bddSymTab_8h" startline="141" endline="142">bddSymTab::getBitNr</references>
        <references refid="classbddRelation_1aae61b8234174ddcedc30bc7fa31f56e9" compoundref="bddRelation_8h" startline="180">mBdd</references>
        <references refid="classbddRelation_1a0febd156d0cdc2cc608675708ef7fd83" compoundref="bddRelation_8h" startline="178">mSymTab</references>
      </memberdef>
      <memberdef kind="function" id="classbddRelation_1a6b7d42c2feaa4a728e88b56e82d4e1ef" prot="public" static="no" const="no" explicit="no" inline="yes" virt="non-virtual">
        <type>bool</type>
        <definition>bool bddRelation::testVars</definition>
        <argsstring>(string pVarFirst, string pVarLast)</argsstring>
        <name>testVars</name>
        <param>
          <type>string</type>
          <declname>pVarFirst</declname>
        </param>
        <param>
          <type>string</type>
          <declname>pVarLast</declname>
        </param>
        <briefdescription>
        </briefdescription>
        <detaileddescription>
<para>Check if there is any BDD node within the given range of attributes. Returns &apos;true&apos; if any such node is found. </para>        </detaileddescription>
        <inbodydescription>
        </inbodydescription>
        <location file="bddRelation.h" line="351" bodyfile="bddRelation.h" bodystart="350" bodyend="356"/>
        <references refid="classbddSymTab_1aab25df999390749492cd006895f8c93a" compoundref="bddSymTab_8h" startline="165" endline="171">bddSymTab::getAttributePos</references>
        <references refid="classbddSymTab_1a5cb9ee7af96d24470c13190601f93034" compoundref="bddSymTab_8h" startline="141" endline="142">bddSymTab::getBitNr</references>
        <references refid="classbddRelation_1aae61b8234174ddcedc30bc7fa31f56e9" compoundref="bddRelation_8h" startline="180">mBdd</references>
        <references refid="classbddRelation_1a0febd156d0cdc2cc608675708ef7fd83" compoundref="bddRelation_8h" startline="178">mSymTab</references>
        <references refid="classbddBdd_1a9c449907d0a7b070a4585f40f52a8ed1" compoundref="bddBdd_8h" startline="325" endline="330">bddBdd::testVars</references>
      </memberdef>
      <memberdef kind="function" id="classbddRelation_1aff2e779eb6e2b747451ccd1f3a90c1a4" prot="public" static="no" const="no" explicit="no" inline="yes" virt="non-virtual">
        <type>void</type>
        <definition>void bddRelation::rename</definition>
        <argsstring>(const string pAttributeOld, const string pAttributeNew)</argsstring>
        <name>rename</name>
        <param>
          <type>const string</type>
          <declname>pAttributeOld</declname>
        </param>
        <param>
          <type>const string</type>
          <declname>pAttributeNew</declname>
        </param>
        <briefdescription>
<para>Renaming of attributes. </para>        </briefdescription>
        <detaileddescription>
        </detaileddescription>
        <inbodydescription>
        </inbodydescription>
        <location file="bddRelation.h" line="360" bodyfile="bddRelation.h" bodystart="360" bodyend="397"/>
        <references refid="classbddSymTab_1aab25df999390749492cd006895f8c93a" compoundref="bddSymTab_8h" startline="165" endline="171">bddSymTab::getAttributePos</references>
        <references refid="classbddSymTab_1a5cb9ee7af96d24470c13190601f93034" compoundref="bddSymTab_8h" startline="141" endline="142">bddSymTab::getBitNr</references>
        <references refid="classbddRelation_1aae61b8234174ddcedc30bc7fa31f56e9" compoundref="bddRelation_8h" startline="180">mBdd</references>
        <references refid="classbddRelation_1a0febd156d0cdc2cc608675708ef7fd83" compoundref="bddRelation_8h" startline="178">mSymTab</references>
        <references refid="classbddRelation_1ae9febc5e510d05e54b737f004b287ea1" compoundref="bddRelation_8h" startline="219" endline="250">renameSafe</references>
        <references refid="classbddBdd_1a223a2e821d3efe73f452d9a151ef6bb4" compoundref="bddBdd_8cpp" startline="1184" endline="1215">bddBdd::renameVars</references>
        <references refid="classbddBdd_1a9c449907d0a7b070a4585f40f52a8ed1" compoundref="bddBdd_8h" startline="325" endline="330">bddBdd::testVars</references>
      </memberdef>
      <memberdef kind="function" id="classbddRelation_1ac51e48bb916fbaec559ef2e8813d063e" prot="public" static="no" const="yes" explicit="no" inline="yes" virt="non-virtual">
        <type>void</type>
        <definition>void bddRelation::printBddInfo</definition>
        <argsstring>(ostream &amp;pS) const </argsstring>
        <name>printBddInfo</name>
        <param>
          <type>ostream &amp;</type>
          <declname>pS</declname>
        </param>
        <briefdescription>
        </briefdescription>
        <detaileddescription>
        </detaileddescription>
        <inbodydescription>
        </inbodydescription>
        <location file="bddRelation.h" line="403" bodyfile="bddRelation.h" bodystart="403" bodyend="414"/>
        <references refid="classbddBdd_1a8608f3ddf568bd42fc084bf997e6e331" compoundref="bddBdd_8cpp" startline="1055" endline="1069">bddBdd::getFreeNodeNr</references>
        <references refid="classbddBdd_1a569071c594fe389fbe115232b9ab30c0" compoundref="bddBdd_8h" startline="358" endline="359">bddBdd::getMaxNodeNr</references>
        <references refid="classbddBdd_1a7074c4dbed53543cb515de1610196a7f" compoundref="bddBdd_8cpp" startline="1046" endline="1051">bddBdd::getNodeNr</references>
        <references refid="classbddRelation_1aae61b8234174ddcedc30bc7fa31f56e9" compoundref="bddRelation_8h" startline="180">mBdd</references>
      </memberdef>
      <memberdef kind="function" id="classbddRelation_1ad1c2ba52d549cfd725ff7bf710fadda3" prot="public" static="no" const="yes" explicit="no" inline="yes" virt="non-virtual">
        <type>void</type>
        <definition>void bddRelation::printNodesPerVarId</definition>
        <argsstring>(ostream &amp;pS, const set&lt; string &gt; &amp;pFree) const </argsstring>
        <name>printNodesPerVarId</name>
        <param>
          <type>ostream &amp;</type>
          <declname>pS</declname>
        </param>
        <param>
          <type>const set&lt; string &gt; &amp;</type>
          <declname>pFree</declname>
        </param>
        <briefdescription>
        </briefdescription>
        <detaileddescription>
<para>Prints the number of nodes per variable id for the BDD. (For BDD visualization.) </para>        </detaileddescription>
        <inbodydescription>
        </inbodydescription>
        <location file="bddRelation.h" line="419" bodyfile="bddRelation.h" bodystart="419" bodyend="452"/>
        <references refid="classbddSymTab_1addfb1b83129c7699fe6ac9db44889514" compoundref="bddSymTab_8h" startline="255" endline="265">bddSymTab::computeVariableOrder</references>
        <references refid="classbddSymTab_1a5cb9ee7af96d24470c13190601f93034" compoundref="bddSymTab_8h" startline="141" endline="142">bddSymTab::getBitNr</references>
        <references refid="classbddBdd_1acf9f3818ea582b0135e1c989f15a2658" compoundref="bddBdd_8h" startline="363" endline="367">bddBdd::getNodesPerVarId</references>
        <references refid="classbddRelation_1aae61b8234174ddcedc30bc7fa31f56e9" compoundref="bddRelation_8h" startline="180">mBdd</references>
        <references refid="classbddRelation_1a0febd156d0cdc2cc608675708ef7fd83" compoundref="bddRelation_8h" startline="178">mSymTab</references>
      </memberdef>
      <memberdef kind="function" id="classbddRelation_1af3ac1cddf15fb349820e9bd0e6ae5c9a" prot="public" static="no" const="yes" explicit="no" inline="yes" virt="non-virtual">
        <type>void</type>
        <definition>void bddRelation::printRelation</definition>
        <argsstring>(ostream &amp;pS, const string pTuple, vector&lt; string &gt; pAttributeList) const </argsstring>
        <name>printRelation</name>
        <param>
          <type>ostream &amp;</type>
          <declname>pS</declname>
        </param>
        <param>
          <type>const string</type>
          <declname>pTuple</declname>
        </param>
        <param>
          <type>vector&lt; string &gt;</type>
          <declname>pAttributeList</declname>
        </param>
        <briefdescription>
        </briefdescription>
        <detaileddescription>
<para>Print set of tuples (plain) according to the given order of attributes. Recursiv procedure. </para>        </detaileddescription>
        <inbodydescription>
        </inbodydescription>
        <location file="bddRelation.h" line="460" bodyfile="bddRelation.h" bodystart="457" bodyend="503"/>
        <references refid="classbddRelation_1a689ae88ba64f8e7f83bc7209593fb63d" compoundref="bddRelation_8h" startline="321" endline="323">complement</references>
        <references refid="classbddSymTab_1aab25df999390749492cd006895f8c93a" compoundref="bddSymTab_8h" startline="165" endline="171">bddSymTab::getAttributePos</references>
        <references refid="classbddSymTab_1ae5f5a2f8923ab4a20987b11fd356371b" compoundref="bddSymTab_8h" startline="186" endline="190">bddSymTab::getAttributeValue</references>
        <references refid="classbddSymTab_1a5cb9ee7af96d24470c13190601f93034" compoundref="bddSymTab_8h" startline="141" endline="142">bddSymTab::getBitNr</references>
        <references refid="classbddBdd_1a2a6fb93a84ade066e1dd1de981fbfa6d" compoundref="bddBdd_8h" startline="341" endline="345">bddBdd::getTuple</references>
        <references refid="classbddRelation_1a1b120249b8f114c58703428728a2bcb0" compoundref="bddRelation_8h" startline="331" endline="333">intersect</references>
        <references refid="classbddRelation_1ae3620d86b24fa3d09b2fcb37fba6e80b" compoundref="bddRelation_8h" startline="316" endline="318">isEmpty</references>
        <references refid="classbddSymTab_1a1f1704f29c5050e35b313e853cb46fe2" compoundref="bddSymTab_8h" startline="154" endline="155">bddSymTab::isQuoted</references>
        <references refid="classbddRelation_1aae61b8234174ddcedc30bc7fa31f56e9" compoundref="bddRelation_8h" startline="180">mBdd</references>
        <references refid="classbddRelation_1a55ad765ba56d7805eefc26668ae745af" compoundref="bddRelation_8h" startline="77" endline="99">mkEqual</references>
        <references refid="classbddRelation_1a0febd156d0cdc2cc608675708ef7fd83" compoundref="bddRelation_8h" startline="178">mSymTab</references>
        <references refid="classbddRelation_1af3ac1cddf15fb349820e9bd0e6ae5c9a" compoundref="bddRelation_8h" startline="457" endline="503">printRelation</references>
      </memberdef>
      <memberdef kind="function" id="classbddRelation_1a1ff8848ee58c7cdf0cc2fce43748f803" prot="public" static="no" const="yes" explicit="no" inline="yes" virt="non-virtual">
        <type>void</type>
        <definition>void bddRelation::printGraph</definition>
        <argsstring>(ostream &amp;pS, const set&lt; string &gt; &amp;pFree) const </argsstring>
        <name>printGraph</name>
        <param>
          <type>ostream &amp;</type>
          <declname>pS</declname>
        </param>
        <param>
          <type>const set&lt; string &gt; &amp;</type>
          <declname>pFree</declname>
        </param>
        <briefdescription>
<para>Prints output graph for BDD. </para>        </briefdescription>
        <detaileddescription>
        </detaileddescription>
        <inbodydescription>
        </inbodydescription>
        <location file="bddRelation.h" line="507" bodyfile="bddRelation.h" bodystart="507" bodyend="580"/>
        <references refid="classbddRelation_1ad66aabe6a5ffb2008782f6e8994daee1" compoundref="bddRelation_8h" startline="193" endline="197">bddRelation</references>
        <references refid="classbddSymTab_1addfb1b83129c7699fe6ac9db44889514" compoundref="bddSymTab_8h" startline="255" endline="265">bddSymTab::computeVariableOrder</references>
        <references refid="classbddSymTab_1a5cb9ee7af96d24470c13190601f93034" compoundref="bddSymTab_8h" startline="141" endline="142">bddSymTab::getBitNr</references>
        <references refid="classbddBdd_1a2521ccfafcbadee5ebdb397246070c5e" compoundref="bddBdd_8h" startline="371" endline="373">bddBdd::getGraph</references>
        <references refid="classbddRelation_1aae61b8234174ddcedc30bc7fa31f56e9" compoundref="bddRelation_8h" startline="180">mBdd</references>
        <references refid="classbddRelation_1a0febd156d0cdc2cc608675708ef7fd83" compoundref="bddRelation_8h" startline="178">mSymTab</references>
        <references refid="classbddRelation_1a230afed75845fcfb9f9246c032f6e26f" compoundref="bddRelation_8h" startline="305" endline="307">setEqual</references>
      </memberdef>
      <memberdef kind="function" id="classbddRelation_1a90f72bf8ac550fce05c800a46cbb87b6" prot="public" static="no" const="yes" explicit="no" inline="yes" virt="non-virtual">
        <type>void</type>
        <definition>void bddRelation::printBDT</definition>
        <argsstring>(ostream &amp;pS) const </argsstring>
        <name>printBDT</name>
        <param>
          <type>ostream &amp;</type>
          <declname>pS</declname>
        </param>
        <briefdescription>
<para>Prints mBdd as reduced binary decision tree. </para>        </briefdescription>
        <detaileddescription>
        </detaileddescription>
        <inbodydescription>
        </inbodydescription>
        <location file="bddRelation.h" line="584" bodyfile="bddRelation.h" bodystart="584" bodyend="586"/>
        <references refid="classbddRelation_1aae61b8234174ddcedc30bc7fa31f56e9" compoundref="bddRelation_8h" startline="180">mBdd</references>
        <references refid="classbddBdd_1a5556e9d628d3d2e445892b3203301234" compoundref="bddBdd_8h" startline="377" endline="379">bddBdd::print</references>
      </memberdef>
      <memberdef kind="function" id="classbddRelation_1a478d5d111a9c74c22a54488a3158fd69" prot="public" static="no" const="yes" explicit="no" inline="yes" virt="non-virtual">
        <type><ref refid="classbddRelation" kindref="compound">bddRelation</ref></type>
        <definition>bddRelation bddRelation::getTupleOf</definition>
        <argsstring>(const map&lt; unsigned, string &gt; &amp;pAttributeList) const </argsstring>
        <name>getTupleOf</name>
        <param>
          <type>const map&lt; unsigned, string &gt; &amp;</type>
          <declname>pAttributeList</declname>
        </param>
        <briefdescription>
        </briefdescription>
        <detaileddescription>
<para>Cut given relation to single element for all given attributes. Recursiv procedure. </para>        </detaileddescription>
        <inbodydescription>
        </inbodydescription>
        <location file="bddRelation.h" line="592" bodyfile="bddRelation.h" bodystart="591" bodyend="608"/>
        <references refid="classbddSymTab_1aab25df999390749492cd006895f8c93a" compoundref="bddSymTab_8h" startline="165" endline="171">bddSymTab::getAttributePos</references>
        <references refid="classbddSymTab_1a5cb9ee7af96d24470c13190601f93034" compoundref="bddSymTab_8h" startline="141" endline="142">bddSymTab::getBitNr</references>
        <references refid="classbddBdd_1a2a6fb93a84ade066e1dd1de981fbfa6d" compoundref="bddBdd_8h" startline="341" endline="345">bddBdd::getTuple</references>
        <references refid="classbddRelation_1a1b120249b8f114c58703428728a2bcb0" compoundref="bddRelation_8h" startline="331" endline="333">intersect</references>
        <references refid="classbddRelation_1ae3620d86b24fa3d09b2fcb37fba6e80b" compoundref="bddRelation_8h" startline="316" endline="318">isEmpty</references>
        <references refid="classbddRelation_1aae61b8234174ddcedc30bc7fa31f56e9" compoundref="bddRelation_8h" startline="180">mBdd</references>
        <references refid="classbddRelation_1a55ad765ba56d7805eefc26668ae745af" compoundref="bddRelation_8h" startline="77" endline="99">mkEqual</references>
        <references refid="classbddRelation_1a0febd156d0cdc2cc608675708ef7fd83" compoundref="bddRelation_8h" startline="178">mSymTab</references>
      </memberdef>
      </sectiondef>
      <sectiondef kind="private-func">
      <memberdef kind="function" id="classbddRelation_1a0f1a26da0530b586c7deb1801c872618" prot="private" static="no" const="no" explicit="no" inline="yes" virt="non-virtual">
        <type></type>
        <definition>bddRelation::bddRelation</definition>
        <argsstring>(const bddSymTab *pSymTab, const bddBdd &amp;pBdd)</argsstring>
        <name>bddRelation</name>
        <param>
          <type>const <ref refid="classbddSymTab" kindref="compound">bddSymTab</ref> *</type>
          <declname>pSymTab</declname>
        </param>
        <param>
          <type>const <ref refid="classbddBdd" kindref="compound">bddBdd</ref> &amp;</type>
          <declname>pBdd</declname>
        </param>
        <briefdescription>
        </briefdescription>
        <detaileddescription>
        </detaileddescription>
        <inbodydescription>
        </inbodydescription>
        <location file="bddRelation.h" line="208" bodyfile="bddRelation.h" bodystart="204" bodyend="208"/>
      </memberdef>
      <memberdef kind="function" id="classbddRelation_1a136e4333054dd2db63bc743d4b543bd4" prot="private" static="no" const="no" explicit="no" inline="no" virt="non-virtual">
        <type></type>
        <definition>bddRelation::bddRelation</definition>
        <argsstring>(void *)</argsstring>
        <name>bddRelation</name>
        <param>
          <type>void *</type>
        </param>
        <briefdescription>
<para>Forbid implicite casts. </para>        </briefdescription>
        <detaileddescription>
        </detaileddescription>
        <inbodydescription>
        </inbodydescription>
        <location file="bddRelation.h" line="210"/>
      </memberdef>
      <memberdef kind="function" id="classbddRelation_1a0adc771fb2f2bfc9573170b414aaacfd" prot="private" static="no" const="no" explicit="no" inline="no" virt="non-virtual">
        <type>void</type>
        <definition>void bddRelation::operator,</definition>
        <argsstring>(const bddRelation &amp;)</argsstring>
        <name>operator,</name>
        <reimplements refid="classrelObject_1af7d41cbced909aad7257bf4940c1fa07">operator,</reimplements>
        <param>
          <type>const <ref refid="classbddRelation" kindref="compound">bddRelation</ref> &amp;</type>
        </param>
        <briefdescription>
<para>Forbid the use of some ugly standard operators. </para>        </briefdescription>
        <detaileddescription>
        </detaileddescription>
        <inbodydescription>
        </inbodydescription>
        <location file="bddRelation.h" line="212"/>
      </memberdef>
      <memberdef kind="function" id="classbddRelation_1ae9febc5e510d05e54b737f004b287ea1" prot="private" static="no" const="no" explicit="no" inline="yes" virt="non-virtual">
        <type>void</type>
        <definition>void bddRelation::renameSafe</definition>
        <argsstring>(unsigned pVarIdOld, unsigned pVarIdNew, unsigned pBitNr)</argsstring>
        <name>renameSafe</name>
        <param>
          <type>unsigned</type>
          <declname>pVarIdOld</declname>
        </param>
        <param>
          <type>unsigned</type>
          <declname>pVarIdNew</declname>
        </param>
        <param>
          <type>unsigned</type>
          <declname>pBitNr</declname>
        </param>
        <briefdescription>
        </briefdescription>
        <detaileddescription>
<para>Renaming of attributes. Safe variant, without preconditions. </para>        </detaileddescription>
        <inbodydescription>
        </inbodydescription>
        <location file="bddRelation.h" line="220" bodyfile="bddRelation.h" bodystart="219" bodyend="250"/>
        <references refid="classbddBdd_1a2f45688d7cb9573518bab01842862d57" compoundref="bddBdd_8cpp" startline="1156" endline="1179">bddBdd::exists</references>
        <references refid="classbddBdd_1aab86e3003cabca3a29b6d2bb5ec86924" compoundref="bddBdd_8cpp" startline="1129" endline="1152">bddBdd::intersect</references>
        <references refid="classbddRelation_1aae61b8234174ddcedc30bc7fa31f56e9" compoundref="bddRelation_8h" startline="180">mBdd</references>
      </memberdef>
      </sectiondef>
    <briefdescription>
    </briefdescription>
    <detaileddescription>
<para>Set of tupels represented by a BDD.</para><para>It is possible that there exist bit vectors which are no valid encodings of tuples (because the cardinalities of ranges of attributes do not need to be powers of 2). For speed, these out-of-range bit vectors are not generally excluded from representation. Value mSymTab-&gt;getUniverseSize()-1 is represented by all values mSymTab-&gt;getUniverseSize()-1 ... 2**mSymTab-&gt;getBitNr()-1. This invariant keeps the comparison operations (setEqual, setContains, isEmpty) correct. However, the method for tuple count (getTupleNr) has to restrict to the set of all range tuples (mkRange). </para>    </detaileddescription>
    <inheritancegraph>
      <node id="23">
        <label>bddRelationConst</label>
        <link refid="classbddRelationConst"/>
        <childnode refid="20" relation="public-inheritance">
        </childnode>
      </node>
      <node id="21">
        <label>relDataType</label>
        <link refid="classrelDataType"/>
        <childnode refid="22" relation="public-inheritance">
        </childnode>
      </node>
      <node id="22">
        <label>relObject</label>
        <link refid="classrelObject"/>
      </node>
      <node id="20">
        <label>bddRelation</label>
        <link refid="classbddRelation"/>
        <childnode refid="21" relation="public-inheritance">
        </childnode>
      </node>
    </inheritancegraph>
    <collaborationgraph>
      <node id="31">
        <label>static multiset&lt; unsigned &gt;</label>
      </node>
      <node id="29">
        <label>bddNode</label>
        <link refid="structbddNode"/>
        <childnode refid="30" relation="usage">
          <edgelabel>high</edgelabel>
          <edgelabel>next</edgelabel>
          <edgelabel>low</edgelabel>
          <edgelabel>mark</edgelabel>
          <edgelabel>var</edgelabel>
        </childnode>
      </node>
      <node id="38">
        <label>vector&lt; string &gt;</label>
      </node>
      <node id="37">
        <label>map&lt; unsigned, string &gt;</label>
      </node>
      <node id="34">
        <label>bddBinEntry</label>
        <link refid="structbddBinEntry"/>
        <childnode refid="30" relation="usage">
          <edgelabel>op</edgelabel>
          <edgelabel>root1</edgelabel>
          <edgelabel>result</edgelabel>
          <edgelabel>root2</edgelabel>
        </childnode>
      </node>
      <node id="36">
        <label>map&lt; string, unsigned &gt;</label>
      </node>
      <node id="28">
        <label>bddBdd</label>
        <link refid="classbddBdd"/>
        <childnode refid="26" relation="private-inheritance">
        </childnode>
        <childnode refid="29" relation="usage">
          <edgelabel>mNodes</edgelabel>
        </childnode>
        <childnode refid="31" relation="usage">
          <edgelabel>mExtRefs</edgelabel>
        </childnode>
        <childnode refid="32" relation="usage">
          <edgelabel>mStatCache</edgelabel>
        </childnode>
        <childnode refid="34" relation="usage">
          <edgelabel>mBinCache</edgelabel>
        </childnode>
        <childnode refid="30" relation="usage">
          <edgelabel>mUniqueHash</edgelabel>
          <edgelabel>mFree</edgelabel>
          <edgelabel>mStatCBitNr</edgelabel>
          <edgelabel>mUniqueHBitNr</edgelabel>
          <edgelabel>mMaxNodeNr</edgelabel>
          <edgelabel>mRenameCnt</edgelabel>
          <edgelabel>mRoot</edgelabel>
          <edgelabel>mBinCBitNr</edgelabel>
        </childnode>
      </node>
      <node id="25">
        <label>relDataType</label>
        <link refid="classrelDataType"/>
        <childnode refid="26" relation="public-inheritance">
        </childnode>
      </node>
      <node id="40">
        <label>int</label>
      </node>
      <node id="35">
        <label>bddSymTab</label>
        <link refid="classbddSymTab"/>
        <childnode refid="26" relation="private-inheritance">
        </childnode>
        <childnode refid="36" relation="usage">
          <edgelabel>mAttributes</edgelabel>
          <edgelabel>mAttributeNumbers</edgelabel>
        </childnode>
        <childnode refid="37" relation="usage">
          <edgelabel>mPositions</edgelabel>
        </childnode>
        <childnode refid="38" relation="usage">
          <edgelabel>mAttributeValues</edgelabel>
        </childnode>
        <childnode refid="39" relation="usage">
          <edgelabel>mIsQuoted</edgelabel>
        </childnode>
        <childnode refid="30" relation="usage">
          <edgelabel>mBitNr</edgelabel>
        </childnode>
      </node>
      <node id="26">
        <label>relObject</label>
        <link refid="classrelObject"/>
        <childnode refid="27" relation="usage">
          <edgelabel>count</edgelabel>
        </childnode>
      </node>
      <node id="33">
        <label>double</label>
      </node>
      <node id="27">
        <label>static long</label>
      </node>
      <node id="24">
        <label>bddRelation</label>
        <link refid="classbddRelation"/>
        <childnode refid="25" relation="public-inheritance">
        </childnode>
        <childnode refid="28" relation="usage">
          <edgelabel>mBdd</edgelabel>
        </childnode>
        <childnode refid="35" relation="usage">
          <edgelabel>mSymTab</edgelabel>
        </childnode>
        <childnode refid="40" relation="usage">
          <edgelabel>mArity</edgelabel>
        </childnode>
      </node>
      <node id="30">
        <label>unsigned</label>
      </node>
      <node id="32">
        <label>bddStatEntry</label>
        <link refid="structbddStatEntry"/>
        <childnode refid="33" relation="usage">
          <edgelabel>result</edgelabel>
        </childnode>
        <childnode refid="30" relation="usage">
          <edgelabel>root</edgelabel>
        </childnode>
      </node>
      <node id="39">
        <label>set&lt; string &gt;</label>
      </node>
    </collaborationgraph>
    <location file="bddRelation.h" line="55" bodyfile="bddRelation.h" bodystart="54" bodyend="610"/>
    <listofallmembers>
      <member refid="classbddRelation_1ad66aabe6a5ffb2008782f6e8994daee1" prot="public" virt="non-virtual"><scope>bddRelation</scope><name>bddRelation</name></member>
      <member refid="classbddRelation_1a0f1a26da0530b586c7deb1801c872618" prot="private" virt="non-virtual"><scope>bddRelation</scope><name>bddRelation</name></member>
      <member refid="classbddRelation_1a136e4333054dd2db63bc743d4b543bd4" prot="private" virt="non-virtual"><scope>bddRelation</scope><name>bddRelation</name></member>
      <member refid="classbddRelation_1a689ae88ba64f8e7f83bc7209593fb63d" prot="public" virt="non-virtual"><scope>bddRelation</scope><name>complement</name></member>
      <member refid="classbddRelation_1afa0bfcaddb908ffde192f41335d4b450" prot="public" virt="non-virtual"><scope>bddRelation</scope><name>exists</name></member>
      <member refid="classrelObject_1ad987378e185fff56551fb78be0a3e971" prot="public" virt="non-virtual"><scope>bddRelation</scope><name>GetCount</name></member>
      <member refid="classbddRelation_1a60eb583dff3b710664b3daf3a008d85b" prot="public" virt="non-virtual"><scope>bddRelation</scope><name>getElement</name></member>
      <member refid="classbddRelation_1a0f227605dc8a79221c41640be2535123" prot="public" virt="non-virtual"><scope>bddRelation</scope><name>getTupleNr</name></member>
      <member refid="classbddRelation_1a478d5d111a9c74c22a54488a3158fd69" prot="public" virt="non-virtual"><scope>bddRelation</scope><name>getTupleOf</name></member>
      <member refid="classbddRelation_1a1b120249b8f114c58703428728a2bcb0" prot="public" virt="non-virtual"><scope>bddRelation</scope><name>intersect</name></member>
      <member refid="classbddRelation_1ae3620d86b24fa3d09b2fcb37fba6e80b" prot="public" virt="non-virtual"><scope>bddRelation</scope><name>isEmpty</name></member>
      <member refid="classbddRelation_1a152e30040d4f2fe6f0cdacb669fd48c4" prot="public" virt="non-virtual"><scope>bddRelation</scope><name>mArity</name></member>
      <member refid="classbddRelation_1aae61b8234174ddcedc30bc7fa31f56e9" prot="private" virt="non-virtual"><scope>bddRelation</scope><name>mBdd</name></member>
      <member refid="classbddRelation_1a251b7f51e8fea65a96d02e9f55eb09d6" prot="public" virt="non-virtual"><scope>bddRelation</scope><name>mkAttributeValue</name></member>
      <member refid="classbddRelation_1a55ad765ba56d7805eefc26668ae745af" prot="public" virt="non-virtual"><scope>bddRelation</scope><name>mkEqual</name></member>
      <member refid="classbddRelation_1aedbd00ff6140ed8a9b886761cc7bb7d5" prot="public" virt="non-virtual"><scope>bddRelation</scope><name>mkEqual</name></member>
      <member refid="classbddRelation_1a13422163533d6a22b9edc4230db2846d" prot="private" virt="non-virtual"><scope>bddRelation</scope><name>mkEqualPure</name></member>
      <member refid="classbddRelation_1aa6a9c5a543eb5f40fa868cfe74ad7603" prot="public" virt="non-virtual"><scope>bddRelation</scope><name>mkLess</name></member>
      <member refid="classbddRelation_1ab960101c9ef2100a8813319eb32fec52" prot="public" virt="non-virtual"><scope>bddRelation</scope><name>mkRange</name></member>
      <member refid="classbddRelation_1a0febd156d0cdc2cc608675708ef7fd83" prot="private" virt="non-virtual"><scope>bddRelation</scope><name>mSymTab</name></member>
      <member refid="classbddRelation_1a0adc771fb2f2bfc9573170b414aaacfd" prot="private" virt="non-virtual"><scope>bddRelation</scope><name>operator,</name></member>
      <member refid="classbddRelation_1ac51e48bb916fbaec559ef2e8813d063e" prot="public" virt="non-virtual"><scope>bddRelation</scope><name>printBddInfo</name></member>
      <member refid="classbddRelation_1a90f72bf8ac550fce05c800a46cbb87b6" prot="public" virt="non-virtual"><scope>bddRelation</scope><name>printBDT</name></member>
      <member refid="classbddRelation_1a1ff8848ee58c7cdf0cc2fce43748f803" prot="public" virt="non-virtual"><scope>bddRelation</scope><name>printGraph</name></member>
      <member refid="classbddRelation_1ad1c2ba52d549cfd725ff7bf710fadda3" prot="public" virt="non-virtual"><scope>bddRelation</scope><name>printNodesPerVarId</name></member>
      <member refid="classbddRelation_1af3ac1cddf15fb349820e9bd0e6ae5c9a" prot="public" virt="non-virtual"><scope>bddRelation</scope><name>printRelation</name></member>
      <member refid="classrelDataType_1aee1178079720d4e5b53b080a1b224ca7" prot="public" virt="non-virtual"><scope>bddRelation</scope><name>relDataType</name></member>
      <member refid="classrelObject_1aa8fc3941bf9f84e8cf90a821cb0a2d15" prot="public" virt="non-virtual"><scope>bddRelation</scope><name>relObject</name></member>
      <member refid="classrelObject_1a88249926871015e4149a7468ec845b99" prot="public" virt="non-virtual"><scope>bddRelation</scope><name>relObject</name></member>
      <member refid="classbddRelation_1aff2e779eb6e2b747451ccd1f3a90c1a4" prot="public" virt="non-virtual"><scope>bddRelation</scope><name>rename</name></member>
      <member refid="classbddRelation_1ae9febc5e510d05e54b737f004b287ea1" prot="private" virt="non-virtual"><scope>bddRelation</scope><name>renameSafe</name></member>
      <member refid="classbddRelation_1a8304d06b4943b2d7b2e111e1307e95db" prot="public" virt="non-virtual"><scope>bddRelation</scope><name>setContains</name></member>
      <member refid="classbddRelation_1a230afed75845fcfb9f9246c032f6e26f" prot="public" virt="non-virtual"><scope>bddRelation</scope><name>setEqual</name></member>
      <member refid="classbddRelation_1a6b7d42c2feaa4a728e88b56e82d4e1ef" prot="public" virt="non-virtual"><scope>bddRelation</scope><name>testVars</name></member>
      <member refid="classbddRelation_1a6d73f50efc75bb8e525835f8c6d1fb1b" prot="public" virt="non-virtual"><scope>bddRelation</scope><name>unite</name></member>
      <member refid="classrelDataType_1a7f4218fcb8cf987133bc92d41fcae3a5" prot="public" virt="non-virtual"><scope>bddRelation</scope><name>~relDataType</name></member>
      <member refid="classrelObject_1a4fb533b43971834655cd0cb1323f979b" prot="public" virt="virtual"><scope>bddRelation</scope><name>~relObject</name></member>
    </listofallmembers>
  </compounddef>
</doxygen>
