<?xml version='1.0' encoding='UTF-8' standalone='no'?>
<doxygen xmlns:xsi="http://www.w3.org/2001/XMLSchema-instance" xsi:noNamespaceSchemaLocation="compound.xsd" version="1.6.1">
  <compounddef id="classrelStmtPrint" kind="class" prot="public">
    <compoundname>relStmtPrint</compoundname>
    <basecompoundref refid="classrelStatement" prot="public" virt="non-virtual">relStatement</basecompoundref>
    <includes refid="relStatement_8h" local="no">relStatement.h</includes>
      <sectiondef kind="private-attrib">
      <memberdef kind="variable" id="classrelStmtPrint_1a72149dd4413431c5819d512fcb253b14" prot="private" static="no" mutable="no">
        <type><ref refid="classrelPrintExpr" kindref="compound">relPrintExpr</ref> *</type>
        <definition>relPrintExpr* relStmtPrint::mPrintExpr</definition>
        <argsstring></argsstring>
        <name>mPrintExpr</name>
        <briefdescription>
        </briefdescription>
        <detaileddescription>
        </detaileddescription>
        <inbodydescription>
        </inbodydescription>
        <location file="relStatement.h" line="321" bodyfile="relStatement.h" bodystart="321" bodyend="-1"/>
      </memberdef>
      <memberdef kind="variable" id="classrelStmtPrint_1a2fa4d999c1e16e43488d63768cf81854" prot="private" static="no" mutable="no">
        <type>ostream *</type>
        <definition>ostream* relStmtPrint::mOut</definition>
        <argsstring></argsstring>
        <name>mOut</name>
        <briefdescription>
        </briefdescription>
        <detaileddescription>
        </detaileddescription>
        <inbodydescription>
        </inbodydescription>
        <location file="relStatement.h" line="322" bodyfile="relStatement.h" bodystart="322" bodyend="-1"/>
      </memberdef>
      <memberdef kind="variable" id="classrelStmtPrint_1acf7443fe1ce05d2cf1f61bceaaa54940" prot="private" static="no" mutable="no">
        <type><ref refid="classrelStrExpr" kindref="compound">relStrExpr</ref> *</type>
        <definition>relStrExpr* relStmtPrint::mFilename</definition>
        <argsstring></argsstring>
        <name>mFilename</name>
        <briefdescription>
        </briefdescription>
        <detaileddescription>
        </detaileddescription>
        <inbodydescription>
        </inbodydescription>
        <location file="relStatement.h" line="323" bodyfile="relStatement.h" bodystart="323" bodyend="-1"/>
      </memberdef>
      </sectiondef>
      <sectiondef kind="public-func">
      <memberdef kind="function" id="classrelStmtPrint_1a02ec1c0bd23f6c105ba365d9bc47781d" prot="public" static="no" const="no" explicit="no" inline="yes" virt="non-virtual">
        <type></type>
        <definition>relStmtPrint::relStmtPrint</definition>
        <argsstring>(relPrintExpr *pPrintExpr, ostream *pOut, relStrExpr *pFilename)</argsstring>
        <name>relStmtPrint</name>
        <param>
          <type><ref refid="classrelPrintExpr" kindref="compound">relPrintExpr</ref> *</type>
          <declname>pPrintExpr</declname>
        </param>
        <param>
          <type>ostream *</type>
          <declname>pOut</declname>
        </param>
        <param>
          <type><ref refid="classrelStrExpr" kindref="compound">relStrExpr</ref> *</type>
          <declname>pFilename</declname>
        </param>
        <briefdescription>
        </briefdescription>
        <detaileddescription>
        </detaileddescription>
        <inbodydescription>
        </inbodydescription>
        <location file="relStatement.h" line="330" bodyfile="relStatement.h" bodystart="326" bodyend="330"/>
      </memberdef>
      <memberdef kind="function" id="classrelStmtPrint_1aa2075a712643789b33d21fc1718af9a4" prot="public" static="no" const="no" explicit="no" inline="yes" virt="non-virtual">
        <type></type>
        <definition>relStmtPrint::~relStmtPrint</definition>
        <argsstring>()</argsstring>
        <name>~relStmtPrint</name>
        <briefdescription>
        </briefdescription>
        <detaileddescription>
        </detaileddescription>
        <inbodydescription>
        </inbodydescription>
        <location file="relStatement.h" line="333" bodyfile="relStatement.h" bodystart="332" bodyend="336"/>
        <references refid="classrelStmtPrint_1acf7443fe1ce05d2cf1f61bceaaa54940" compoundref="relStatement_8h" startline="323">mFilename</references>
        <references refid="classrelStmtPrint_1a72149dd4413431c5819d512fcb253b14" compoundref="relStatement_8h" startline="321">mPrintExpr</references>
      </memberdef>
      <memberdef kind="function" id="classrelStmtPrint_1a47ca7f44780a912e70c12050fe7056ea" prot="public" static="no" const="no" explicit="no" inline="yes" virt="virtual">
        <type>void</type>
        <definition>virtual void relStmtPrint::interpret</definition>
        <argsstring>(bddSymTab *pSymTab)</argsstring>
        <name>interpret</name>
        <reimplements refid="classrelStatement_1a9b50ccc1d8f5a9df3dbe754be438f8da">interpret</reimplements>
        <param>
          <type><ref refid="classbddSymTab" kindref="compound">bddSymTab</ref> *</type>
          <declname>pSymTab</declname>
        </param>
        <briefdescription>
        </briefdescription>
        <detaileddescription>
        </detaileddescription>
        <inbodydescription>
        </inbodydescription>
        <location file="relStatement.h" line="340" bodyfile="relStatement.h" bodystart="339" bodyend="357"/>
        <references refid="crocopat_8cpp_1a92c4a8dafce942b863e49715ceea637b" compoundref="crocopat_8cpp" startline="65">gAttributePrefix</references>
        <references refid="classrelString_1a93c23e805fb42d32daa545436bf93473" compoundref="relString_8h" startline="51" endline="54">relString::getValue</references>
        <references refid="classrelPrintExpr_1a4bd82c6b6b055c068997368c18930d7f">relPrintExpr::interpret</references>
        <references refid="classrelStrExpr_1a0602ca1fd170fd99c43c1d59e9180c55">relStrExpr::interpret</references>
        <references refid="classrelStmtPrint_1acf7443fe1ce05d2cf1f61bceaaa54940" compoundref="relStatement_8h" startline="323">mFilename</references>
        <references refid="classrelStmtPrint_1a2fa4d999c1e16e43488d63768cf81854" compoundref="relStatement_8h" startline="322">mOut</references>
        <references refid="classrelStmtPrint_1a72149dd4413431c5819d512fcb253b14" compoundref="relStatement_8h" startline="321">mPrintExpr</references>
        <references refid="classbddSymTab_1a2d9b02e91e849f7c1efbe90f0133735d" compoundref="bddSymTab_8h" startline="232" endline="252">bddSymTab::removeUserAttributes</references>
      </memberdef>
      </sectiondef>
    <briefdescription>
    </briefdescription>
    <detaileddescription>
    </detaileddescription>
    <inheritancegraph>
      <node id="513">
        <label>relStatement</label>
        <link refid="classrelStatement"/>
        <childnode refid="514" relation="public-inheritance">
        </childnode>
      </node>
      <node id="514">
        <label>relObject</label>
        <link refid="classrelObject"/>
      </node>
      <node id="512">
        <label>relStmtPrint</label>
        <link refid="classrelStmtPrint"/>
        <childnode refid="513" relation="public-inheritance">
        </childnode>
      </node>
    </inheritancegraph>
    <collaborationgraph>
      <node id="520">
        <label>relStrExpr</label>
        <link refid="classrelStrExpr"/>
        <childnode refid="517" relation="public-inheritance">
        </childnode>
      </node>
      <node id="516">
        <label>relStatement</label>
        <link refid="classrelStatement"/>
        <childnode refid="517" relation="public-inheritance">
        </childnode>
      </node>
      <node id="517">
        <label>relObject</label>
        <link refid="classrelObject"/>
        <childnode refid="518" relation="usage">
          <edgelabel>count</edgelabel>
        </childnode>
      </node>
      <node id="518">
        <label>static long</label>
      </node>
      <node id="515">
        <label>relStmtPrint</label>
        <link refid="classrelStmtPrint"/>
        <childnode refid="516" relation="public-inheritance">
        </childnode>
        <childnode refid="519" relation="usage">
          <edgelabel>mOut</edgelabel>
        </childnode>
        <childnode refid="520" relation="usage">
          <edgelabel>mFilename</edgelabel>
        </childnode>
        <childnode refid="521" relation="usage">
          <edgelabel>mPrintExpr</edgelabel>
        </childnode>
      </node>
      <node id="521">
        <label>relPrintExpr</label>
        <link refid="classrelPrintExpr"/>
        <childnode refid="517" relation="public-inheritance">
        </childnode>
      </node>
      <node id="519">
        <label>ostream *</label>
      </node>
    </collaborationgraph>
    <location file="relStatement.h" line="319" bodyfile="relStatement.h" bodystart="318" bodyend="358"/>
    <listofallmembers>
      <member refid="classrelObject_1ad987378e185fff56551fb78be0a3e971" prot="public" virt="non-virtual"><scope>relStmtPrint</scope><name>GetCount</name></member>
      <member refid="classrelStmtPrint_1a47ca7f44780a912e70c12050fe7056ea" prot="public" virt="virtual"><scope>relStmtPrint</scope><name>interpret</name></member>
      <member refid="classrelStmtPrint_1acf7443fe1ce05d2cf1f61bceaaa54940" prot="private" virt="non-virtual"><scope>relStmtPrint</scope><name>mFilename</name></member>
      <member refid="classrelStmtPrint_1a2fa4d999c1e16e43488d63768cf81854" prot="private" virt="non-virtual"><scope>relStmtPrint</scope><name>mOut</name></member>
      <member refid="classrelStmtPrint_1a72149dd4413431c5819d512fcb253b14" prot="private" virt="non-virtual"><scope>relStmtPrint</scope><name>mPrintExpr</name></member>
      <member refid="classrelObject_1aa8fc3941bf9f84e8cf90a821cb0a2d15" prot="public" virt="non-virtual"><scope>relStmtPrint</scope><name>relObject</name></member>
      <member refid="classrelObject_1a88249926871015e4149a7468ec845b99" prot="public" virt="non-virtual"><scope>relStmtPrint</scope><name>relObject</name></member>
      <member refid="classrelStmtPrint_1a02ec1c0bd23f6c105ba365d9bc47781d" prot="public" virt="non-virtual"><scope>relStmtPrint</scope><name>relStmtPrint</name></member>
      <member refid="classrelObject_1a4fb533b43971834655cd0cb1323f979b" prot="public" virt="virtual"><scope>relStmtPrint</scope><name>~relObject</name></member>
      <member refid="classrelStmtPrint_1aa2075a712643789b33d21fc1718af9a4" prot="public" virt="non-virtual"><scope>relStmtPrint</scope><name>~relStmtPrint</name></member>
    </listofallmembers>
  </compounddef>
</doxygen>
