<?xml version='1.0' encoding='UTF-8' standalone='no'?>
<doxygen xmlns:xsi="http://www.w3.org/2001/XMLSchema-instance" xsi:noNamespaceSchemaLocation="compound.xsd" version="1.6.1">
  <compounddef id="classrelExprNot" kind="class" prot="public">
    <compoundname>relExprNot</compoundname>
    <basecompoundref refid="classrelExpression" prot="public" virt="non-virtual">relExpression</basecompoundref>
    <includes refid="relExpression_8h" local="no">relExpression.h</includes>
      <sectiondef kind="private-attrib">
      <memberdef kind="variable" id="classrelExprNot_1a9fb3dd24b31cdc87010a94deef52d180" prot="private" static="no" mutable="no">
        <type><ref refid="classrelExpression" kindref="compound">relExpression</ref> *</type>
        <definition>relExpression* relExprNot::mExpr</definition>
        <argsstring></argsstring>
        <name>mExpr</name>
        <briefdescription>
        </briefdescription>
        <detaileddescription>
        </detaileddescription>
        <inbodydescription>
        </inbodydescription>
        <location file="relExpression.h" line="354" bodyfile="relExpression.h" bodystart="354" bodyend="-1"/>
      </memberdef>
      </sectiondef>
      <sectiondef kind="public-func">
      <memberdef kind="function" id="classrelExprNot_1a24f2148d42d4d941ea7166ede6e18320" prot="public" static="no" const="no" explicit="no" inline="yes" virt="non-virtual">
        <type></type>
        <definition>relExprNot::relExprNot</definition>
        <argsstring>(relExpression *pExpr)</argsstring>
        <name>relExprNot</name>
        <param>
          <type><ref refid="classrelExpression" kindref="compound">relExpression</ref> *</type>
          <declname>pExpr</declname>
        </param>
        <briefdescription>
        </briefdescription>
        <detaileddescription>
        </detaileddescription>
        <inbodydescription>
        </inbodydescription>
        <location file="relExpression.h" line="359" bodyfile="relExpression.h" bodystart="357" bodyend="359"/>
      </memberdef>
      <memberdef kind="function" id="classrelExprNot_1a3fa83c43b92e855a581198babb8d154e" prot="public" static="no" const="no" explicit="no" inline="yes" virt="non-virtual">
        <type></type>
        <definition>relExprNot::~relExprNot</definition>
        <argsstring>()</argsstring>
        <name>~relExprNot</name>
        <briefdescription>
        </briefdescription>
        <detaileddescription>
        </detaileddescription>
        <inbodydescription>
        </inbodydescription>
        <location file="relExpression.h" line="362" bodyfile="relExpression.h" bodystart="361" bodyend="364"/>
        <references refid="classrelExprNot_1a9fb3dd24b31cdc87010a94deef52d180" compoundref="relExpression_8h" startline="354">mExpr</references>
      </memberdef>
      <memberdef kind="function" id="classrelExprNot_1a7301f0f14f4751f1b314f5af12d6794d" prot="public" static="no" const="no" explicit="no" inline="yes" virt="virtual">
        <type>set&lt; string &gt;</type>
        <definition>virtual set&lt;string&gt; relExprNot::collectFreeAttrs</definition>
        <argsstring>()</argsstring>
        <name>collectFreeAttrs</name>
        <reimplements refid="classrelExpression_1a4f5effc1cf304db906371c978d8830dc">collectFreeAttrs</reimplements>
        <briefdescription>
        </briefdescription>
        <detaileddescription>
        </detaileddescription>
        <inbodydescription>
        </inbodydescription>
        <location file="relExpression.h" line="368" bodyfile="relExpression.h" bodystart="367" bodyend="370"/>
        <references refid="classrelExpression_1a4f5effc1cf304db906371c978d8830dc">relExpression::collectFreeAttrs</references>
        <references refid="classrelExprNot_1a9fb3dd24b31cdc87010a94deef52d180" compoundref="relExpression_8h" startline="354">mExpr</references>
      </memberdef>
      <memberdef kind="function" id="classrelExprNot_1a1432a85a183cf3b924423f2a35ce7b90" prot="public" static="no" const="no" explicit="no" inline="yes" virt="virtual">
        <type><ref refid="classbddRelation" kindref="compound">bddRelation</ref></type>
        <definition>virtual bddRelation relExprNot::interpret</definition>
        <argsstring>(bddSymTab *pSymTab)</argsstring>
        <name>interpret</name>
        <reimplements refid="classrelExpression_1a2659d1b3b785d5d00993a0364577bc61">interpret</reimplements>
        <param>
          <type><ref refid="classbddSymTab" kindref="compound">bddSymTab</ref> *</type>
          <declname>pSymTab</declname>
        </param>
        <briefdescription>
        </briefdescription>
        <detaileddescription>
        </detaileddescription>
        <inbodydescription>
        </inbodydescription>
        <location file="relExpression.h" line="374" bodyfile="relExpression.h" bodystart="373" bodyend="378"/>
        <references refid="classbddRelation_1a689ae88ba64f8e7f83bc7209593fb63d" compoundref="bddRelation_8h" startline="321" endline="323">bddRelation::complement</references>
        <references refid="classrelExpression_1a2659d1b3b785d5d00993a0364577bc61">relExpression::interpret</references>
        <references refid="classrelExprNot_1a9fb3dd24b31cdc87010a94deef52d180" compoundref="relExpression_8h" startline="354">mExpr</references>
      </memberdef>
      </sectiondef>
    <briefdescription>
    </briefdescription>
    <detaileddescription>
    </detaileddescription>
    <inheritancegraph>
      <node id="133">
        <label>relExpression</label>
        <link refid="classrelExpression"/>
        <childnode refid="134" relation="public-inheritance">
        </childnode>
      </node>
      <node id="132">
        <label>relExprNot</label>
        <link refid="classrelExprNot"/>
        <childnode refid="133" relation="public-inheritance">
        </childnode>
      </node>
      <node id="134">
        <label>relObject</label>
        <link refid="classrelObject"/>
      </node>
    </inheritancegraph>
    <collaborationgraph>
      <node id="136">
        <label>relExpression</label>
        <link refid="classrelExpression"/>
        <childnode refid="137" relation="public-inheritance">
        </childnode>
      </node>
      <node id="135">
        <label>relExprNot</label>
        <link refid="classrelExprNot"/>
        <childnode refid="136" relation="public-inheritance">
        </childnode>
        <childnode refid="136" relation="usage">
          <edgelabel>mExpr</edgelabel>
        </childnode>
      </node>
      <node id="137">
        <label>relObject</label>
        <link refid="classrelObject"/>
        <childnode refid="138" relation="usage">
          <edgelabel>count</edgelabel>
        </childnode>
      </node>
      <node id="138">
        <label>static long</label>
      </node>
    </collaborationgraph>
    <location file="relExpression.h" line="352" bodyfile="relExpression.h" bodystart="351" bodyend="379"/>
    <listofallmembers>
      <member refid="classrelExprNot_1a7301f0f14f4751f1b314f5af12d6794d" prot="public" virt="virtual"><scope>relExprNot</scope><name>collectFreeAttrs</name></member>
      <member refid="classrelObject_1ad987378e185fff56551fb78be0a3e971" prot="public" virt="non-virtual"><scope>relExprNot</scope><name>GetCount</name></member>
      <member refid="classrelExprNot_1a1432a85a183cf3b924423f2a35ce7b90" prot="public" virt="virtual"><scope>relExprNot</scope><name>interpret</name></member>
      <member refid="classrelExprNot_1a9fb3dd24b31cdc87010a94deef52d180" prot="private" virt="non-virtual"><scope>relExprNot</scope><name>mExpr</name></member>
      <member refid="classrelExprNot_1a24f2148d42d4d941ea7166ede6e18320" prot="public" virt="non-virtual"><scope>relExprNot</scope><name>relExprNot</name></member>
      <member refid="classrelObject_1aa8fc3941bf9f84e8cf90a821cb0a2d15" prot="public" virt="non-virtual"><scope>relExprNot</scope><name>relObject</name></member>
      <member refid="classrelObject_1a88249926871015e4149a7468ec845b99" prot="public" virt="non-virtual"><scope>relExprNot</scope><name>relObject</name></member>
      <member refid="classrelExprNot_1a3fa83c43b92e855a581198babb8d154e" prot="public" virt="non-virtual"><scope>relExprNot</scope><name>~relExprNot</name></member>
      <member refid="classrelObject_1a4fb533b43971834655cd0cb1323f979b" prot="public" virt="virtual"><scope>relExprNot</scope><name>~relObject</name></member>
    </listofallmembers>
  </compounddef>
</doxygen>
