<?xml version='1.0' encoding='UTF-8' standalone='no'?>
<doxygen xmlns:xsi="http://www.w3.org/2001/XMLSchema-instance" xsi:noNamespaceSchemaLocation="compound.xsd" version="1.6.1">
  <compounddef id="classrelExprRelOp" kind="class" prot="public">
    <compoundname>relExprRelOp</compoundname>
    <basecompoundref refid="classrelExpression" prot="public" virt="non-virtual">relExpression</basecompoundref>
    <includes refid="relExpression_8h" local="no">relExpression.h</includes>
      <sectiondef kind="private-attrib">
      <memberdef kind="variable" id="classrelExprRelOp_1aaefc0a1648a8e5277f875f10fc066282" prot="private" static="no" mutable="no">
        <type><ref refid="classrelExpression" kindref="compound">relExpression</ref> *</type>
        <definition>relExpression* relExprRelOp::mExpr1</definition>
        <argsstring></argsstring>
        <name>mExpr1</name>
        <briefdescription>
        </briefdescription>
        <detaileddescription>
        </detaileddescription>
        <inbodydescription>
        </inbodydescription>
        <location file="relExpression.h" line="777" bodyfile="relExpression.h" bodystart="777" bodyend="-1"/>
      </memberdef>
      <memberdef kind="variable" id="classrelExprRelOp_1ab14ab1ff96adc234eba3acf62044c858" prot="private" static="no" mutable="no">
        <type>string *</type>
        <definition>string* relExprRelOp::mRelOp</definition>
        <argsstring></argsstring>
        <name>mRelOp</name>
        <briefdescription>
        </briefdescription>
        <detaileddescription>
        </detaileddescription>
        <inbodydescription>
        </inbodydescription>
        <location file="relExpression.h" line="778" bodyfile="relExpression.h" bodystart="778" bodyend="-1"/>
      </memberdef>
      <memberdef kind="variable" id="classrelExprRelOp_1a981c701834912aa7900ccd34a7dfe35d" prot="private" static="no" mutable="no">
        <type><ref refid="classrelExpression" kindref="compound">relExpression</ref> *</type>
        <definition>relExpression* relExprRelOp::mExpr2</definition>
        <argsstring></argsstring>
        <name>mExpr2</name>
        <briefdescription>
        </briefdescription>
        <detaileddescription>
        </detaileddescription>
        <inbodydescription>
        </inbodydescription>
        <location file="relExpression.h" line="779" bodyfile="relExpression.h" bodystart="779" bodyend="-1"/>
      </memberdef>
      </sectiondef>
      <sectiondef kind="public-func">
      <memberdef kind="function" id="classrelExprRelOp_1a397870ec9b750fa84345a91891763f8f" prot="public" static="no" const="no" explicit="no" inline="yes" virt="non-virtual">
        <type></type>
        <definition>relExprRelOp::relExprRelOp</definition>
        <argsstring>(relExpression *pExpr1, string *pRelOp, relExpression *pExpr2)</argsstring>
        <name>relExprRelOp</name>
        <param>
          <type><ref refid="classrelExpression" kindref="compound">relExpression</ref> *</type>
          <declname>pExpr1</declname>
        </param>
        <param>
          <type>string *</type>
          <declname>pRelOp</declname>
        </param>
        <param>
          <type><ref refid="classrelExpression" kindref="compound">relExpression</ref> *</type>
          <declname>pExpr2</declname>
        </param>
        <briefdescription>
        </briefdescription>
        <detaileddescription>
        </detaileddescription>
        <inbodydescription>
        </inbodydescription>
        <location file="relExpression.h" line="788" bodyfile="relExpression.h" bodystart="782" bodyend="788"/>
      </memberdef>
      <memberdef kind="function" id="classrelExprRelOp_1adad955a3416ef09f6cccac89c644b3b2" prot="public" static="no" const="no" explicit="no" inline="yes" virt="non-virtual">
        <type></type>
        <definition>relExprRelOp::~relExprRelOp</definition>
        <argsstring>()</argsstring>
        <name>~relExprRelOp</name>
        <briefdescription>
        </briefdescription>
        <detaileddescription>
        </detaileddescription>
        <inbodydescription>
        </inbodydescription>
        <location file="relExpression.h" line="791" bodyfile="relExpression.h" bodystart="790" bodyend="795"/>
        <references refid="classrelExprRelOp_1aaefc0a1648a8e5277f875f10fc066282" compoundref="relExpression_8h" startline="777">mExpr1</references>
        <references refid="classrelExprRelOp_1a981c701834912aa7900ccd34a7dfe35d" compoundref="relExpression_8h" startline="779">mExpr2</references>
        <references refid="classrelExprRelOp_1ab14ab1ff96adc234eba3acf62044c858" compoundref="relExpression_8h" startline="778">mRelOp</references>
      </memberdef>
      <memberdef kind="function" id="classrelExprRelOp_1ae7dbae94228627f4c5f1978ffbb2b1de" prot="public" static="no" const="no" explicit="no" inline="yes" virt="virtual">
        <type>set&lt; string &gt;</type>
        <definition>virtual set&lt;string&gt; relExprRelOp::collectFreeAttrs</definition>
        <argsstring>()</argsstring>
        <name>collectFreeAttrs</name>
        <reimplements refid="classrelExpression_1a4f5effc1cf304db906371c978d8830dc">collectFreeAttrs</reimplements>
        <briefdescription>
        </briefdescription>
        <detaileddescription>
        </detaileddescription>
        <inbodydescription>
        </inbodydescription>
        <location file="relExpression.h" line="799" bodyfile="relExpression.h" bodystart="798" bodyend="802"/>
      </memberdef>
      <memberdef kind="function" id="classrelExprRelOp_1a8be2d83b5aa975cf28b2d8a00bdfecf8" prot="public" static="no" const="no" explicit="no" inline="yes" virt="virtual">
        <type><ref refid="classbddRelation" kindref="compound">bddRelation</ref></type>
        <definition>virtual bddRelation relExprRelOp::interpret</definition>
        <argsstring>(bddSymTab *pSymTab)</argsstring>
        <name>interpret</name>
        <reimplements refid="classrelExpression_1a2659d1b3b785d5d00993a0364577bc61">interpret</reimplements>
        <param>
          <type><ref refid="classbddSymTab" kindref="compound">bddSymTab</ref> *</type>
          <declname>pSymTab</declname>
        </param>
        <briefdescription>
        </briefdescription>
        <detaileddescription>
        </detaileddescription>
        <inbodydescription>
        </inbodydescription>
        <location file="relExpression.h" line="806" bodyfile="relExpression.h" bodystart="805" bodyend="822"/>
        <references refid="classrelExpression_1a2659d1b3b785d5d00993a0364577bc61">relExpression::interpret</references>
        <references refid="classrelExprRelOp_1aaefc0a1648a8e5277f875f10fc066282" compoundref="relExpression_8h" startline="777">mExpr1</references>
        <references refid="classrelExprRelOp_1a981c701834912aa7900ccd34a7dfe35d" compoundref="relExpression_8h" startline="779">mExpr2</references>
        <references refid="classrelExprRelOp_1ab14ab1ff96adc234eba3acf62044c858" compoundref="relExpression_8h" startline="778">mRelOp</references>
        <references refid="classbddRelation_1a8304d06b4943b2d7b2e111e1307e95db" compoundref="bddRelation_8h" startline="311" endline="313">bddRelation::setContains</references>
        <references refid="classbddRelation_1a230afed75845fcfb9f9246c032f6e26f" compoundref="bddRelation_8h" startline="305" endline="307">bddRelation::setEqual</references>
      </memberdef>
      </sectiondef>
    <briefdescription>
    </briefdescription>
    <detaileddescription>
    </detaileddescription>
    <inheritancegraph>
      <node id="165">
        <label>relExpression</label>
        <link refid="classrelExpression"/>
        <childnode refid="166" relation="public-inheritance">
        </childnode>
      </node>
      <node id="164">
        <label>relExprRelOp</label>
        <link refid="classrelExprRelOp"/>
        <childnode refid="165" relation="public-inheritance">
        </childnode>
      </node>
      <node id="166">
        <label>relObject</label>
        <link refid="classrelObject"/>
      </node>
    </inheritancegraph>
    <collaborationgraph>
      <node id="168">
        <label>relExpression</label>
        <link refid="classrelExpression"/>
        <childnode refid="169" relation="public-inheritance">
        </childnode>
      </node>
      <node id="171">
        <label>string *</label>
      </node>
      <node id="167">
        <label>relExprRelOp</label>
        <link refid="classrelExprRelOp"/>
        <childnode refid="168" relation="public-inheritance">
        </childnode>
        <childnode refid="171" relation="usage">
          <edgelabel>mRelOp</edgelabel>
        </childnode>
        <childnode refid="168" relation="usage">
          <edgelabel>mExpr1</edgelabel>
          <edgelabel>mExpr2</edgelabel>
        </childnode>
      </node>
      <node id="169">
        <label>relObject</label>
        <link refid="classrelObject"/>
        <childnode refid="170" relation="usage">
          <edgelabel>count</edgelabel>
        </childnode>
      </node>
      <node id="170">
        <label>static long</label>
      </node>
    </collaborationgraph>
    <location file="relExpression.h" line="775" bodyfile="relExpression.h" bodystart="774" bodyend="823"/>
    <listofallmembers>
      <member refid="classrelExprRelOp_1ae7dbae94228627f4c5f1978ffbb2b1de" prot="public" virt="virtual"><scope>relExprRelOp</scope><name>collectFreeAttrs</name></member>
      <member refid="classrelObject_1ad987378e185fff56551fb78be0a3e971" prot="public" virt="non-virtual"><scope>relExprRelOp</scope><name>GetCount</name></member>
      <member refid="classrelExprRelOp_1a8be2d83b5aa975cf28b2d8a00bdfecf8" prot="public" virt="virtual"><scope>relExprRelOp</scope><name>interpret</name></member>
      <member refid="classrelExprRelOp_1aaefc0a1648a8e5277f875f10fc066282" prot="private" virt="non-virtual"><scope>relExprRelOp</scope><name>mExpr1</name></member>
      <member refid="classrelExprRelOp_1a981c701834912aa7900ccd34a7dfe35d" prot="private" virt="non-virtual"><scope>relExprRelOp</scope><name>mExpr2</name></member>
      <member refid="classrelExprRelOp_1ab14ab1ff96adc234eba3acf62044c858" prot="private" virt="non-virtual"><scope>relExprRelOp</scope><name>mRelOp</name></member>
      <member refid="classrelExprRelOp_1a397870ec9b750fa84345a91891763f8f" prot="public" virt="non-virtual"><scope>relExprRelOp</scope><name>relExprRelOp</name></member>
      <member refid="classrelObject_1aa8fc3941bf9f84e8cf90a821cb0a2d15" prot="public" virt="non-virtual"><scope>relExprRelOp</scope><name>relObject</name></member>
      <member refid="classrelObject_1a88249926871015e4149a7468ec845b99" prot="public" virt="non-virtual"><scope>relExprRelOp</scope><name>relObject</name></member>
      <member refid="classrelExprRelOp_1adad955a3416ef09f6cccac89c644b3b2" prot="public" virt="non-virtual"><scope>relExprRelOp</scope><name>~relExprRelOp</name></member>
      <member refid="classrelObject_1a4fb533b43971834655cd0cb1323f979b" prot="public" virt="virtual"><scope>relExprRelOp</scope><name>~relObject</name></member>
    </listofallmembers>
  </compounddef>
</doxygen>
