<?xml version='1.0' encoding='UTF-8' standalone='no'?>
<doxygen xmlns:xsi="http://www.w3.org/2001/XMLSchema-instance" xsi:noNamespaceSchemaLocation="compound.xsd" version="1.6.1">
  <compounddef id="classrelStmtAssignStr" kind="class" prot="public">
    <compoundname>relStmtAssignStr</compoundname>
    <basecompoundref refid="classrelStatement" prot="public" virt="non-virtual">relStatement</basecompoundref>
    <includes refid="relStatement_8h" local="no">relStatement.h</includes>
      <sectiondef kind="private-attrib">
      <memberdef kind="variable" id="classrelStmtAssignStr_1aec88a255f4a245f25f32913226848369" prot="private" static="no" mutable="no">
        <type>string *</type>
        <definition>string* relStmtAssignStr::mVar</definition>
        <argsstring></argsstring>
        <name>mVar</name>
        <briefdescription>
        </briefdescription>
        <detaileddescription>
        </detaileddescription>
        <inbodydescription>
        </inbodydescription>
        <location file="relStatement.h" line="283" bodyfile="relStatement.h" bodystart="283" bodyend="-1"/>
      </memberdef>
      <memberdef kind="variable" id="classrelStmtAssignStr_1a6464f02739da1ba60d0bd2334396afe9" prot="private" static="no" mutable="no">
        <type><ref refid="classrelStrExpr" kindref="compound">relStrExpr</ref> *</type>
        <definition>relStrExpr* relStmtAssignStr::mExpr</definition>
        <argsstring></argsstring>
        <name>mExpr</name>
        <briefdescription>
        </briefdescription>
        <detaileddescription>
        </detaileddescription>
        <inbodydescription>
        </inbodydescription>
        <location file="relStatement.h" line="284" bodyfile="relStatement.h" bodystart="284" bodyend="-1"/>
      </memberdef>
      </sectiondef>
      <sectiondef kind="public-func">
      <memberdef kind="function" id="classrelStmtAssignStr_1ace16f3613dc7a41d01b414695d7619f6" prot="public" static="no" const="no" explicit="no" inline="yes" virt="non-virtual">
        <type></type>
        <definition>relStmtAssignStr::relStmtAssignStr</definition>
        <argsstring>(string *pVar, relStrExpr *pExpr)</argsstring>
        <name>relStmtAssignStr</name>
        <param>
          <type>string *</type>
          <declname>pVar</declname>
        </param>
        <param>
          <type><ref refid="classrelStrExpr" kindref="compound">relStrExpr</ref> *</type>
          <declname>pExpr</declname>
        </param>
        <briefdescription>
        </briefdescription>
        <detaileddescription>
        </detaileddescription>
        <inbodydescription>
        </inbodydescription>
        <location file="relStatement.h" line="291" bodyfile="relStatement.h" bodystart="287" bodyend="291"/>
      </memberdef>
      <memberdef kind="function" id="classrelStmtAssignStr_1af462ea38207e6786ea793de9271ab66b" prot="public" static="no" const="no" explicit="no" inline="yes" virt="non-virtual">
        <type></type>
        <definition>relStmtAssignStr::~relStmtAssignStr</definition>
        <argsstring>()</argsstring>
        <name>~relStmtAssignStr</name>
        <briefdescription>
        </briefdescription>
        <detaileddescription>
        </detaileddescription>
        <inbodydescription>
        </inbodydescription>
        <location file="relStatement.h" line="294" bodyfile="relStatement.h" bodystart="293" bodyend="297"/>
        <references refid="classrelStmtAssignStr_1a6464f02739da1ba60d0bd2334396afe9" compoundref="relStatement_8h" startline="284">mExpr</references>
        <references refid="classrelStmtAssignStr_1aec88a255f4a245f25f32913226848369" compoundref="relStatement_8h" startline="283">mVar</references>
      </memberdef>
      <memberdef kind="function" id="classrelStmtAssignStr_1a2fcf592a597a26caad3c2abc8192bcc8" prot="public" static="no" const="no" explicit="no" inline="yes" virt="virtual">
        <type>void</type>
        <definition>virtual void relStmtAssignStr::interpret</definition>
        <argsstring>(bddSymTab *pSymTab)</argsstring>
        <name>interpret</name>
        <reimplements refid="classrelStatement_1a9b50ccc1d8f5a9df3dbe754be438f8da">interpret</reimplements>
        <param>
          <type><ref refid="classbddSymTab" kindref="compound">bddSymTab</ref> *</type>
          <declname>pSymTab</declname>
        </param>
        <briefdescription>
        </briefdescription>
        <detaileddescription>
        </detaileddescription>
        <inbodydescription>
        </inbodydescription>
        <location file="relStatement.h" line="301" bodyfile="relStatement.h" bodystart="300" bodyend="314"/>
        <references refid="crocopat_8cpp_1a92c4a8dafce942b863e49715ceea637b" compoundref="crocopat_8cpp" startline="65">gAttributePrefix</references>
        <references refid="crocopat_8cpp_1aaa4271014ffca3d5839db383c88c5ea9" compoundref="crocopat_8cpp" startline="56">gVariables</references>
        <references refid="classrelStrExpr_1a0602ca1fd170fd99c43c1d59e9180c55">relStrExpr::interpret</references>
        <references refid="classrelStmtAssignStr_1a6464f02739da1ba60d0bd2334396afe9" compoundref="relStatement_8h" startline="284">mExpr</references>
        <references refid="classrelStmtAssignStr_1aec88a255f4a245f25f32913226848369" compoundref="relStatement_8h" startline="283">mVar</references>
        <references refid="classbddSymTab_1a2d9b02e91e849f7c1efbe90f0133735d" compoundref="bddSymTab_8h" startline="232" endline="252">bddSymTab::removeUserAttributes</references>
      </memberdef>
      </sectiondef>
    <briefdescription>
    </briefdescription>
    <detaileddescription>
    </detaileddescription>
    <inheritancegraph>
      <node id="456">
        <label>relStatement</label>
        <link refid="classrelStatement"/>
        <childnode refid="457" relation="public-inheritance">
        </childnode>
      </node>
      <node id="457">
        <label>relObject</label>
        <link refid="classrelObject"/>
      </node>
      <node id="455">
        <label>relStmtAssignStr</label>
        <link refid="classrelStmtAssignStr"/>
        <childnode refid="456" relation="public-inheritance">
        </childnode>
      </node>
    </inheritancegraph>
    <collaborationgraph>
      <node id="463">
        <label>relStrExpr</label>
        <link refid="classrelStrExpr"/>
        <childnode refid="460" relation="public-inheritance">
        </childnode>
      </node>
      <node id="462">
        <label>string</label>
      </node>
      <node id="459">
        <label>relStatement</label>
        <link refid="classrelStatement"/>
        <childnode refid="460" relation="public-inheritance">
        </childnode>
      </node>
      <node id="460">
        <label>relObject</label>
        <link refid="classrelObject"/>
        <childnode refid="461" relation="usage">
          <edgelabel>count</edgelabel>
        </childnode>
      </node>
      <node id="458">
        <label>relStmtAssignStr</label>
        <link refid="classrelStmtAssignStr"/>
        <childnode refid="459" relation="public-inheritance">
        </childnode>
        <childnode refid="462" relation="usage">
          <edgelabel>mVar</edgelabel>
        </childnode>
        <childnode refid="463" relation="usage">
          <edgelabel>mExpr</edgelabel>
        </childnode>
      </node>
      <node id="461">
        <label>static long</label>
      </node>
    </collaborationgraph>
    <location file="relStatement.h" line="281" bodyfile="relStatement.h" bodystart="280" bodyend="315"/>
    <listofallmembers>
      <member refid="classrelObject_1ad987378e185fff56551fb78be0a3e971" prot="public" virt="non-virtual"><scope>relStmtAssignStr</scope><name>GetCount</name></member>
      <member refid="classrelStmtAssignStr_1a2fcf592a597a26caad3c2abc8192bcc8" prot="public" virt="virtual"><scope>relStmtAssignStr</scope><name>interpret</name></member>
      <member refid="classrelStmtAssignStr_1a6464f02739da1ba60d0bd2334396afe9" prot="private" virt="non-virtual"><scope>relStmtAssignStr</scope><name>mExpr</name></member>
      <member refid="classrelStmtAssignStr_1aec88a255f4a245f25f32913226848369" prot="private" virt="non-virtual"><scope>relStmtAssignStr</scope><name>mVar</name></member>
      <member refid="classrelObject_1aa8fc3941bf9f84e8cf90a821cb0a2d15" prot="public" virt="non-virtual"><scope>relStmtAssignStr</scope><name>relObject</name></member>
      <member refid="classrelObject_1a88249926871015e4149a7468ec845b99" prot="public" virt="non-virtual"><scope>relStmtAssignStr</scope><name>relObject</name></member>
      <member refid="classrelStmtAssignStr_1ace16f3613dc7a41d01b414695d7619f6" prot="public" virt="non-virtual"><scope>relStmtAssignStr</scope><name>relStmtAssignStr</name></member>
      <member refid="classrelObject_1a4fb533b43971834655cd0cb1323f979b" prot="public" virt="virtual"><scope>relStmtAssignStr</scope><name>~relObject</name></member>
      <member refid="classrelStmtAssignStr_1af462ea38207e6786ea793de9271ab66b" prot="public" virt="non-virtual"><scope>relStmtAssignStr</scope><name>~relStmtAssignStr</name></member>
    </listofallmembers>
  </compounddef>
</doxygen>
