<?xml version='1.0' encoding='UTF-8' standalone='no'?>
<doxygen xmlns:xsi="http://www.w3.org/2001/XMLSchema-instance" xsi:noNamespaceSchemaLocation="compound.xsd" version="1.6.1">
  <compounddef id="classrelTermAttribute" kind="class" prot="public">
    <compoundname>relTermAttribute</compoundname>
    <basecompoundref refid="classrelTerm" prot="public" virt="non-virtual">relTerm</basecompoundref>
    <includes refid="relTerm_8h" local="no">relTerm.h</includes>
      <sectiondef kind="private-attrib">
      <memberdef kind="variable" id="classrelTermAttribute_1aede36d3b7a16a6326119452ddf1fbbc6" prot="private" static="no" mutable="no">
        <type>string *</type>
        <definition>string* relTermAttribute::mAttribute</definition>
        <argsstring></argsstring>
        <name>mAttribute</name>
        <briefdescription>
        </briefdescription>
        <detaileddescription>
        </detaileddescription>
        <inbodydescription>
        </inbodydescription>
        <location file="relTerm.h" line="49" bodyfile="relTerm.h" bodystart="49" bodyend="-1"/>
      </memberdef>
      </sectiondef>
      <sectiondef kind="public-func">
      <memberdef kind="function" id="classrelTermAttribute_1a5ee1a6367579076284b8a83253511516" prot="public" static="no" const="no" explicit="no" inline="yes" virt="non-virtual">
        <type></type>
        <definition>relTermAttribute::relTermAttribute</definition>
        <argsstring>(string *pAttribute)</argsstring>
        <name>relTermAttribute</name>
        <param>
          <type>string *</type>
          <declname>pAttribute</declname>
        </param>
        <briefdescription>
        </briefdescription>
        <detaileddescription>
        </detaileddescription>
        <inbodydescription>
        </inbodydescription>
        <location file="relTerm.h" line="54" bodyfile="relTerm.h" bodystart="52" bodyend="54"/>
      </memberdef>
      <memberdef kind="function" id="classrelTermAttribute_1a6e49e946cdb2014919779c6b0ef5db4c" prot="public" static="no" const="no" explicit="no" inline="yes" virt="non-virtual">
        <type></type>
        <definition>relTermAttribute::~relTermAttribute</definition>
        <argsstring>()</argsstring>
        <name>~relTermAttribute</name>
        <briefdescription>
        </briefdescription>
        <detaileddescription>
        </detaileddescription>
        <inbodydescription>
        </inbodydescription>
        <location file="relTerm.h" line="57" bodyfile="relTerm.h" bodystart="56" bodyend="59"/>
        <references refid="classrelTermAttribute_1aede36d3b7a16a6326119452ddf1fbbc6" compoundref="relTerm_8h" startline="49">mAttribute</references>
      </memberdef>
      <memberdef kind="function" id="classrelTermAttribute_1a1cc9ac4b55e486a87e9e0f11d632f786" prot="public" static="no" const="no" explicit="no" inline="yes" virt="virtual">
        <type>string</type>
        <definition>virtual string relTermAttribute::interpret</definition>
        <argsstring>(bddSymTab *pSymTab)</argsstring>
        <name>interpret</name>
        <reimplements refid="classrelTerm_1ae109241ae14902a11310a27a3fde4821">interpret</reimplements>
        <param>
          <type><ref refid="classbddSymTab" kindref="compound">bddSymTab</ref> *</type>
          <declname>pSymTab</declname>
        </param>
        <briefdescription>
        </briefdescription>
        <detaileddescription>
        </detaileddescription>
        <inbodydescription>
        </inbodydescription>
        <location file="relTerm.h" line="63" bodyfile="relTerm.h" bodystart="62" bodyend="69"/>
        <references refid="classbddSymTab_1a00ec3683887e1a65bc4c7297f7dcfdfc" compoundref="bddSymTab_8h" startline="146" endline="147">bddSymTab::getUniverseSize</references>
        <references refid="classrelTermAttribute_1aede36d3b7a16a6326119452ddf1fbbc6" compoundref="relTerm_8h" startline="49">mAttribute</references>
      </memberdef>
      </sectiondef>
    <briefdescription>
    </briefdescription>
    <detaileddescription>
    </detaileddescription>
    <inheritancegraph>
      <node id="613">
        <label>relTerm</label>
        <link refid="classrelTerm"/>
        <childnode refid="614" relation="public-inheritance">
        </childnode>
      </node>
      <node id="614">
        <label>relObject</label>
        <link refid="classrelObject"/>
      </node>
      <node id="612">
        <label>relTermAttribute</label>
        <link refid="classrelTermAttribute"/>
        <childnode refid="613" relation="public-inheritance">
        </childnode>
      </node>
    </inheritancegraph>
    <collaborationgraph>
      <node id="616">
        <label>relTerm</label>
        <link refid="classrelTerm"/>
        <childnode refid="617" relation="public-inheritance">
        </childnode>
      </node>
      <node id="619">
        <label>string</label>
      </node>
      <node id="617">
        <label>relObject</label>
        <link refid="classrelObject"/>
        <childnode refid="618" relation="usage">
          <edgelabel>count</edgelabel>
        </childnode>
      </node>
      <node id="618">
        <label>static long</label>
      </node>
      <node id="615">
        <label>relTermAttribute</label>
        <link refid="classrelTermAttribute"/>
        <childnode refid="616" relation="public-inheritance">
        </childnode>
        <childnode refid="619" relation="usage">
          <edgelabel>mAttribute</edgelabel>
        </childnode>
      </node>
    </collaborationgraph>
    <location file="relTerm.h" line="47" bodyfile="relTerm.h" bodystart="46" bodyend="70"/>
    <listofallmembers>
      <member refid="classrelObject_1ad987378e185fff56551fb78be0a3e971" prot="public" virt="non-virtual"><scope>relTermAttribute</scope><name>GetCount</name></member>
      <member refid="classrelTermAttribute_1a1cc9ac4b55e486a87e9e0f11d632f786" prot="public" virt="virtual"><scope>relTermAttribute</scope><name>interpret</name></member>
      <member refid="classrelTermAttribute_1aede36d3b7a16a6326119452ddf1fbbc6" prot="private" virt="non-virtual"><scope>relTermAttribute</scope><name>mAttribute</name></member>
      <member refid="classrelObject_1aa8fc3941bf9f84e8cf90a821cb0a2d15" prot="public" virt="non-virtual"><scope>relTermAttribute</scope><name>relObject</name></member>
      <member refid="classrelObject_1a88249926871015e4149a7468ec845b99" prot="public" virt="non-virtual"><scope>relTermAttribute</scope><name>relObject</name></member>
      <member refid="classrelTermAttribute_1a5ee1a6367579076284b8a83253511516" prot="public" virt="non-virtual"><scope>relTermAttribute</scope><name>relTermAttribute</name></member>
      <member refid="classrelObject_1a4fb533b43971834655cd0cb1323f979b" prot="public" virt="virtual"><scope>relTermAttribute</scope><name>~relObject</name></member>
      <member refid="classrelTermAttribute_1a6e49e946cdb2014919779c6b0ef5db4c" prot="public" virt="non-virtual"><scope>relTermAttribute</scope><name>~relTermAttribute</name></member>
    </listofallmembers>
  </compounddef>
</doxygen>
