<?xml version='1.0' encoding='UTF-8' standalone='no'?>
<doxygen xmlns:xsi="http://www.w3.org/2001/XMLSchema-instance" xsi:noNamespaceSchemaLocation="compound.xsd" version="1.6.1">
  <compounddef id="classrelNumExprTimeElapsed" kind="class" prot="public">
    <compoundname>relNumExprTimeElapsed</compoundname>
    <basecompoundref refid="classrelNumExpr" prot="public" virt="non-virtual">relNumExpr</basecompoundref>
    <includes refid="relNumExpr_8h" local="no">relNumExpr.h</includes>
      <sectiondef kind="public-func">
      <memberdef kind="function" id="classrelNumExprTimeElapsed_1ab7766ea0b9e7f076171e0ca41e73a20d" prot="public" static="no" const="no" explicit="no" inline="yes" virt="non-virtual">
        <type></type>
        <definition>relNumExprTimeElapsed::relNumExprTimeElapsed</definition>
        <argsstring>()</argsstring>
        <name>relNumExprTimeElapsed</name>
        <briefdescription>
        </briefdescription>
        <detaileddescription>
        </detaileddescription>
        <inbodydescription>
        </inbodydescription>
        <location file="relNumExpr.h" line="228" bodyfile="relNumExpr.h" bodystart="227" bodyend="228"/>
      </memberdef>
      <memberdef kind="function" id="classrelNumExprTimeElapsed_1a0bb4713bfcd43af5dab681f641d8e526" prot="public" static="no" const="no" explicit="no" inline="yes" virt="non-virtual">
        <type></type>
        <definition>relNumExprTimeElapsed::~relNumExprTimeElapsed</definition>
        <argsstring>()</argsstring>
        <name>~relNumExprTimeElapsed</name>
        <briefdescription>
        </briefdescription>
        <detaileddescription>
        </detaileddescription>
        <inbodydescription>
        </inbodydescription>
        <location file="relNumExpr.h" line="231" bodyfile="relNumExpr.h" bodystart="230" bodyend="231"/>
      </memberdef>
      <memberdef kind="function" id="classrelNumExprTimeElapsed_1acfc4864762fdb76ed637ba69df4ccc6c" prot="public" static="no" const="no" explicit="no" inline="yes" virt="virtual">
        <type><ref refid="classrelNumber" kindref="compound">relNumber</ref></type>
        <definition>virtual relNumber relNumExprTimeElapsed::interpret</definition>
        <argsstring>(bddSymTab *pSymTab)</argsstring>
        <name>interpret</name>
        <reimplements refid="classrelNumExpr_1a7ce9c0b7d5a76a66666afba031af28f6">interpret</reimplements>
        <param>
          <type><ref refid="classbddSymTab" kindref="compound">bddSymTab</ref> *</type>
          <declname>pSymTab</declname>
        </param>
        <briefdescription>
        </briefdescription>
        <detaileddescription>
        </detaileddescription>
        <inbodydescription>
        </inbodydescription>
        <location file="relNumExpr.h" line="235" bodyfile="relNumExpr.h" bodystart="234" bodyend="237"/>
        <references refid="crocopat_8cpp_1afb19d21ecfbd068a2f9c63ae52939df2" compoundref="crocopat_8cpp" startline="107" endline="112">elapsed</references>
      </memberdef>
      </sectiondef>
    <briefdescription>
    </briefdescription>
    <detaileddescription>
    </detaileddescription>
    <inheritancegraph>
      <node id="240">
        <label>relNumExpr</label>
        <link refid="classrelNumExpr"/>
        <childnode refid="241" relation="public-inheritance">
        </childnode>
      </node>
      <node id="241">
        <label>relObject</label>
        <link refid="classrelObject"/>
      </node>
      <node id="239">
        <label>relNumExprTimeElapsed</label>
        <link refid="classrelNumExprTimeElapsed"/>
        <childnode refid="240" relation="public-inheritance">
        </childnode>
      </node>
    </inheritancegraph>
    <collaborationgraph>
      <node id="243">
        <label>relNumExpr</label>
        <link refid="classrelNumExpr"/>
        <childnode refid="244" relation="public-inheritance">
        </childnode>
      </node>
      <node id="244">
        <label>relObject</label>
        <link refid="classrelObject"/>
        <childnode refid="245" relation="usage">
          <edgelabel>count</edgelabel>
        </childnode>
      </node>
      <node id="242">
        <label>relNumExprTimeElapsed</label>
        <link refid="classrelNumExprTimeElapsed"/>
        <childnode refid="243" relation="public-inheritance">
        </childnode>
      </node>
      <node id="245">
        <label>static long</label>
      </node>
    </collaborationgraph>
    <location file="relNumExpr.h" line="223" bodyfile="relNumExpr.h" bodystart="222" bodyend="238"/>
    <listofallmembers>
      <member refid="classrelObject_1ad987378e185fff56551fb78be0a3e971" prot="public" virt="non-virtual"><scope>relNumExprTimeElapsed</scope><name>GetCount</name></member>
      <member refid="classrelNumExprTimeElapsed_1acfc4864762fdb76ed637ba69df4ccc6c" prot="public" virt="virtual"><scope>relNumExprTimeElapsed</scope><name>interpret</name></member>
      <member refid="classrelNumExprTimeElapsed_1ab7766ea0b9e7f076171e0ca41e73a20d" prot="public" virt="non-virtual"><scope>relNumExprTimeElapsed</scope><name>relNumExprTimeElapsed</name></member>
      <member refid="classrelObject_1aa8fc3941bf9f84e8cf90a821cb0a2d15" prot="public" virt="non-virtual"><scope>relNumExprTimeElapsed</scope><name>relObject</name></member>
      <member refid="classrelObject_1a88249926871015e4149a7468ec845b99" prot="public" virt="non-virtual"><scope>relNumExprTimeElapsed</scope><name>relObject</name></member>
      <member refid="classrelNumExprTimeElapsed_1a0bb4713bfcd43af5dab681f641d8e526" prot="public" virt="non-virtual"><scope>relNumExprTimeElapsed</scope><name>~relNumExprTimeElapsed</name></member>
      <member refid="classrelObject_1a4fb533b43971834655cd0cb1323f979b" prot="public" virt="virtual"><scope>relNumExprTimeElapsed</scope><name>~relObject</name></member>
    </listofallmembers>
  </compounddef>
</doxygen>
