<?xml version='1.0' encoding='UTF-8' standalone='no'?>
<doxygen xmlns:xsi="http://www.w3.org/2001/XMLSchema-instance" xsi:noNamespaceSchemaLocation="compound.xsd" version="1.6.1">
  <compounddef id="classrelExprEquiv" kind="class" prot="public">
    <compoundname>relExprEquiv</compoundname>
    <basecompoundref refid="classrelExpression" prot="public" virt="non-virtual">relExpression</basecompoundref>
    <includes refid="relExpression_8h" local="no">relExpression.h</includes>
      <sectiondef kind="private-attrib">
      <memberdef kind="variable" id="classrelExprEquiv_1aeac8f34a16cf725d9425fe7910fce1a2" prot="private" static="no" mutable="no">
        <type><ref refid="classrelExpression" kindref="compound">relExpression</ref> *</type>
        <definition>relExpression* relExprEquiv::mExpr1</definition>
        <argsstring></argsstring>
        <name>mExpr1</name>
        <briefdescription>
        </briefdescription>
        <detaileddescription>
        </detaileddescription>
        <inbodydescription>
        </inbodydescription>
        <location file="relExpression.h" line="459" bodyfile="relExpression.h" bodystart="459" bodyend="-1"/>
      </memberdef>
      <memberdef kind="variable" id="classrelExprEquiv_1acefbf6d88b4a253d3c53890ea0605d62" prot="private" static="no" mutable="no">
        <type><ref refid="classrelExpression" kindref="compound">relExpression</ref> *</type>
        <definition>relExpression* relExprEquiv::mExpr2</definition>
        <argsstring></argsstring>
        <name>mExpr2</name>
        <briefdescription>
        </briefdescription>
        <detaileddescription>
        </detaileddescription>
        <inbodydescription>
        </inbodydescription>
        <location file="relExpression.h" line="460" bodyfile="relExpression.h" bodystart="460" bodyend="-1"/>
      </memberdef>
      </sectiondef>
      <sectiondef kind="public-func">
      <memberdef kind="function" id="classrelExprEquiv_1a278e3edc928b1caf77477971001e75b4" prot="public" static="no" const="no" explicit="no" inline="yes" virt="non-virtual">
        <type></type>
        <definition>relExprEquiv::relExprEquiv</definition>
        <argsstring>(relExpression *pExpr1, relExpression *pExpr2)</argsstring>
        <name>relExprEquiv</name>
        <param>
          <type><ref refid="classrelExpression" kindref="compound">relExpression</ref> *</type>
          <declname>pExpr1</declname>
        </param>
        <param>
          <type><ref refid="classrelExpression" kindref="compound">relExpression</ref> *</type>
          <declname>pExpr2</declname>
        </param>
        <briefdescription>
        </briefdescription>
        <detaileddescription>
        </detaileddescription>
        <inbodydescription>
        </inbodydescription>
        <location file="relExpression.h" line="466" bodyfile="relExpression.h" bodystart="463" bodyend="466"/>
      </memberdef>
      <memberdef kind="function" id="classrelExprEquiv_1a11bc39a460835806ce833323986fef6a" prot="public" static="no" const="no" explicit="no" inline="yes" virt="non-virtual">
        <type></type>
        <definition>relExprEquiv::~relExprEquiv</definition>
        <argsstring>()</argsstring>
        <name>~relExprEquiv</name>
        <briefdescription>
        </briefdescription>
        <detaileddescription>
        </detaileddescription>
        <inbodydescription>
        </inbodydescription>
        <location file="relExpression.h" line="469" bodyfile="relExpression.h" bodystart="468" bodyend="472"/>
        <references refid="classrelExprEquiv_1aeac8f34a16cf725d9425fe7910fce1a2" compoundref="relExpression_8h" startline="459">mExpr1</references>
        <references refid="classrelExprEquiv_1acefbf6d88b4a253d3c53890ea0605d62" compoundref="relExpression_8h" startline="460">mExpr2</references>
      </memberdef>
      <memberdef kind="function" id="classrelExprEquiv_1a48deef8135063519e6bbdfaea6392495" prot="public" static="no" const="no" explicit="no" inline="yes" virt="virtual">
        <type>set&lt; string &gt;</type>
        <definition>virtual set&lt;string&gt; relExprEquiv::collectFreeAttrs</definition>
        <argsstring>()</argsstring>
        <name>collectFreeAttrs</name>
        <reimplements refid="classrelExpression_1a4f5effc1cf304db906371c978d8830dc">collectFreeAttrs</reimplements>
        <briefdescription>
        </briefdescription>
        <detaileddescription>
        </detaileddescription>
        <inbodydescription>
        </inbodydescription>
        <location file="relExpression.h" line="476" bodyfile="relExpression.h" bodystart="475" bodyend="481"/>
        <references refid="classrelExpression_1a4f5effc1cf304db906371c978d8830dc">relExpression::collectFreeAttrs</references>
        <references refid="classrelExprEquiv_1aeac8f34a16cf725d9425fe7910fce1a2" compoundref="relExpression_8h" startline="459">mExpr1</references>
        <references refid="classrelExprEquiv_1acefbf6d88b4a253d3c53890ea0605d62" compoundref="relExpression_8h" startline="460">mExpr2</references>
      </memberdef>
      <memberdef kind="function" id="classrelExprEquiv_1a1ea7ba566ca06144d487f830bc6dc9d4" prot="public" static="no" const="no" explicit="no" inline="yes" virt="virtual">
        <type><ref refid="classbddRelation" kindref="compound">bddRelation</ref></type>
        <definition>virtual bddRelation relExprEquiv::interpret</definition>
        <argsstring>(bddSymTab *pSymTab)</argsstring>
        <name>interpret</name>
        <reimplements refid="classrelExpression_1a2659d1b3b785d5d00993a0364577bc61">interpret</reimplements>
        <param>
          <type><ref refid="classbddSymTab" kindref="compound">bddSymTab</ref> *</type>
          <declname>pSymTab</declname>
        </param>
        <briefdescription>
        </briefdescription>
        <detaileddescription>
        </detaileddescription>
        <inbodydescription>
        </inbodydescription>
        <location file="relExpression.h" line="485" bodyfile="relExpression.h" bodystart="484" bodyend="496"/>
        <references refid="classbddRelation_1a689ae88ba64f8e7f83bc7209593fb63d" compoundref="bddRelation_8h" startline="321" endline="323">bddRelation::complement</references>
        <references refid="classrelExpression_1a2659d1b3b785d5d00993a0364577bc61">relExpression::interpret</references>
        <references refid="classbddRelation_1a1b120249b8f114c58703428728a2bcb0" compoundref="bddRelation_8h" startline="331" endline="333">bddRelation::intersect</references>
        <references refid="classrelExprEquiv_1aeac8f34a16cf725d9425fe7910fce1a2" compoundref="relExpression_8h" startline="459">mExpr1</references>
        <references refid="classrelExprEquiv_1acefbf6d88b4a253d3c53890ea0605d62" compoundref="relExpression_8h" startline="460">mExpr2</references>
        <references refid="classbddRelation_1a6d73f50efc75bb8e525835f8c6d1fb1b" compoundref="bddRelation_8h" startline="326" endline="328">bddRelation::unite</references>
      </memberdef>
      </sectiondef>
    <briefdescription>
    </briefdescription>
    <detaileddescription>
    </detaileddescription>
    <inheritancegraph>
      <node id="102">
        <label>relExpression</label>
        <link refid="classrelExpression"/>
        <childnode refid="103" relation="public-inheritance">
        </childnode>
      </node>
      <node id="103">
        <label>relObject</label>
        <link refid="classrelObject"/>
      </node>
      <node id="101">
        <label>relExprEquiv</label>
        <link refid="classrelExprEquiv"/>
        <childnode refid="102" relation="public-inheritance">
        </childnode>
      </node>
    </inheritancegraph>
    <collaborationgraph>
      <node id="105">
        <label>relExpression</label>
        <link refid="classrelExpression"/>
        <childnode refid="106" relation="public-inheritance">
        </childnode>
      </node>
      <node id="106">
        <label>relObject</label>
        <link refid="classrelObject"/>
        <childnode refid="107" relation="usage">
          <edgelabel>count</edgelabel>
        </childnode>
      </node>
      <node id="107">
        <label>static long</label>
      </node>
      <node id="104">
        <label>relExprEquiv</label>
        <link refid="classrelExprEquiv"/>
        <childnode refid="105" relation="public-inheritance">
        </childnode>
        <childnode refid="105" relation="usage">
          <edgelabel>mExpr1</edgelabel>
          <edgelabel>mExpr2</edgelabel>
        </childnode>
      </node>
    </collaborationgraph>
    <location file="relExpression.h" line="457" bodyfile="relExpression.h" bodystart="456" bodyend="497"/>
    <listofallmembers>
      <member refid="classrelExprEquiv_1a48deef8135063519e6bbdfaea6392495" prot="public" virt="virtual"><scope>relExprEquiv</scope><name>collectFreeAttrs</name></member>
      <member refid="classrelObject_1ad987378e185fff56551fb78be0a3e971" prot="public" virt="non-virtual"><scope>relExprEquiv</scope><name>GetCount</name></member>
      <member refid="classrelExprEquiv_1a1ea7ba566ca06144d487f830bc6dc9d4" prot="public" virt="virtual"><scope>relExprEquiv</scope><name>interpret</name></member>
      <member refid="classrelExprEquiv_1aeac8f34a16cf725d9425fe7910fce1a2" prot="private" virt="non-virtual"><scope>relExprEquiv</scope><name>mExpr1</name></member>
      <member refid="classrelExprEquiv_1acefbf6d88b4a253d3c53890ea0605d62" prot="private" virt="non-virtual"><scope>relExprEquiv</scope><name>mExpr2</name></member>
      <member refid="classrelExprEquiv_1a278e3edc928b1caf77477971001e75b4" prot="public" virt="non-virtual"><scope>relExprEquiv</scope><name>relExprEquiv</name></member>
      <member refid="classrelObject_1aa8fc3941bf9f84e8cf90a821cb0a2d15" prot="public" virt="non-virtual"><scope>relExprEquiv</scope><name>relObject</name></member>
      <member refid="classrelObject_1a88249926871015e4149a7468ec845b99" prot="public" virt="non-virtual"><scope>relExprEquiv</scope><name>relObject</name></member>
      <member refid="classrelExprEquiv_1a11bc39a460835806ce833323986fef6a" prot="public" virt="non-virtual"><scope>relExprEquiv</scope><name>~relExprEquiv</name></member>
      <member refid="classrelObject_1a4fb533b43971834655cd0cb1323f979b" prot="public" virt="virtual"><scope>relExprEquiv</scope><name>~relObject</name></member>
    </listofallmembers>
  </compounddef>
</doxygen>
