<?xml version='1.0' encoding='UTF-8' standalone='no'?>
<doxygen xmlns:xsi="http://www.w3.org/2001/XMLSchema-instance" xsi:noNamespaceSchemaLocation="compound.xsd" version="1.6.1">
  <compounddef id="classrelStatement" kind="class" prot="public">
    <compoundname>relStatement</compoundname>
    <basecompoundref refid="classrelObject" prot="public" virt="non-virtual">relObject</basecompoundref>
    <derivedcompoundref refid="classrelStmtAssign" prot="public" virt="non-virtual">relStmtAssign</derivedcompoundref>
    <derivedcompoundref refid="classrelStmtAssignNum" prot="public" virt="non-virtual">relStmtAssignNum</derivedcompoundref>
    <derivedcompoundref refid="classrelStmtAssignStr" prot="public" virt="non-virtual">relStmtAssignStr</derivedcompoundref>
    <derivedcompoundref refid="classrelStmtCall" prot="public" virt="non-virtual">relStmtCall</derivedcompoundref>
    <derivedcompoundref refid="classrelStmtEmpty" prot="public" virt="non-virtual">relStmtEmpty</derivedcompoundref>
    <derivedcompoundref refid="classrelStmtExec" prot="public" virt="non-virtual">relStmtExec</derivedcompoundref>
    <derivedcompoundref refid="classrelStmtExit" prot="public" virt="non-virtual">relStmtExit</derivedcompoundref>
    <derivedcompoundref refid="classrelStmtFor" prot="public" virt="non-virtual">relStmtFor</derivedcompoundref>
    <derivedcompoundref refid="classrelStmtIf" prot="public" virt="non-virtual">relStmtIf</derivedcompoundref>
    <derivedcompoundref refid="classrelStmtPrint" prot="public" virt="non-virtual">relStmtPrint</derivedcompoundref>
    <derivedcompoundref refid="classrelStmtSeq" prot="public" virt="non-virtual">relStmtSeq</derivedcompoundref>
    <derivedcompoundref refid="classrelStmtWhile" prot="public" virt="non-virtual">relStmtWhile</derivedcompoundref>
    <includes refid="relStatement_8h" local="no">relStatement.h</includes>
      <sectiondef kind="public-func">
      <memberdef kind="function" id="classrelStatement_1a9b50ccc1d8f5a9df3dbe754be438f8da" prot="public" static="no" const="no" explicit="no" inline="no" virt="pure-virtual">
        <type>void</type>
        <definition>virtual void relStatement::interpret</definition>
        <argsstring>(bddSymTab *pSymTab)=0</argsstring>
        <name>interpret</name>
        <reimplementedby refid="classrelStmtEmpty_1a941f059dfcdcc0459b5ba46a503657b3">interpret</reimplementedby>
        <reimplementedby refid="classrelStmtExit_1ab02ddfa344349b8217be8997697ea9e3">interpret</reimplementedby>
        <reimplementedby refid="classrelStmtFor_1aa6b901895ef33618ac1d7ca5cb0c9e6b">interpret</reimplementedby>
        <reimplementedby refid="classrelStmtWhile_1a642b71da84c0e36f360ed3308ae44184">interpret</reimplementedby>
        <reimplementedby refid="classrelStmtIf_1a152ed66e4ffe978234dc78652b9bf779">interpret</reimplementedby>
        <reimplementedby refid="classrelStmtExec_1ad5b1c13d945bc4bc3c5b7b94c178c3a1">interpret</reimplementedby>
        <reimplementedby refid="classrelStmtPrint_1a47ca7f44780a912e70c12050fe7056ea">interpret</reimplementedby>
        <reimplementedby refid="classrelStmtAssignStr_1a2fcf592a597a26caad3c2abc8192bcc8">interpret</reimplementedby>
        <reimplementedby refid="classrelStmtAssignNum_1a92d05018dd637d43c5ae65247b92a1c7">interpret</reimplementedby>
        <reimplementedby refid="classrelStmtAssign_1a51224c7ad4ce556f8d9eae288ed157ad">interpret</reimplementedby>
        <reimplementedby refid="classrelStmtCall_1a0d875d392eafe386cf6cf573a9b9818c">interpret</reimplementedby>
        <reimplementedby refid="classrelStmtSeq_1a319095b0c663429b813a2fe1ec6ae47c">interpret</reimplementedby>
        <param>
          <type><ref refid="classbddSymTab" kindref="compound">bddSymTab</ref> *</type>
          <declname>pSymTab</declname>
        </param>
        <briefdescription>
        </briefdescription>
        <detaileddescription>
        </detaileddescription>
        <inbodydescription>
        </inbodydescription>
        <location file="relStatement.h" line="42"/>
      </memberdef>
      </sectiondef>
    <briefdescription>
    </briefdescription>
    <detaileddescription>
    </detaileddescription>
    <inheritancegraph>
      <node id="424">
        <label>relStmtCall</label>
        <link refid="classrelStmtCall"/>
        <childnode refid="419" relation="public-inheritance">
        </childnode>
      </node>
      <node id="427">
        <label>relStmtExit</label>
        <link refid="classrelStmtExit"/>
        <childnode refid="419" relation="public-inheritance">
        </childnode>
      </node>
      <node id="422">
        <label>relStmtAssignNum</label>
        <link refid="classrelStmtAssignNum"/>
        <childnode refid="419" relation="public-inheritance">
        </childnode>
      </node>
      <node id="428">
        <label>relStmtFor</label>
        <link refid="classrelStmtFor"/>
        <childnode refid="419" relation="public-inheritance">
        </childnode>
      </node>
      <node id="432">
        <label>relStmtWhile</label>
        <link refid="classrelStmtWhile"/>
        <childnode refid="419" relation="public-inheritance">
        </childnode>
      </node>
      <node id="419">
        <label>relStatement</label>
        <link refid="classrelStatement"/>
        <childnode refid="420" relation="public-inheritance">
        </childnode>
      </node>
      <node id="429">
        <label>relStmtIf</label>
        <link refid="classrelStmtIf"/>
        <childnode refid="419" relation="public-inheritance">
        </childnode>
      </node>
      <node id="431">
        <label>relStmtSeq</label>
        <link refid="classrelStmtSeq"/>
        <childnode refid="419" relation="public-inheritance">
        </childnode>
      </node>
      <node id="420">
        <label>relObject</label>
        <link refid="classrelObject"/>
      </node>
      <node id="423">
        <label>relStmtAssignStr</label>
        <link refid="classrelStmtAssignStr"/>
        <childnode refid="419" relation="public-inheritance">
        </childnode>
      </node>
      <node id="430">
        <label>relStmtPrint</label>
        <link refid="classrelStmtPrint"/>
        <childnode refid="419" relation="public-inheritance">
        </childnode>
      </node>
      <node id="426">
        <label>relStmtExec</label>
        <link refid="classrelStmtExec"/>
        <childnode refid="419" relation="public-inheritance">
        </childnode>
      </node>
      <node id="421">
        <label>relStmtAssign</label>
        <link refid="classrelStmtAssign"/>
        <childnode refid="419" relation="public-inheritance">
        </childnode>
      </node>
      <node id="425">
        <label>relStmtEmpty</label>
        <link refid="classrelStmtEmpty"/>
        <childnode refid="419" relation="public-inheritance">
        </childnode>
      </node>
    </inheritancegraph>
    <collaborationgraph>
      <node id="433">
        <label>relStatement</label>
        <link refid="classrelStatement"/>
        <childnode refid="434" relation="public-inheritance">
        </childnode>
      </node>
      <node id="434">
        <label>relObject</label>
        <link refid="classrelObject"/>
        <childnode refid="435" relation="usage">
          <edgelabel>count</edgelabel>
        </childnode>
      </node>
      <node id="435">
        <label>static long</label>
      </node>
    </collaborationgraph>
    <location file="relStatement.h" line="39" bodyfile="relStatement.h" bodystart="38" bodyend="43"/>
    <listofallmembers>
      <member refid="classrelObject_1ad987378e185fff56551fb78be0a3e971" prot="public" virt="non-virtual"><scope>relStatement</scope><name>GetCount</name></member>
      <member refid="classrelStatement_1a9b50ccc1d8f5a9df3dbe754be438f8da" prot="public" virt="pure-virtual"><scope>relStatement</scope><name>interpret</name></member>
      <member refid="classrelObject_1aa8fc3941bf9f84e8cf90a821cb0a2d15" prot="public" virt="non-virtual"><scope>relStatement</scope><name>relObject</name></member>
      <member refid="classrelObject_1a88249926871015e4149a7468ec845b99" prot="public" virt="non-virtual"><scope>relStatement</scope><name>relObject</name></member>
      <member refid="classrelObject_1a4fb533b43971834655cd0cb1323f979b" prot="public" virt="virtual"><scope>relStatement</scope><name>~relObject</name></member>
    </listofallmembers>
  </compounddef>
</doxygen>
