<?xml version='1.0' encoding='UTF-8' standalone='no'?>
<doxygen xmlns:xsi="http://www.w3.org/2001/XMLSchema-instance" xsi:noNamespaceSchemaLocation="compound.xsd" version="1.6.1">
  <compounddef id="classrelStmtFor" kind="class" prot="public">
    <compoundname>relStmtFor</compoundname>
    <basecompoundref refid="classrelStatement" prot="public" virt="non-virtual">relStatement</basecompoundref>
    <includes refid="relStatement_8h" local="no">relStatement.h</includes>
      <sectiondef kind="private-attrib">
      <memberdef kind="variable" id="classrelStmtFor_1a2aa42b68890a6ea82a63ef1b6d9a2839" prot="private" static="no" mutable="no">
        <type>string *</type>
        <definition>string* relStmtFor::mStrVar</definition>
        <argsstring></argsstring>
        <name>mStrVar</name>
        <briefdescription>
        </briefdescription>
        <detaileddescription>
        </detaileddescription>
        <inbodydescription>
        </inbodydescription>
        <location file="relStatement.h" line="483" bodyfile="relStatement.h" bodystart="483" bodyend="-1"/>
      </memberdef>
      <memberdef kind="variable" id="classrelStmtFor_1a23566ee42bba2e9febaffef2a057b08e" prot="private" static="no" mutable="no">
        <type><ref refid="classrelExpression" kindref="compound">relExpression</ref> *</type>
        <definition>relExpression* relStmtFor::mExpr</definition>
        <argsstring></argsstring>
        <name>mExpr</name>
        <briefdescription>
        </briefdescription>
        <detaileddescription>
        </detaileddescription>
        <inbodydescription>
        </inbodydescription>
        <location file="relStatement.h" line="484" bodyfile="relStatement.h" bodystart="484" bodyend="-1"/>
      </memberdef>
      <memberdef kind="variable" id="classrelStmtFor_1a7135fa516e568355aad2ac68edc30526" prot="private" static="no" mutable="no">
        <type><ref refid="classrelStatement" kindref="compound">relStatement</ref> *</type>
        <definition>relStatement* relStmtFor::mStmt</definition>
        <argsstring></argsstring>
        <name>mStmt</name>
        <briefdescription>
        </briefdescription>
        <detaileddescription>
        </detaileddescription>
        <inbodydescription>
        </inbodydescription>
        <location file="relStatement.h" line="485" bodyfile="relStatement.h" bodystart="485" bodyend="-1"/>
      </memberdef>
      </sectiondef>
      <sectiondef kind="public-func">
      <memberdef kind="function" id="classrelStmtFor_1a1404aadff9044bcc7a853483819c69e6" prot="public" static="no" const="no" explicit="no" inline="yes" virt="non-virtual">
        <type></type>
        <definition>relStmtFor::relStmtFor</definition>
        <argsstring>(string *pStrVar, relExpression *pExpr, relStatement *pStmt)</argsstring>
        <name>relStmtFor</name>
        <param>
          <type>string *</type>
          <declname>pStrVar</declname>
        </param>
        <param>
          <type><ref refid="classrelExpression" kindref="compound">relExpression</ref> *</type>
          <declname>pExpr</declname>
        </param>
        <param>
          <type><ref refid="classrelStatement" kindref="compound">relStatement</ref> *</type>
          <declname>pStmt</declname>
        </param>
        <briefdescription>
        </briefdescription>
        <detaileddescription>
        </detaileddescription>
        <inbodydescription>
        </inbodydescription>
        <location file="relStatement.h" line="494" bodyfile="relStatement.h" bodystart="488" bodyend="494"/>
      </memberdef>
      <memberdef kind="function" id="classrelStmtFor_1aeea12774c3a42ec63a3c37e5369d566b" prot="public" static="no" const="no" explicit="no" inline="yes" virt="non-virtual">
        <type></type>
        <definition>relStmtFor::~relStmtFor</definition>
        <argsstring>()</argsstring>
        <name>~relStmtFor</name>
        <briefdescription>
        </briefdescription>
        <detaileddescription>
        </detaileddescription>
        <inbodydescription>
        </inbodydescription>
        <location file="relStatement.h" line="497" bodyfile="relStatement.h" bodystart="496" bodyend="501"/>
        <references refid="classrelStmtFor_1a23566ee42bba2e9febaffef2a057b08e" compoundref="relStatement_8h" startline="484">mExpr</references>
        <references refid="classrelStmtFor_1a7135fa516e568355aad2ac68edc30526" compoundref="relStatement_8h" startline="485">mStmt</references>
        <references refid="classrelStmtFor_1a2aa42b68890a6ea82a63ef1b6d9a2839" compoundref="relStatement_8h" startline="483">mStrVar</references>
      </memberdef>
      <memberdef kind="function" id="classrelStmtFor_1aa6b901895ef33618ac1d7ca5cb0c9e6b" prot="public" static="no" const="no" explicit="no" inline="yes" virt="virtual">
        <type>void</type>
        <definition>virtual void relStmtFor::interpret</definition>
        <argsstring>(bddSymTab *pSymTab)</argsstring>
        <name>interpret</name>
        <reimplements refid="classrelStatement_1a9b50ccc1d8f5a9df3dbe754be438f8da">interpret</reimplements>
        <param>
          <type><ref refid="classbddSymTab" kindref="compound">bddSymTab</ref> *</type>
          <declname>pSymTab</declname>
        </param>
        <briefdescription>
        </briefdescription>
        <detaileddescription>
        </detaileddescription>
        <inbodydescription>
        </inbodydescription>
        <location file="relStatement.h" line="505" bodyfile="relStatement.h" bodystart="504" bodyend="545"/>
        <references refid="classrelExpression_1a4f5effc1cf304db906371c978d8830dc">relExpression::collectFreeAttrs</references>
        <references refid="classbddRelation_1a689ae88ba64f8e7f83bc7209593fb63d" compoundref="bddRelation_8h" startline="321" endline="323">bddRelation::complement</references>
        <references refid="crocopat_8cpp_1a92c4a8dafce942b863e49715ceea637b" compoundref="crocopat_8cpp" startline="65">gAttributePrefix</references>
        <references refid="classbddSymTab_1aab25df999390749492cd006895f8c93a" compoundref="bddSymTab_8h" startline="165" endline="171">bddSymTab::getAttributePos</references>
        <references refid="classbddRelation_1a60eb583dff3b710664b3daf3a008d85b" compoundref="bddRelation_8h" startline="295" endline="299">bddRelation::getElement</references>
        <references refid="classbddSymTab_1afbcc9b7af2e1444d915461eb502b477f" compoundref="bddSymTab_8h" startline="176" endline="183">bddSymTab::getValueNum</references>
        <references refid="crocopat_8cpp_1aaa4271014ffca3d5839db383c88c5ea9" compoundref="crocopat_8cpp" startline="56">gVariables</references>
        <references refid="classrelStatement_1a9b50ccc1d8f5a9df3dbe754be438f8da">relStatement::interpret</references>
        <references refid="classrelExpression_1a2659d1b3b785d5d00993a0364577bc61">relExpression::interpret</references>
        <references refid="classbddRelation_1a1b120249b8f114c58703428728a2bcb0" compoundref="bddRelation_8h" startline="331" endline="333">bddRelation::intersect</references>
        <references refid="classbddRelation_1ae3620d86b24fa3d09b2fcb37fba6e80b" compoundref="bddRelation_8h" startline="316" endline="318">bddRelation::isEmpty</references>
        <references refid="classrelStmtFor_1a23566ee42bba2e9febaffef2a057b08e" compoundref="relStatement_8h" startline="484">mExpr</references>
        <references refid="classbddRelation_1a55ad765ba56d7805eefc26668ae745af" compoundref="bddRelation_8h" startline="77" endline="99">bddRelation::mkEqual</references>
        <references refid="classrelStmtFor_1a7135fa516e568355aad2ac68edc30526" compoundref="relStatement_8h" startline="485">mStmt</references>
        <references refid="classrelStmtFor_1a2aa42b68890a6ea82a63ef1b6d9a2839" compoundref="relStatement_8h" startline="483">mStrVar</references>
        <references refid="classbddSymTab_1a2d9b02e91e849f7c1efbe90f0133735d" compoundref="bddSymTab_8h" startline="232" endline="252">bddSymTab::removeUserAttributes</references>
        <references refid="classrelString_1ae870b7d7f2559320e0af94fc1da987f4" compoundref="relString_8h" startline="56" endline="59">relString::setValue</references>
      </memberdef>
      </sectiondef>
    <briefdescription>
    </briefdescription>
    <detaileddescription>
    </detaileddescription>
    <inheritancegraph>
      <node id="495">
        <label>relStmtFor</label>
        <link refid="classrelStmtFor"/>
        <childnode refid="496" relation="public-inheritance">
        </childnode>
      </node>
      <node id="496">
        <label>relStatement</label>
        <link refid="classrelStatement"/>
        <childnode refid="497" relation="public-inheritance">
        </childnode>
      </node>
      <node id="497">
        <label>relObject</label>
        <link refid="classrelObject"/>
      </node>
    </inheritancegraph>
    <collaborationgraph>
      <node id="503">
        <label>relExpression</label>
        <link refid="classrelExpression"/>
        <childnode refid="500" relation="public-inheritance">
        </childnode>
      </node>
      <node id="502">
        <label>string</label>
      </node>
      <node id="498">
        <label>relStmtFor</label>
        <link refid="classrelStmtFor"/>
        <childnode refid="499" relation="public-inheritance">
        </childnode>
        <childnode refid="502" relation="usage">
          <edgelabel>mStrVar</edgelabel>
        </childnode>
        <childnode refid="499" relation="usage">
          <edgelabel>mStmt</edgelabel>
        </childnode>
        <childnode refid="503" relation="usage">
          <edgelabel>mExpr</edgelabel>
        </childnode>
      </node>
      <node id="499">
        <label>relStatement</label>
        <link refid="classrelStatement"/>
        <childnode refid="500" relation="public-inheritance">
        </childnode>
      </node>
      <node id="500">
        <label>relObject</label>
        <link refid="classrelObject"/>
        <childnode refid="501" relation="usage">
          <edgelabel>count</edgelabel>
        </childnode>
      </node>
      <node id="501">
        <label>static long</label>
      </node>
    </collaborationgraph>
    <location file="relStatement.h" line="481" bodyfile="relStatement.h" bodystart="480" bodyend="546"/>
    <listofallmembers>
      <member refid="classrelObject_1ad987378e185fff56551fb78be0a3e971" prot="public" virt="non-virtual"><scope>relStmtFor</scope><name>GetCount</name></member>
      <member refid="classrelStmtFor_1aa6b901895ef33618ac1d7ca5cb0c9e6b" prot="public" virt="virtual"><scope>relStmtFor</scope><name>interpret</name></member>
      <member refid="classrelStmtFor_1a23566ee42bba2e9febaffef2a057b08e" prot="private" virt="non-virtual"><scope>relStmtFor</scope><name>mExpr</name></member>
      <member refid="classrelStmtFor_1a7135fa516e568355aad2ac68edc30526" prot="private" virt="non-virtual"><scope>relStmtFor</scope><name>mStmt</name></member>
      <member refid="classrelStmtFor_1a2aa42b68890a6ea82a63ef1b6d9a2839" prot="private" virt="non-virtual"><scope>relStmtFor</scope><name>mStrVar</name></member>
      <member refid="classrelObject_1aa8fc3941bf9f84e8cf90a821cb0a2d15" prot="public" virt="non-virtual"><scope>relStmtFor</scope><name>relObject</name></member>
      <member refid="classrelObject_1a88249926871015e4149a7468ec845b99" prot="public" virt="non-virtual"><scope>relStmtFor</scope><name>relObject</name></member>
      <member refid="classrelStmtFor_1a1404aadff9044bcc7a853483819c69e6" prot="public" virt="non-virtual"><scope>relStmtFor</scope><name>relStmtFor</name></member>
      <member refid="classrelObject_1a4fb533b43971834655cd0cb1323f979b" prot="public" virt="virtual"><scope>relStmtFor</scope><name>~relObject</name></member>
      <member refid="classrelStmtFor_1aeea12774c3a42ec63a3c37e5369d566b" prot="public" virt="non-virtual"><scope>relStmtFor</scope><name>~relStmtFor</name></member>
    </listofallmembers>
  </compounddef>
</doxygen>
