<?xml version='1.0' encoding='UTF-8' standalone='no'?>
<doxygen xmlns:xsi="http://www.w3.org/2001/XMLSchema-instance" xsi:noNamespaceSchemaLocation="compound.xsd" version="1.6.1">
  <compounddef id="classrelExprTupleOf" kind="class" prot="public">
    <compoundname>relExprTupleOf</compoundname>
    <basecompoundref refid="classrelExpression" prot="public" virt="non-virtual">relExpression</basecompoundref>
    <includes refid="relExpression_8h" local="no">relExpression.h</includes>
      <sectiondef kind="private-attrib">
      <memberdef kind="variable" id="classrelExprTupleOf_1a0fb9229d98af924706371a660c5703bd" prot="private" static="no" mutable="no">
        <type><ref refid="classrelExpression" kindref="compound">relExpression</ref> *</type>
        <definition>relExpression* relExprTupleOf::mExpr</definition>
        <argsstring></argsstring>
        <name>mExpr</name>
        <briefdescription>
        </briefdescription>
        <detaileddescription>
        </detaileddescription>
        <inbodydescription>
        </inbodydescription>
        <location file="relExpression.h" line="979" bodyfile="relExpression.h" bodystart="979" bodyend="-1"/>
      </memberdef>
      </sectiondef>
      <sectiondef kind="public-func">
      <memberdef kind="function" id="classrelExprTupleOf_1a96bb599876c4ae204f6351cfa174db30" prot="public" static="no" const="no" explicit="no" inline="yes" virt="non-virtual">
        <type></type>
        <definition>relExprTupleOf::relExprTupleOf</definition>
        <argsstring>(relExpression *pExpr)</argsstring>
        <name>relExprTupleOf</name>
        <param>
          <type><ref refid="classrelExpression" kindref="compound">relExpression</ref> *</type>
          <declname>pExpr</declname>
        </param>
        <briefdescription>
        </briefdescription>
        <detaileddescription>
        </detaileddescription>
        <inbodydescription>
        </inbodydescription>
        <location file="relExpression.h" line="984" bodyfile="relExpression.h" bodystart="982" bodyend="984"/>
      </memberdef>
      <memberdef kind="function" id="classrelExprTupleOf_1a753f40e99ce562b5f70448c828664493" prot="public" static="no" const="no" explicit="no" inline="yes" virt="non-virtual">
        <type></type>
        <definition>relExprTupleOf::~relExprTupleOf</definition>
        <argsstring>()</argsstring>
        <name>~relExprTupleOf</name>
        <briefdescription>
        </briefdescription>
        <detaileddescription>
        </detaileddescription>
        <inbodydescription>
        </inbodydescription>
        <location file="relExpression.h" line="987" bodyfile="relExpression.h" bodystart="986" bodyend="989"/>
        <references refid="classrelExprTupleOf_1a0fb9229d98af924706371a660c5703bd" compoundref="relExpression_8h" startline="979">mExpr</references>
      </memberdef>
      <memberdef kind="function" id="classrelExprTupleOf_1a0dc14b5614a2821cbee4bbb062e27855" prot="public" static="no" const="no" explicit="no" inline="yes" virt="virtual">
        <type>set&lt; string &gt;</type>
        <definition>virtual set&lt;string&gt; relExprTupleOf::collectFreeAttrs</definition>
        <argsstring>()</argsstring>
        <name>collectFreeAttrs</name>
        <reimplements refid="classrelExpression_1a4f5effc1cf304db906371c978d8830dc">collectFreeAttrs</reimplements>
        <briefdescription>
        </briefdescription>
        <detaileddescription>
        </detaileddescription>
        <inbodydescription>
        </inbodydescription>
        <location file="relExpression.h" line="993" bodyfile="relExpression.h" bodystart="992" bodyend="995"/>
        <references refid="classrelExpression_1a4f5effc1cf304db906371c978d8830dc">relExpression::collectFreeAttrs</references>
        <references refid="classrelExprTupleOf_1a0fb9229d98af924706371a660c5703bd" compoundref="relExpression_8h" startline="979">mExpr</references>
      </memberdef>
      <memberdef kind="function" id="classrelExprTupleOf_1a66bf7c99a56accb2d10232edd5e06f34" prot="public" static="no" const="no" explicit="no" inline="yes" virt="virtual">
        <type><ref refid="classbddRelation" kindref="compound">bddRelation</ref></type>
        <definition>virtual bddRelation relExprTupleOf::interpret</definition>
        <argsstring>(bddSymTab *pSymTab)</argsstring>
        <name>interpret</name>
        <reimplements refid="classrelExpression_1a2659d1b3b785d5d00993a0364577bc61">interpret</reimplements>
        <param>
          <type><ref refid="classbddSymTab" kindref="compound">bddSymTab</ref> *</type>
          <declname>pSymTab</declname>
        </param>
        <briefdescription>
        </briefdescription>
        <detaileddescription>
        </detaileddescription>
        <inbodydescription>
        </inbodydescription>
        <location file="relExpression.h" line="999" bodyfile="relExpression.h" bodystart="998" bodyend="1010"/>
        <references refid="classrelExpression_1a4f5effc1cf304db906371c978d8830dc">relExpression::collectFreeAttrs</references>
        <references refid="classbddSymTab_1addfb1b83129c7699fe6ac9db44889514" compoundref="bddSymTab_8h" startline="255" endline="265">bddSymTab::computeVariableOrder</references>
        <references refid="classbddRelation_1a478d5d111a9c74c22a54488a3158fd69" compoundref="bddRelation_8h" startline="591" endline="608">bddRelation::getTupleOf</references>
        <references refid="classrelExpression_1a2659d1b3b785d5d00993a0364577bc61">relExpression::interpret</references>
        <references refid="classbddRelation_1ae3620d86b24fa3d09b2fcb37fba6e80b" compoundref="bddRelation_8h" startline="316" endline="318">bddRelation::isEmpty</references>
        <references refid="classrelExprTupleOf_1a0fb9229d98af924706371a660c5703bd" compoundref="relExpression_8h" startline="979">mExpr</references>
      </memberdef>
      </sectiondef>
    <briefdescription>
    </briefdescription>
    <detaileddescription>
<para>This expression results in a relation that contains one tuple. </para>    </detaileddescription>
    <inheritancegraph>
      <node id="182">
        <label>relExpression</label>
        <link refid="classrelExpression"/>
        <childnode refid="183" relation="public-inheritance">
        </childnode>
      </node>
      <node id="183">
        <label>relObject</label>
        <link refid="classrelObject"/>
      </node>
      <node id="181">
        <label>relExprTupleOf</label>
        <link refid="classrelExprTupleOf"/>
        <childnode refid="182" relation="public-inheritance">
        </childnode>
      </node>
    </inheritancegraph>
    <collaborationgraph>
      <node id="185">
        <label>relExpression</label>
        <link refid="classrelExpression"/>
        <childnode refid="186" relation="public-inheritance">
        </childnode>
      </node>
      <node id="186">
        <label>relObject</label>
        <link refid="classrelObject"/>
        <childnode refid="187" relation="usage">
          <edgelabel>count</edgelabel>
        </childnode>
      </node>
      <node id="184">
        <label>relExprTupleOf</label>
        <link refid="classrelExprTupleOf"/>
        <childnode refid="185" relation="public-inheritance">
        </childnode>
        <childnode refid="185" relation="usage">
          <edgelabel>mExpr</edgelabel>
        </childnode>
      </node>
      <node id="187">
        <label>static long</label>
      </node>
    </collaborationgraph>
    <location file="relExpression.h" line="977" bodyfile="relExpression.h" bodystart="976" bodyend="1011"/>
    <listofallmembers>
      <member refid="classrelExprTupleOf_1a0dc14b5614a2821cbee4bbb062e27855" prot="public" virt="virtual"><scope>relExprTupleOf</scope><name>collectFreeAttrs</name></member>
      <member refid="classrelObject_1ad987378e185fff56551fb78be0a3e971" prot="public" virt="non-virtual"><scope>relExprTupleOf</scope><name>GetCount</name></member>
      <member refid="classrelExprTupleOf_1a66bf7c99a56accb2d10232edd5e06f34" prot="public" virt="virtual"><scope>relExprTupleOf</scope><name>interpret</name></member>
      <member refid="classrelExprTupleOf_1a0fb9229d98af924706371a660c5703bd" prot="private" virt="non-virtual"><scope>relExprTupleOf</scope><name>mExpr</name></member>
      <member refid="classrelExprTupleOf_1a96bb599876c4ae204f6351cfa174db30" prot="public" virt="non-virtual"><scope>relExprTupleOf</scope><name>relExprTupleOf</name></member>
      <member refid="classrelObject_1aa8fc3941bf9f84e8cf90a821cb0a2d15" prot="public" virt="non-virtual"><scope>relExprTupleOf</scope><name>relObject</name></member>
      <member refid="classrelObject_1a88249926871015e4149a7468ec845b99" prot="public" virt="non-virtual"><scope>relExprTupleOf</scope><name>relObject</name></member>
      <member refid="classrelExprTupleOf_1a753f40e99ce562b5f70448c828664493" prot="public" virt="non-virtual"><scope>relExprTupleOf</scope><name>~relExprTupleOf</name></member>
      <member refid="classrelObject_1a4fb533b43971834655cd0cb1323f979b" prot="public" virt="virtual"><scope>relExprTupleOf</scope><name>~relObject</name></member>
    </listofallmembers>
  </compounddef>
</doxygen>
