<?xml version='1.0' encoding='UTF-8' standalone='no'?>
<doxygen xmlns:xsi="http://www.w3.org/2001/XMLSchema-instance" xsi:noNamespaceSchemaLocation="compound.xsd" version="1.6.1">
  <compounddef id="classrelPrintExprBDT" kind="class" prot="public">
    <compoundname>relPrintExprBDT</compoundname>
    <basecompoundref refid="classrelPrintExpr" prot="public" virt="non-virtual">relPrintExpr</basecompoundref>
    <includes refid="relPrintExpr_8h" local="no">relPrintExpr.h</includes>
      <sectiondef kind="private-attrib">
      <memberdef kind="variable" id="classrelPrintExprBDT_1a51645de2e280a55ecc07f60cb861ee51" prot="private" static="no" mutable="no">
        <type><ref refid="classrelExpression" kindref="compound">relExpression</ref> *</type>
        <definition>relExpression* relPrintExprBDT::mExpr</definition>
        <argsstring></argsstring>
        <name>mExpr</name>
        <briefdescription>
        </briefdescription>
        <detaileddescription>
        </detaileddescription>
        <inbodydescription>
        </inbodydescription>
        <location file="relPrintExpr.h" line="286" bodyfile="relPrintExpr.h" bodystart="286" bodyend="-1"/>
      </memberdef>
      </sectiondef>
      <sectiondef kind="public-func">
      <memberdef kind="function" id="classrelPrintExprBDT_1a6497a9b3270e55240c93afb9610b4a0a" prot="public" static="no" const="no" explicit="no" inline="yes" virt="non-virtual">
        <type></type>
        <definition>relPrintExprBDT::relPrintExprBDT</definition>
        <argsstring>(relExpression *pExpr)</argsstring>
        <name>relPrintExprBDT</name>
        <param>
          <type><ref refid="classrelExpression" kindref="compound">relExpression</ref> *</type>
          <declname>pExpr</declname>
        </param>
        <briefdescription>
        </briefdescription>
        <detaileddescription>
        </detaileddescription>
        <inbodydescription>
        </inbodydescription>
        <location file="relPrintExpr.h" line="291" bodyfile="relPrintExpr.h" bodystart="289" bodyend="291"/>
      </memberdef>
      <memberdef kind="function" id="classrelPrintExprBDT_1abaeb276ae517904e4124b1c6009ab34e" prot="public" static="no" const="no" explicit="no" inline="yes" virt="non-virtual">
        <type></type>
        <definition>relPrintExprBDT::~relPrintExprBDT</definition>
        <argsstring>()</argsstring>
        <name>~relPrintExprBDT</name>
        <briefdescription>
        </briefdescription>
        <detaileddescription>
        </detaileddescription>
        <inbodydescription>
        </inbodydescription>
        <location file="relPrintExpr.h" line="294" bodyfile="relPrintExpr.h" bodystart="293" bodyend="296"/>
        <references refid="classrelPrintExprBDT_1a51645de2e280a55ecc07f60cb861ee51" compoundref="relPrintExpr_8h" startline="286">mExpr</references>
      </memberdef>
      <memberdef kind="function" id="classrelPrintExprBDT_1a17041b082aecf80dc7a289a1d5993a87" prot="public" static="no" const="no" explicit="no" inline="yes" virt="virtual">
        <type>void</type>
        <definition>virtual void relPrintExprBDT::interpret</definition>
        <argsstring>(bddSymTab *pSymTab, ostream *pOut)</argsstring>
        <name>interpret</name>
        <reimplements refid="classrelPrintExpr_1a4bd82c6b6b055c068997368c18930d7f">interpret</reimplements>
        <param>
          <type><ref refid="classbddSymTab" kindref="compound">bddSymTab</ref> *</type>
          <declname>pSymTab</declname>
        </param>
        <param>
          <type>ostream *</type>
          <declname>pOut</declname>
        </param>
        <briefdescription>
        </briefdescription>
        <detaileddescription>
        </detaileddescription>
        <inbodydescription>
        </inbodydescription>
        <location file="relPrintExpr.h" line="300" bodyfile="relPrintExpr.h" bodystart="299" bodyend="304"/>
        <references refid="crocopat_8cpp_1a92c4a8dafce942b863e49715ceea637b" compoundref="crocopat_8cpp" startline="65">gAttributePrefix</references>
        <references refid="classrelExpression_1a2659d1b3b785d5d00993a0364577bc61">relExpression::interpret</references>
        <references refid="classrelPrintExprBDT_1a51645de2e280a55ecc07f60cb861ee51" compoundref="relPrintExpr_8h" startline="286">mExpr</references>
        <references refid="classbddRelation_1a90f72bf8ac550fce05c800a46cbb87b6" compoundref="bddRelation_8h" startline="584" endline="586">bddRelation::printBDT</references>
        <references refid="classbddSymTab_1a2d9b02e91e849f7c1efbe90f0133735d" compoundref="bddSymTab_8h" startline="232" endline="252">bddSymTab::removeUserAttributes</references>
      </memberdef>
      </sectiondef>
    <briefdescription>
    </briefdescription>
    <detaileddescription>
    </detaileddescription>
    <inheritancegraph>
      <node id="342">
        <label>relPrintExprBDT</label>
        <link refid="classrelPrintExprBDT"/>
        <childnode refid="343" relation="public-inheritance">
        </childnode>
      </node>
      <node id="344">
        <label>relObject</label>
        <link refid="classrelObject"/>
      </node>
      <node id="343">
        <label>relPrintExpr</label>
        <link refid="classrelPrintExpr"/>
        <childnode refid="344" relation="public-inheritance">
        </childnode>
      </node>
    </inheritancegraph>
    <collaborationgraph>
      <node id="349">
        <label>relExpression</label>
        <link refid="classrelExpression"/>
        <childnode refid="347" relation="public-inheritance">
        </childnode>
      </node>
      <node id="345">
        <label>relPrintExprBDT</label>
        <link refid="classrelPrintExprBDT"/>
        <childnode refid="346" relation="public-inheritance">
        </childnode>
        <childnode refid="349" relation="usage">
          <edgelabel>mExpr</edgelabel>
        </childnode>
      </node>
      <node id="347">
        <label>relObject</label>
        <link refid="classrelObject"/>
        <childnode refid="348" relation="usage">
          <edgelabel>count</edgelabel>
        </childnode>
      </node>
      <node id="348">
        <label>static long</label>
      </node>
      <node id="346">
        <label>relPrintExpr</label>
        <link refid="classrelPrintExpr"/>
        <childnode refid="347" relation="public-inheritance">
        </childnode>
      </node>
    </collaborationgraph>
    <location file="relPrintExpr.h" line="284" bodyfile="relPrintExpr.h" bodystart="283" bodyend="305"/>
    <listofallmembers>
      <member refid="classrelObject_1ad987378e185fff56551fb78be0a3e971" prot="public" virt="non-virtual"><scope>relPrintExprBDT</scope><name>GetCount</name></member>
      <member refid="classrelPrintExprBDT_1a17041b082aecf80dc7a289a1d5993a87" prot="public" virt="virtual"><scope>relPrintExprBDT</scope><name>interpret</name></member>
      <member refid="classrelPrintExprBDT_1a51645de2e280a55ecc07f60cb861ee51" prot="private" virt="non-virtual"><scope>relPrintExprBDT</scope><name>mExpr</name></member>
      <member refid="classrelObject_1aa8fc3941bf9f84e8cf90a821cb0a2d15" prot="public" virt="non-virtual"><scope>relPrintExprBDT</scope><name>relObject</name></member>
      <member refid="classrelObject_1a88249926871015e4149a7468ec845b99" prot="public" virt="non-virtual"><scope>relPrintExprBDT</scope><name>relObject</name></member>
      <member refid="classrelPrintExprBDT_1a6497a9b3270e55240c93afb9610b4a0a" prot="public" virt="non-virtual"><scope>relPrintExprBDT</scope><name>relPrintExprBDT</name></member>
      <member refid="classrelObject_1a4fb533b43971834655cd0cb1323f979b" prot="public" virt="virtual"><scope>relPrintExprBDT</scope><name>~relObject</name></member>
      <member refid="classrelPrintExprBDT_1abaeb276ae517904e4124b1c6009ab34e" prot="public" virt="non-virtual"><scope>relPrintExprBDT</scope><name>~relPrintExprBDT</name></member>
    </listofallmembers>
  </compounddef>
</doxygen>
