<?xml version='1.0' encoding='UTF-8' standalone='no'?>
<doxygen xmlns:xsi="http://www.w3.org/2001/XMLSchema-instance" xsi:noNamespaceSchemaLocation="compound.xsd" version="1.6.1">
  <compounddef id="classrelExpression" kind="class" prot="public">
    <compoundname>relExpression</compoundname>
    <basecompoundref refid="classrelObject" prot="public" virt="non-virtual">relObject</basecompoundref>
    <derivedcompoundref refid="classrelExprAnd" prot="public" virt="non-virtual">relExprAnd</derivedcompoundref>
    <derivedcompoundref refid="classrelExprClosure" prot="public" virt="non-virtual">relExprClosure</derivedcompoundref>
    <derivedcompoundref refid="classrelExprEquiv" prot="public" virt="non-virtual">relExprEquiv</derivedcompoundref>
    <derivedcompoundref refid="classrelExprExists" prot="public" virt="non-virtual">relExprExists</derivedcompoundref>
    <derivedcompoundref refid="classrelExprNot" prot="public" virt="non-virtual">relExprNot</derivedcompoundref>
    <derivedcompoundref refid="classrelExprOr" prot="public" virt="non-virtual">relExprOr</derivedcompoundref>
    <derivedcompoundref refid="classrelExprRegExTerm" prot="public" virt="non-virtual">relExprRegExTerm</derivedcompoundref>
    <derivedcompoundref refid="classrelExprRelNumCmp" prot="public" virt="non-virtual">relExprRelNumCmp</derivedcompoundref>
    <derivedcompoundref refid="classrelExprRelOp" prot="public" virt="non-virtual">relExprRelOp</derivedcompoundref>
    <derivedcompoundref refid="classrelExprRelVar" prot="public" virt="non-virtual">relExprRelVar</derivedcompoundref>
    <derivedcompoundref refid="classrelExprTupleOf" prot="public" virt="non-virtual">relExprTupleOf</derivedcompoundref>
    <includes refid="relExpression_8h" local="no">relExpression.h</includes>
      <sectiondef kind="public-func">
      <memberdef kind="function" id="classrelExpression_1a4f5effc1cf304db906371c978d8830dc" prot="public" static="no" const="no" explicit="no" inline="no" virt="pure-virtual">
        <type>set&lt; string &gt;</type>
        <definition>virtual set&lt;string&gt; relExpression::collectFreeAttrs</definition>
        <argsstring>()=0</argsstring>
        <name>collectFreeAttrs</name>
        <reimplementedby refid="classrelExprTupleOf_1a0dc14b5614a2821cbee4bbb062e27855">collectFreeAttrs</reimplementedby>
        <reimplementedby refid="classrelExprRegExTerm_1a8abcd01a587b230fda9774558c20bbda">collectFreeAttrs</reimplementedby>
        <reimplementedby refid="classrelExprRelOp_1ae7dbae94228627f4c5f1978ffbb2b1de">collectFreeAttrs</reimplementedby>
        <reimplementedby refid="classrelExprClosure_1ac94a4425fb731222b71c2eab4e99fb4d">collectFreeAttrs</reimplementedby>
        <reimplementedby refid="classrelExprEquiv_1a48deef8135063519e6bbdfaea6392495">collectFreeAttrs</reimplementedby>
        <reimplementedby refid="classrelExprOr_1ad78312d18b5fda0e4ed47e6e27716e9a">collectFreeAttrs</reimplementedby>
        <reimplementedby refid="classrelExprAnd_1aba11c50820834ac14c243dfb22f19f35">collectFreeAttrs</reimplementedby>
        <reimplementedby refid="classrelExprNot_1a7301f0f14f4751f1b314f5af12d6794d">collectFreeAttrs</reimplementedby>
        <reimplementedby refid="classrelExprExists_1a5de6cb5f2bc11601732c4ede01497930">collectFreeAttrs</reimplementedby>
        <reimplementedby refid="classrelExprRelNumCmp_1a46a887e389c1b0dbf7c30f38b5a3bf71">collectFreeAttrs</reimplementedby>
        <reimplementedby refid="classrelExprRelVar_1aee6e34d4c519adef3f8f9ad5b15bd2d2">collectFreeAttrs</reimplementedby>
        <briefdescription>
        </briefdescription>
        <detaileddescription>
        </detaileddescription>
        <inbodydescription>
        </inbodydescription>
        <location file="relExpression.h" line="60"/>
      </memberdef>
      <memberdef kind="function" id="classrelExpression_1a2659d1b3b785d5d00993a0364577bc61" prot="public" static="no" const="no" explicit="no" inline="no" virt="pure-virtual">
        <type><ref refid="classbddRelation" kindref="compound">bddRelation</ref></type>
        <definition>virtual bddRelation relExpression::interpret</definition>
        <argsstring>(bddSymTab *pSymTab)=0</argsstring>
        <name>interpret</name>
        <reimplementedby refid="classrelExprTupleOf_1a66bf7c99a56accb2d10232edd5e06f34">interpret</reimplementedby>
        <reimplementedby refid="classrelExprRegExTerm_1a77a5b5aae4f8a16d10bb0604e611e989">interpret</reimplementedby>
        <reimplementedby refid="classrelExprRelOp_1a8be2d83b5aa975cf28b2d8a00bdfecf8">interpret</reimplementedby>
        <reimplementedby refid="classrelExprClosure_1abc6f9797722dcdaf5030aadb536f76a1">interpret</reimplementedby>
        <reimplementedby refid="classrelExprEquiv_1a1ea7ba566ca06144d487f830bc6dc9d4">interpret</reimplementedby>
        <reimplementedby refid="classrelExprOr_1abaf21810614db367c1c5681d4db343bb">interpret</reimplementedby>
        <reimplementedby refid="classrelExprAnd_1a0cfe9520ffb22b19e55d2ed7cb5a44db">interpret</reimplementedby>
        <reimplementedby refid="classrelExprNot_1a1432a85a183cf3b924423f2a35ce7b90">interpret</reimplementedby>
        <reimplementedby refid="classrelExprExists_1a39fde95c7c868969aea36cbfd5088a23">interpret</reimplementedby>
        <reimplementedby refid="classrelExprRelNumCmp_1a3a770c8e6ea193d5ad574466ace5e122">interpret</reimplementedby>
        <reimplementedby refid="classrelExprRelVar_1a5470f24eafb11d589c40ffec35a77002">interpret</reimplementedby>
        <param>
          <type><ref refid="classbddSymTab" kindref="compound">bddSymTab</ref> *</type>
          <declname>pSymTab</declname>
        </param>
        <briefdescription>
        </briefdescription>
        <detaileddescription>
        </detaileddescription>
        <inbodydescription>
        </inbodydescription>
        <location file="relExpression.h" line="63"/>
      </memberdef>
      </sectiondef>
    <briefdescription>
    </briefdescription>
    <detaileddescription>
    </detaileddescription>
    <inheritancegraph>
      <node id="111">
        <label>relExprClosure</label>
        <link refid="classrelExprClosure"/>
        <childnode refid="108" relation="public-inheritance">
        </childnode>
      </node>
      <node id="110">
        <label>relExprAnd</label>
        <link refid="classrelExprAnd"/>
        <childnode refid="108" relation="public-inheritance">
        </childnode>
      </node>
      <node id="108">
        <label>relExpression</label>
        <link refid="classrelExpression"/>
        <childnode refid="109" relation="public-inheritance">
        </childnode>
      </node>
      <node id="118">
        <label>relExprRelOp</label>
        <link refid="classrelExprRelOp"/>
        <childnode refid="108" relation="public-inheritance">
        </childnode>
      </node>
      <node id="113">
        <label>relExprExists</label>
        <link refid="classrelExprExists"/>
        <childnode refid="108" relation="public-inheritance">
        </childnode>
      </node>
      <node id="116">
        <label>relExprRegExTerm</label>
        <link refid="classrelExprRegExTerm"/>
        <childnode refid="108" relation="public-inheritance">
        </childnode>
      </node>
      <node id="114">
        <label>relExprNot</label>
        <link refid="classrelExprNot"/>
        <childnode refid="108" relation="public-inheritance">
        </childnode>
      </node>
      <node id="119">
        <label>relExprRelVar</label>
        <link refid="classrelExprRelVar"/>
        <childnode refid="108" relation="public-inheritance">
        </childnode>
      </node>
      <node id="109">
        <label>relObject</label>
        <link refid="classrelObject"/>
      </node>
      <node id="117">
        <label>relExprRelNumCmp</label>
        <link refid="classrelExprRelNumCmp"/>
        <childnode refid="108" relation="public-inheritance">
        </childnode>
      </node>
      <node id="120">
        <label>relExprTupleOf</label>
        <link refid="classrelExprTupleOf"/>
        <childnode refid="108" relation="public-inheritance">
        </childnode>
      </node>
      <node id="112">
        <label>relExprEquiv</label>
        <link refid="classrelExprEquiv"/>
        <childnode refid="108" relation="public-inheritance">
        </childnode>
      </node>
      <node id="115">
        <label>relExprOr</label>
        <link refid="classrelExprOr"/>
        <childnode refid="108" relation="public-inheritance">
        </childnode>
      </node>
    </inheritancegraph>
    <collaborationgraph>
      <node id="121">
        <label>relExpression</label>
        <link refid="classrelExpression"/>
        <childnode refid="122" relation="public-inheritance">
        </childnode>
      </node>
      <node id="122">
        <label>relObject</label>
        <link refid="classrelObject"/>
        <childnode refid="123" relation="usage">
          <edgelabel>count</edgelabel>
        </childnode>
      </node>
      <node id="123">
        <label>static long</label>
      </node>
    </collaborationgraph>
    <location file="relExpression.h" line="57" bodyfile="relExpression.h" bodystart="56" bodyend="64"/>
    <listofallmembers>
      <member refid="classrelExpression_1a4f5effc1cf304db906371c978d8830dc" prot="public" virt="pure-virtual"><scope>relExpression</scope><name>collectFreeAttrs</name></member>
      <member refid="classrelObject_1ad987378e185fff56551fb78be0a3e971" prot="public" virt="non-virtual"><scope>relExpression</scope><name>GetCount</name></member>
      <member refid="classrelExpression_1a2659d1b3b785d5d00993a0364577bc61" prot="public" virt="pure-virtual"><scope>relExpression</scope><name>interpret</name></member>
      <member refid="classrelObject_1aa8fc3941bf9f84e8cf90a821cb0a2d15" prot="public" virt="non-virtual"><scope>relExpression</scope><name>relObject</name></member>
      <member refid="classrelObject_1a88249926871015e4149a7468ec845b99" prot="public" virt="non-virtual"><scope>relExpression</scope><name>relObject</name></member>
      <member refid="classrelObject_1a4fb533b43971834655cd0cb1323f979b" prot="public" virt="virtual"><scope>relExpression</scope><name>~relObject</name></member>
    </listofallmembers>
  </compounddef>
</doxygen>
