<?xml version='1.0' encoding='UTF-8' standalone='no'?>
<doxygen xmlns:xsi="http://www.w3.org/2001/XMLSchema-instance" xsi:noNamespaceSchemaLocation="compound.xsd" version="1.6.1">
  <compounddef id="classrelPrintExprEndLine" kind="class" prot="public">
    <compoundname>relPrintExprEndLine</compoundname>
    <basecompoundref refid="classrelPrintExpr" prot="public" virt="non-virtual">relPrintExpr</basecompoundref>
    <includes refid="relPrintExpr_8h" local="no">relPrintExpr.h</includes>
      <sectiondef kind="public-func">
      <memberdef kind="function" id="classrelPrintExprEndLine_1a948467ca236a822f64a53473ffbabcaa" prot="public" static="no" const="no" explicit="no" inline="yes" virt="non-virtual">
        <type></type>
        <definition>relPrintExprEndLine::relPrintExprEndLine</definition>
        <argsstring>()</argsstring>
        <name>relPrintExprEndLine</name>
        <briefdescription>
        </briefdescription>
        <detaileddescription>
        </detaileddescription>
        <inbodydescription>
        </inbodydescription>
        <location file="relPrintExpr.h" line="75" bodyfile="relPrintExpr.h" bodystart="74" bodyend="75"/>
      </memberdef>
      <memberdef kind="function" id="classrelPrintExprEndLine_1aa29c369d4cb070ccf8f8dbf17cbbe961" prot="public" static="no" const="no" explicit="no" inline="yes" virt="non-virtual">
        <type></type>
        <definition>relPrintExprEndLine::~relPrintExprEndLine</definition>
        <argsstring>()</argsstring>
        <name>~relPrintExprEndLine</name>
        <briefdescription>
        </briefdescription>
        <detaileddescription>
        </detaileddescription>
        <inbodydescription>
        </inbodydescription>
        <location file="relPrintExpr.h" line="78" bodyfile="relPrintExpr.h" bodystart="77" bodyend="78"/>
      </memberdef>
      <memberdef kind="function" id="classrelPrintExprEndLine_1a76d6b76b16a446d2369b40137dab0022" prot="public" static="no" const="no" explicit="no" inline="yes" virt="virtual">
        <type>void</type>
        <definition>virtual void relPrintExprEndLine::interpret</definition>
        <argsstring>(bddSymTab *pSymTab, ostream *pOut)</argsstring>
        <name>interpret</name>
        <reimplements refid="classrelPrintExpr_1a4bd82c6b6b055c068997368c18930d7f">interpret</reimplements>
        <param>
          <type><ref refid="classbddSymTab" kindref="compound">bddSymTab</ref> *</type>
          <declname>pSymTab</declname>
        </param>
        <param>
          <type>ostream *</type>
          <declname>pOut</declname>
        </param>
        <briefdescription>
        </briefdescription>
        <detaileddescription>
        </detaileddescription>
        <inbodydescription>
        </inbodydescription>
        <location file="relPrintExpr.h" line="82" bodyfile="relPrintExpr.h" bodystart="81" bodyend="84"/>
      </memberdef>
      </sectiondef>
    <briefdescription>
    </briefdescription>
    <detaileddescription>
    </detaileddescription>
    <inheritancegraph>
      <node id="352">
        <label>relObject</label>
        <link refid="classrelObject"/>
      </node>
      <node id="350">
        <label>relPrintExprEndLine</label>
        <link refid="classrelPrintExprEndLine"/>
        <childnode refid="351" relation="public-inheritance">
        </childnode>
      </node>
      <node id="351">
        <label>relPrintExpr</label>
        <link refid="classrelPrintExpr"/>
        <childnode refid="352" relation="public-inheritance">
        </childnode>
      </node>
    </inheritancegraph>
    <collaborationgraph>
      <node id="355">
        <label>relObject</label>
        <link refid="classrelObject"/>
        <childnode refid="356" relation="usage">
          <edgelabel>count</edgelabel>
        </childnode>
      </node>
      <node id="356">
        <label>static long</label>
      </node>
      <node id="353">
        <label>relPrintExprEndLine</label>
        <link refid="classrelPrintExprEndLine"/>
        <childnode refid="354" relation="public-inheritance">
        </childnode>
      </node>
      <node id="354">
        <label>relPrintExpr</label>
        <link refid="classrelPrintExpr"/>
        <childnode refid="355" relation="public-inheritance">
        </childnode>
      </node>
    </collaborationgraph>
    <location file="relPrintExpr.h" line="70" bodyfile="relPrintExpr.h" bodystart="69" bodyend="85"/>
    <listofallmembers>
      <member refid="classrelObject_1ad987378e185fff56551fb78be0a3e971" prot="public" virt="non-virtual"><scope>relPrintExprEndLine</scope><name>GetCount</name></member>
      <member refid="classrelPrintExprEndLine_1a76d6b76b16a446d2369b40137dab0022" prot="public" virt="virtual"><scope>relPrintExprEndLine</scope><name>interpret</name></member>
      <member refid="classrelObject_1aa8fc3941bf9f84e8cf90a821cb0a2d15" prot="public" virt="non-virtual"><scope>relPrintExprEndLine</scope><name>relObject</name></member>
      <member refid="classrelObject_1a88249926871015e4149a7468ec845b99" prot="public" virt="non-virtual"><scope>relPrintExprEndLine</scope><name>relObject</name></member>
      <member refid="classrelPrintExprEndLine_1a948467ca236a822f64a53473ffbabcaa" prot="public" virt="non-virtual"><scope>relPrintExprEndLine</scope><name>relPrintExprEndLine</name></member>
      <member refid="classrelObject_1a4fb533b43971834655cd0cb1323f979b" prot="public" virt="virtual"><scope>relPrintExprEndLine</scope><name>~relObject</name></member>
      <member refid="classrelPrintExprEndLine_1aa29c369d4cb070ccf8f8dbf17cbbe961" prot="public" virt="non-virtual"><scope>relPrintExprEndLine</scope><name>~relPrintExprEndLine</name></member>
    </listofallmembers>
  </compounddef>
</doxygen>
