<?xml version='1.0' encoding='UTF-8' standalone='no'?>
<doxygen xmlns:xsi="http://www.w3.org/2001/XMLSchema-instance" xsi:noNamespaceSchemaLocation="compound.xsd" version="1.6.1">
  <compounddef id="classrelExprClosure" kind="class" prot="public">
    <compoundname>relExprClosure</compoundname>
    <basecompoundref refid="classrelExpression" prot="public" virt="non-virtual">relExpression</basecompoundref>
    <includes refid="relExpression_8h" local="no">relExpression.h</includes>
      <sectiondef kind="public-type">
      <memberdef kind="enum" id="classrelExprClosure_1ab186ddcc2b1e30fe49bf286c71020f75" prot="public" static="no">
        <name>relTCAlg</name>
        <enumvalue id="classrelExprClosure_1ab186ddcc2b1e30fe49bf286c71020f75ac3c2783af2e5c6ad8f5510b45bafb253" prot="public">
          <name>EXPTRAVERS</name>
          <briefdescription>
          </briefdescription>
          <detaileddescription>
          </detaileddescription>
        </enumvalue>
        <enumvalue id="classrelExprClosure_1ab186ddcc2b1e30fe49bf286c71020f75a7d4c8f94c0790de465fa354b5194d41d" prot="public">
          <name>WARSHALLII</name>
          <briefdescription>
          </briefdescription>
          <detaileddescription>
          </detaileddescription>
        </enumvalue>
        <briefdescription>
        </briefdescription>
        <detaileddescription>
        </detaileddescription>
        <inbodydescription>
        </inbodydescription>
        <location file="relExpression.h" line="503" bodyfile="relExpression.h" bodystart="503" bodyend="503"/>
      </memberdef>
      </sectiondef>
      <sectiondef kind="private-attrib">
      <memberdef kind="variable" id="classrelExprClosure_1a473b2a582629c711f347df2c537e3e36" prot="private" static="no" mutable="no">
        <type><ref refid="classrelExpression" kindref="compound">relExpression</ref> *</type>
        <definition>relExpression* relExprClosure::mExpr</definition>
        <argsstring></argsstring>
        <name>mExpr</name>
        <briefdescription>
        </briefdescription>
        <detaileddescription>
        </detaileddescription>
        <inbodydescription>
        </inbodydescription>
        <location file="relExpression.h" line="506" bodyfile="relExpression.h" bodystart="506" bodyend="-1"/>
      </memberdef>
      <memberdef kind="variable" id="classrelExprClosure_1ade36481dc3d5902411b345c725c179c8" prot="private" static="no" mutable="no">
        <type><ref refid="classrelExprClosure_1ab186ddcc2b1e30fe49bf286c71020f75" kindref="member">relTCAlg</ref></type>
        <definition>relTCAlg relExprClosure::mAlg</definition>
        <argsstring></argsstring>
        <name>mAlg</name>
        <briefdescription>
        </briefdescription>
        <detaileddescription>
        </detaileddescription>
        <inbodydescription>
        </inbodydescription>
        <location file="relExpression.h" line="507" bodyfile="relExpression.h" bodystart="507" bodyend="-1"/>
      </memberdef>
      </sectiondef>
      <sectiondef kind="public-func">
      <memberdef kind="function" id="classrelExprClosure_1a8b333953fe23a903c3aed988172e5f17" prot="public" static="no" const="no" explicit="no" inline="yes" virt="non-virtual">
        <type></type>
        <definition>relExprClosure::relExprClosure</definition>
        <argsstring>(relExpression *pExpr, relTCAlg pAlg)</argsstring>
        <name>relExprClosure</name>
        <param>
          <type><ref refid="classrelExpression" kindref="compound">relExpression</ref> *</type>
          <declname>pExpr</declname>
        </param>
        <param>
          <type><ref refid="classrelExprClosure_1ab186ddcc2b1e30fe49bf286c71020f75" kindref="member">relTCAlg</ref></type>
          <declname>pAlg</declname>
        </param>
        <briefdescription>
        </briefdescription>
        <detaileddescription>
        </detaileddescription>
        <inbodydescription>
        </inbodydescription>
        <location file="relExpression.h" line="514" bodyfile="relExpression.h" bodystart="510" bodyend="514"/>
      </memberdef>
      <memberdef kind="function" id="classrelExprClosure_1aa956fb1ee848a339d05ff4b8234fef74" prot="public" static="no" const="no" explicit="no" inline="yes" virt="non-virtual">
        <type></type>
        <definition>relExprClosure::~relExprClosure</definition>
        <argsstring>()</argsstring>
        <name>~relExprClosure</name>
        <briefdescription>
        </briefdescription>
        <detaileddescription>
        </detaileddescription>
        <inbodydescription>
        </inbodydescription>
        <location file="relExpression.h" line="517" bodyfile="relExpression.h" bodystart="516" bodyend="519"/>
        <references refid="classrelExprClosure_1a473b2a582629c711f347df2c537e3e36" compoundref="relExpression_8h" startline="506">mExpr</references>
      </memberdef>
      <memberdef kind="function" id="classrelExprClosure_1ac94a4425fb731222b71c2eab4e99fb4d" prot="public" static="no" const="no" explicit="no" inline="yes" virt="virtual">
        <type>set&lt; string &gt;</type>
        <definition>virtual set&lt;string&gt; relExprClosure::collectFreeAttrs</definition>
        <argsstring>()</argsstring>
        <name>collectFreeAttrs</name>
        <reimplements refid="classrelExpression_1a4f5effc1cf304db906371c978d8830dc">collectFreeAttrs</reimplements>
        <briefdescription>
        </briefdescription>
        <detaileddescription>
        </detaileddescription>
        <inbodydescription>
        </inbodydescription>
        <location file="relExpression.h" line="523" bodyfile="relExpression.h" bodystart="522" bodyend="525"/>
        <references refid="classrelExpression_1a4f5effc1cf304db906371c978d8830dc">relExpression::collectFreeAttrs</references>
        <references refid="classrelExprClosure_1a473b2a582629c711f347df2c537e3e36" compoundref="relExpression_8h" startline="506">mExpr</references>
      </memberdef>
      <memberdef kind="function" id="classrelExprClosure_1abc6f9797722dcdaf5030aadb536f76a1" prot="public" static="no" const="no" explicit="no" inline="yes" virt="virtual">
        <type><ref refid="classbddRelation" kindref="compound">bddRelation</ref></type>
        <definition>virtual bddRelation relExprClosure::interpret</definition>
        <argsstring>(bddSymTab *pSymTab)</argsstring>
        <name>interpret</name>
        <reimplements refid="classrelExpression_1a2659d1b3b785d5d00993a0364577bc61">interpret</reimplements>
        <param>
          <type><ref refid="classbddSymTab" kindref="compound">bddSymTab</ref> *</type>
          <declname>pSymTab</declname>
        </param>
        <briefdescription>
        </briefdescription>
        <detaileddescription>
        </detaileddescription>
        <inbodydescription>
        </inbodydescription>
        <location file="relExpression.h" line="530" bodyfile="relExpression.h" bodystart="529" bodyend="770"/>
        <references refid="classbddSymTab_1a677d202fabc72c352c25c0dd6c2ec4e6" compoundref="bddSymTab_8h" startline="197" endline="216">bddSymTab::addAttribute</references>
        <references refid="classrelExpression_1a4f5effc1cf304db906371c978d8830dc">relExpression::collectFreeAttrs</references>
        <references refid="classbddRelation_1a689ae88ba64f8e7f83bc7209593fb63d" compoundref="bddRelation_8h" startline="321" endline="323">bddRelation::complement</references>
        <references refid="classbddSymTab_1addfb1b83129c7699fe6ac9db44889514" compoundref="bddSymTab_8h" startline="255" endline="265">bddSymTab::computeVariableOrder</references>
        <references refid="classbddRelation_1afa0bfcaddb908ffde192f41335d4b450" compoundref="bddRelation_8h" startline="337" endline="345">bddRelation::exists</references>
        <references refid="classrelExprClosure_1ab186ddcc2b1e30fe49bf286c71020f75ac3c2783af2e5c6ad8f5510b45bafb253" compoundref="relExpression_8h" startline="503">EXPTRAVERS</references>
        <references refid="classbddSymTab_1aab25df999390749492cd006895f8c93a" compoundref="bddSymTab_8h" startline="165" endline="171">bddSymTab::getAttributePos</references>
        <references refid="classbddRelation_1a60eb583dff3b710664b3daf3a008d85b" compoundref="bddRelation_8h" startline="295" endline="299">bddRelation::getElement</references>
        <references refid="classrelExpression_1a2659d1b3b785d5d00993a0364577bc61">relExpression::interpret</references>
        <references refid="classbddRelation_1a1b120249b8f114c58703428728a2bcb0" compoundref="bddRelation_8h" startline="331" endline="333">bddRelation::intersect</references>
        <references refid="classbddRelation_1ae3620d86b24fa3d09b2fcb37fba6e80b" compoundref="bddRelation_8h" startline="316" endline="318">bddRelation::isEmpty</references>
        <references refid="classrelExprClosure_1ade36481dc3d5902411b345c725c179c8" compoundref="relExpression_8h" startline="507">mAlg</references>
        <references refid="classrelExprClosure_1a473b2a582629c711f347df2c537e3e36" compoundref="relExpression_8h" startline="506">mExpr</references>
        <references refid="classbddRelation_1a251b7f51e8fea65a96d02e9f55eb09d6" compoundref="bddRelation_8h" startline="166" endline="173">bddRelation::mkAttributeValue</references>
        <references refid="classbddSymTab_1a1032fa2e7ea7b67d1337579b854402fd" compoundref="bddSymTab_8h" startline="221" endline="226">bddSymTab::removeAttribute</references>
        <references refid="classbddRelation_1aff2e779eb6e2b747451ccd1f3a90c1a4" compoundref="bddRelation_8h" startline="360" endline="397">bddRelation::rename</references>
        <references refid="classbddRelation_1a230afed75845fcfb9f9246c032f6e26f" compoundref="bddRelation_8h" startline="305" endline="307">bddRelation::setEqual</references>
        <references refid="classbddRelation_1a6d73f50efc75bb8e525835f8c6d1fb1b" compoundref="bddRelation_8h" startline="326" endline="328">bddRelation::unite</references>
        <references refid="classrelExprClosure_1ab186ddcc2b1e30fe49bf286c71020f75a7d4c8f94c0790de465fa354b5194d41d" compoundref="relExpression_8h" startline="503">WARSHALLII</references>
      </memberdef>
      </sectiondef>
    <briefdescription>
    </briefdescription>
    <detaileddescription>
    </detaileddescription>
    <inheritancegraph>
      <node id="93">
        <label>relExprClosure</label>
        <link refid="classrelExprClosure"/>
        <childnode refid="94" relation="public-inheritance">
        </childnode>
      </node>
      <node id="94">
        <label>relExpression</label>
        <link refid="classrelExpression"/>
        <childnode refid="95" relation="public-inheritance">
        </childnode>
      </node>
      <node id="95">
        <label>relObject</label>
        <link refid="classrelObject"/>
      </node>
    </inheritancegraph>
    <collaborationgraph>
      <node id="96">
        <label>relExprClosure</label>
        <link refid="classrelExprClosure"/>
        <childnode refid="97" relation="public-inheritance">
        </childnode>
        <childnode refid="100" relation="usage">
          <edgelabel>mAlg</edgelabel>
        </childnode>
        <childnode refid="97" relation="usage">
          <edgelabel>mExpr</edgelabel>
        </childnode>
      </node>
      <node id="97">
        <label>relExpression</label>
        <link refid="classrelExpression"/>
        <childnode refid="98" relation="public-inheritance">
        </childnode>
      </node>
      <node id="100">
        <label>relTCAlg</label>
      </node>
      <node id="98">
        <label>relObject</label>
        <link refid="classrelObject"/>
        <childnode refid="99" relation="usage">
          <edgelabel>count</edgelabel>
        </childnode>
      </node>
      <node id="99">
        <label>static long</label>
      </node>
    </collaborationgraph>
    <location file="relExpression.h" line="501" bodyfile="relExpression.h" bodystart="500" bodyend="771"/>
    <listofallmembers>
      <member refid="classrelExprClosure_1ac94a4425fb731222b71c2eab4e99fb4d" prot="public" virt="virtual"><scope>relExprClosure</scope><name>collectFreeAttrs</name></member>
      <member refid="classrelExprClosure_1ab186ddcc2b1e30fe49bf286c71020f75ac3c2783af2e5c6ad8f5510b45bafb253" prot="public" virt="non-virtual"><scope>relExprClosure</scope><name>EXPTRAVERS</name></member>
      <member refid="classrelObject_1ad987378e185fff56551fb78be0a3e971" prot="public" virt="non-virtual"><scope>relExprClosure</scope><name>GetCount</name></member>
      <member refid="classrelExprClosure_1abc6f9797722dcdaf5030aadb536f76a1" prot="public" virt="virtual"><scope>relExprClosure</scope><name>interpret</name></member>
      <member refid="classrelExprClosure_1ade36481dc3d5902411b345c725c179c8" prot="private" virt="non-virtual"><scope>relExprClosure</scope><name>mAlg</name></member>
      <member refid="classrelExprClosure_1a473b2a582629c711f347df2c537e3e36" prot="private" virt="non-virtual"><scope>relExprClosure</scope><name>mExpr</name></member>
      <member refid="classrelExprClosure_1a8b333953fe23a903c3aed988172e5f17" prot="public" virt="non-virtual"><scope>relExprClosure</scope><name>relExprClosure</name></member>
      <member refid="classrelObject_1aa8fc3941bf9f84e8cf90a821cb0a2d15" prot="public" virt="non-virtual"><scope>relExprClosure</scope><name>relObject</name></member>
      <member refid="classrelObject_1a88249926871015e4149a7468ec845b99" prot="public" virt="non-virtual"><scope>relExprClosure</scope><name>relObject</name></member>
      <member refid="classrelExprClosure_1ab186ddcc2b1e30fe49bf286c71020f75" prot="public" virt="non-virtual"><scope>relExprClosure</scope><name>relTCAlg</name></member>
      <member refid="classrelExprClosure_1ab186ddcc2b1e30fe49bf286c71020f75a7d4c8f94c0790de465fa354b5194d41d" prot="public" virt="non-virtual"><scope>relExprClosure</scope><name>WARSHALLII</name></member>
      <member refid="classrelExprClosure_1aa956fb1ee848a339d05ff4b8234fef74" prot="public" virt="non-virtual"><scope>relExprClosure</scope><name>~relExprClosure</name></member>
      <member refid="classrelObject_1a4fb533b43971834655cd0cb1323f979b" prot="public" virt="virtual"><scope>relExprClosure</scope><name>~relObject</name></member>
    </listofallmembers>
  </compounddef>
</doxygen>
