<?xml version='1.0' encoding='UTF-8' standalone='no'?>
<doxygen xmlns:xsi="http://www.w3.org/2001/XMLSchema-instance" xsi:noNamespaceSchemaLocation="compound.xsd" version="1.6.1">
  <compounddef id="classrelExprRelNumCmp" kind="class" prot="public">
    <compoundname>relExprRelNumCmp</compoundname>
    <basecompoundref refid="classrelExpression" prot="public" virt="non-virtual">relExpression</basecompoundref>
    <includes refid="relExpression_8h" local="no">relExpression.h</includes>
      <sectiondef kind="private-attrib">
      <memberdef kind="variable" id="classrelExprRelNumCmp_1a021161ba1a8679559ed80b835435073b" prot="private" static="no" mutable="no">
        <type>string *</type>
        <definition>string* relExprRelNumCmp::mRelSym</definition>
        <argsstring></argsstring>
        <name>mRelSym</name>
        <briefdescription>
        </briefdescription>
        <detaileddescription>
        </detaileddescription>
        <inbodydescription>
        </inbodydescription>
        <location file="relExpression.h" line="236" bodyfile="relExpression.h" bodystart="236" bodyend="-1"/>
      </memberdef>
      <memberdef kind="variable" id="classrelExprRelNumCmp_1aba91a6d07ec03eba3e0371a7ab0990fe" prot="private" static="no" mutable="no">
        <type><ref refid="classrelNumExpr" kindref="compound">relNumExpr</ref> *</type>
        <definition>relNumExpr* relExprRelNumCmp::mNumExpr1</definition>
        <argsstring></argsstring>
        <name>mNumExpr1</name>
        <briefdescription>
        </briefdescription>
        <detaileddescription>
        </detaileddescription>
        <inbodydescription>
        </inbodydescription>
        <location file="relExpression.h" line="237" bodyfile="relExpression.h" bodystart="237" bodyend="-1"/>
      </memberdef>
      <memberdef kind="variable" id="classrelExprRelNumCmp_1a49731252e4efb27cc4ad4d2873dc13f3" prot="private" static="no" mutable="no">
        <type><ref refid="classrelNumExpr" kindref="compound">relNumExpr</ref> *</type>
        <definition>relNumExpr* relExprRelNumCmp::mNumExpr2</definition>
        <argsstring></argsstring>
        <name>mNumExpr2</name>
        <briefdescription>
        </briefdescription>
        <detaileddescription>
        </detaileddescription>
        <inbodydescription>
        </inbodydescription>
        <location file="relExpression.h" line="238" bodyfile="relExpression.h" bodystart="238" bodyend="-1"/>
      </memberdef>
      </sectiondef>
      <sectiondef kind="public-func">
      <memberdef kind="function" id="classrelExprRelNumCmp_1adc91c0b925c87482b138d52cfca4574a" prot="public" static="no" const="no" explicit="no" inline="yes" virt="non-virtual">
        <type></type>
        <definition>relExprRelNumCmp::relExprRelNumCmp</definition>
        <argsstring>(string *pRelSym, relNumExpr *pNumExpr1, relNumExpr *pNumExpr2)</argsstring>
        <name>relExprRelNumCmp</name>
        <param>
          <type>string *</type>
          <declname>pRelSym</declname>
        </param>
        <param>
          <type><ref refid="classrelNumExpr" kindref="compound">relNumExpr</ref> *</type>
          <declname>pNumExpr1</declname>
        </param>
        <param>
          <type><ref refid="classrelNumExpr" kindref="compound">relNumExpr</ref> *</type>
          <declname>pNumExpr2</declname>
        </param>
        <briefdescription>
        </briefdescription>
        <detaileddescription>
        </detaileddescription>
        <inbodydescription>
        </inbodydescription>
        <location file="relExpression.h" line="245" bodyfile="relExpression.h" bodystart="241" bodyend="245"/>
      </memberdef>
      <memberdef kind="function" id="classrelExprRelNumCmp_1a80683f6942fea5664ff850c911984b4c" prot="public" static="no" const="no" explicit="no" inline="yes" virt="non-virtual">
        <type></type>
        <definition>relExprRelNumCmp::~relExprRelNumCmp</definition>
        <argsstring>()</argsstring>
        <name>~relExprRelNumCmp</name>
        <briefdescription>
        </briefdescription>
        <detaileddescription>
        </detaileddescription>
        <inbodydescription>
        </inbodydescription>
        <location file="relExpression.h" line="248" bodyfile="relExpression.h" bodystart="247" bodyend="252"/>
        <references refid="classrelExprRelNumCmp_1aba91a6d07ec03eba3e0371a7ab0990fe" compoundref="relExpression_8h" startline="237">mNumExpr1</references>
        <references refid="classrelExprRelNumCmp_1a49731252e4efb27cc4ad4d2873dc13f3" compoundref="relExpression_8h" startline="238">mNumExpr2</references>
        <references refid="classrelExprRelNumCmp_1a021161ba1a8679559ed80b835435073b" compoundref="relExpression_8h" startline="236">mRelSym</references>
      </memberdef>
      <memberdef kind="function" id="classrelExprRelNumCmp_1a46a887e389c1b0dbf7c30f38b5a3bf71" prot="public" static="no" const="no" explicit="no" inline="yes" virt="virtual">
        <type>set&lt; string &gt;</type>
        <definition>virtual set&lt;string&gt; relExprRelNumCmp::collectFreeAttrs</definition>
        <argsstring>()</argsstring>
        <name>collectFreeAttrs</name>
        <reimplements refid="classrelExpression_1a4f5effc1cf304db906371c978d8830dc">collectFreeAttrs</reimplements>
        <briefdescription>
        </briefdescription>
        <detaileddescription>
        </detaileddescription>
        <inbodydescription>
        </inbodydescription>
        <location file="relExpression.h" line="256" bodyfile="relExpression.h" bodystart="255" bodyend="259"/>
      </memberdef>
      <memberdef kind="function" id="classrelExprRelNumCmp_1a3a770c8e6ea193d5ad574466ace5e122" prot="public" static="no" const="no" explicit="no" inline="yes" virt="virtual">
        <type><ref refid="classbddRelation" kindref="compound">bddRelation</ref></type>
        <definition>virtual bddRelation relExprRelNumCmp::interpret</definition>
        <argsstring>(bddSymTab *pSymTab)</argsstring>
        <name>interpret</name>
        <reimplements refid="classrelExpression_1a2659d1b3b785d5d00993a0364577bc61">interpret</reimplements>
        <param>
          <type><ref refid="classbddSymTab" kindref="compound">bddSymTab</ref> *</type>
          <declname>pSymTab</declname>
        </param>
        <briefdescription>
        </briefdescription>
        <detaileddescription>
        </detaileddescription>
        <inbodydescription>
        </inbodydescription>
        <location file="relExpression.h" line="263" bodyfile="relExpression.h" bodystart="262" bodyend="279"/>
        <references refid="classrelNumber_1a473ce9259c99163a37654d4051dbbd3c" compoundref="relNumber_8h" startline="51" endline="54">relNumber::getValue</references>
        <references refid="classrelNumExpr_1a7ce9c0b7d5a76a66666afba031af28f6">relNumExpr::interpret</references>
        <references refid="classrelExprRelNumCmp_1aba91a6d07ec03eba3e0371a7ab0990fe" compoundref="relExpression_8h" startline="237">mNumExpr1</references>
        <references refid="classrelExprRelNumCmp_1a49731252e4efb27cc4ad4d2873dc13f3" compoundref="relExpression_8h" startline="238">mNumExpr2</references>
        <references refid="classrelExprRelNumCmp_1a021161ba1a8679559ed80b835435073b" compoundref="relExpression_8h" startline="236">mRelSym</references>
      </memberdef>
      </sectiondef>
    <briefdescription>
    </briefdescription>
    <detaileddescription>
    </detaileddescription>
    <inheritancegraph>
      <node id="156">
        <label>relExpression</label>
        <link refid="classrelExpression"/>
        <childnode refid="157" relation="public-inheritance">
        </childnode>
      </node>
      <node id="157">
        <label>relObject</label>
        <link refid="classrelObject"/>
      </node>
      <node id="155">
        <label>relExprRelNumCmp</label>
        <link refid="classrelExprRelNumCmp"/>
        <childnode refid="156" relation="public-inheritance">
        </childnode>
      </node>
    </inheritancegraph>
    <collaborationgraph>
      <node id="159">
        <label>relExpression</label>
        <link refid="classrelExpression"/>
        <childnode refid="160" relation="public-inheritance">
        </childnode>
      </node>
      <node id="162">
        <label>string</label>
      </node>
      <node id="163">
        <label>relNumExpr</label>
        <link refid="classrelNumExpr"/>
        <childnode refid="160" relation="public-inheritance">
        </childnode>
      </node>
      <node id="160">
        <label>relObject</label>
        <link refid="classrelObject"/>
        <childnode refid="161" relation="usage">
          <edgelabel>count</edgelabel>
        </childnode>
      </node>
      <node id="158">
        <label>relExprRelNumCmp</label>
        <link refid="classrelExprRelNumCmp"/>
        <childnode refid="159" relation="public-inheritance">
        </childnode>
        <childnode refid="162" relation="usage">
          <edgelabel>mRelSym</edgelabel>
        </childnode>
        <childnode refid="163" relation="usage">
          <edgelabel>mNumExpr1</edgelabel>
          <edgelabel>mNumExpr2</edgelabel>
        </childnode>
      </node>
      <node id="161">
        <label>static long</label>
      </node>
    </collaborationgraph>
    <location file="relExpression.h" line="234" bodyfile="relExpression.h" bodystart="233" bodyend="280"/>
    <listofallmembers>
      <member refid="classrelExprRelNumCmp_1a46a887e389c1b0dbf7c30f38b5a3bf71" prot="public" virt="virtual"><scope>relExprRelNumCmp</scope><name>collectFreeAttrs</name></member>
      <member refid="classrelObject_1ad987378e185fff56551fb78be0a3e971" prot="public" virt="non-virtual"><scope>relExprRelNumCmp</scope><name>GetCount</name></member>
      <member refid="classrelExprRelNumCmp_1a3a770c8e6ea193d5ad574466ace5e122" prot="public" virt="virtual"><scope>relExprRelNumCmp</scope><name>interpret</name></member>
      <member refid="classrelExprRelNumCmp_1aba91a6d07ec03eba3e0371a7ab0990fe" prot="private" virt="non-virtual"><scope>relExprRelNumCmp</scope><name>mNumExpr1</name></member>
      <member refid="classrelExprRelNumCmp_1a49731252e4efb27cc4ad4d2873dc13f3" prot="private" virt="non-virtual"><scope>relExprRelNumCmp</scope><name>mNumExpr2</name></member>
      <member refid="classrelExprRelNumCmp_1a021161ba1a8679559ed80b835435073b" prot="private" virt="non-virtual"><scope>relExprRelNumCmp</scope><name>mRelSym</name></member>
      <member refid="classrelExprRelNumCmp_1adc91c0b925c87482b138d52cfca4574a" prot="public" virt="non-virtual"><scope>relExprRelNumCmp</scope><name>relExprRelNumCmp</name></member>
      <member refid="classrelObject_1aa8fc3941bf9f84e8cf90a821cb0a2d15" prot="public" virt="non-virtual"><scope>relExprRelNumCmp</scope><name>relObject</name></member>
      <member refid="classrelObject_1a88249926871015e4149a7468ec845b99" prot="public" virt="non-virtual"><scope>relExprRelNumCmp</scope><name>relObject</name></member>
      <member refid="classrelExprRelNumCmp_1a80683f6942fea5664ff850c911984b4c" prot="public" virt="non-virtual"><scope>relExprRelNumCmp</scope><name>~relExprRelNumCmp</name></member>
      <member refid="classrelObject_1a4fb533b43971834655cd0cb1323f979b" prot="public" virt="virtual"><scope>relExprRelNumCmp</scope><name>~relObject</name></member>
    </listofallmembers>
  </compounddef>
</doxygen>
