<?xml version='1.0' encoding='UTF-8' standalone='no'?>
<doxygen xmlns:xsi="http://www.w3.org/2001/XMLSchema-instance" xsi:noNamespaceSchemaLocation="compound.xsd" version="1.6.1">
  <compounddef id="classrelTerm" kind="class" prot="public">
    <compoundname>relTerm</compoundname>
    <basecompoundref refid="classrelObject" prot="public" virt="non-virtual">relObject</basecompoundref>
    <derivedcompoundref refid="classrelTermAttribute" prot="public" virt="non-virtual">relTermAttribute</derivedcompoundref>
    <derivedcompoundref refid="classrelTermExists" prot="public" virt="non-virtual">relTermExists</derivedcompoundref>
    <derivedcompoundref refid="classrelTermStrExpr" prot="public" virt="non-virtual">relTermStrExpr</derivedcompoundref>
    <includes refid="relTerm_8h" local="no">relTerm.h</includes>
      <sectiondef kind="public-func">
      <memberdef kind="function" id="classrelTerm_1ae109241ae14902a11310a27a3fde4821" prot="public" static="no" const="no" explicit="no" inline="no" virt="pure-virtual">
        <type>string</type>
        <definition>virtual string relTerm::interpret</definition>
        <argsstring>(bddSymTab *pSymTab)=0</argsstring>
        <name>interpret</name>
        <reimplementedby refid="classrelTermExists_1a0c8c795c7ab79705a18f8cb306a3b3da">interpret</reimplementedby>
        <reimplementedby refid="classrelTermStrExpr_1aa4beb20a5f12e98108da2c7086f0d32c">interpret</reimplementedby>
        <reimplementedby refid="classrelTermAttribute_1a1cc9ac4b55e486a87e9e0f11d632f786">interpret</reimplementedby>
        <param>
          <type><ref refid="classbddSymTab" kindref="compound">bddSymTab</ref> *</type>
          <declname>pSymTab</declname>
        </param>
        <briefdescription>
        </briefdescription>
        <detaileddescription>
        </detaileddescription>
        <inbodydescription>
        </inbodydescription>
        <location file="relTerm.h" line="41"/>
      </memberdef>
      </sectiondef>
    <briefdescription>
    </briefdescription>
    <detaileddescription>
    </detaileddescription>
    <inheritancegraph>
      <node id="604">
        <label>relTerm</label>
        <link refid="classrelTerm"/>
        <childnode refid="605" relation="public-inheritance">
        </childnode>
      </node>
      <node id="608">
        <label>relTermStrExpr</label>
        <link refid="classrelTermStrExpr"/>
        <childnode refid="604" relation="public-inheritance">
        </childnode>
      </node>
      <node id="605">
        <label>relObject</label>
        <link refid="classrelObject"/>
      </node>
      <node id="607">
        <label>relTermExists</label>
        <link refid="classrelTermExists"/>
        <childnode refid="604" relation="public-inheritance">
        </childnode>
      </node>
      <node id="606">
        <label>relTermAttribute</label>
        <link refid="classrelTermAttribute"/>
        <childnode refid="604" relation="public-inheritance">
        </childnode>
      </node>
    </inheritancegraph>
    <collaborationgraph>
      <node id="609">
        <label>relTerm</label>
        <link refid="classrelTerm"/>
        <childnode refid="610" relation="public-inheritance">
        </childnode>
      </node>
      <node id="610">
        <label>relObject</label>
        <link refid="classrelObject"/>
        <childnode refid="611" relation="usage">
          <edgelabel>count</edgelabel>
        </childnode>
      </node>
      <node id="611">
        <label>static long</label>
      </node>
    </collaborationgraph>
    <location file="relTerm.h" line="38" bodyfile="relTerm.h" bodystart="37" bodyend="42"/>
    <listofallmembers>
      <member refid="classrelObject_1ad987378e185fff56551fb78be0a3e971" prot="public" virt="non-virtual"><scope>relTerm</scope><name>GetCount</name></member>
      <member refid="classrelTerm_1ae109241ae14902a11310a27a3fde4821" prot="public" virt="pure-virtual"><scope>relTerm</scope><name>interpret</name></member>
      <member refid="classrelObject_1aa8fc3941bf9f84e8cf90a821cb0a2d15" prot="public" virt="non-virtual"><scope>relTerm</scope><name>relObject</name></member>
      <member refid="classrelObject_1a88249926871015e4149a7468ec845b99" prot="public" virt="non-virtual"><scope>relTerm</scope><name>relObject</name></member>
      <member refid="classrelObject_1a4fb533b43971834655cd0cb1323f979b" prot="public" virt="virtual"><scope>relTerm</scope><name>~relObject</name></member>
    </listofallmembers>
  </compounddef>
</doxygen>
