<?xml version='1.0' encoding='UTF-8' standalone='no'?>
<doxygen xmlns:xsi="http://www.w3.org/2001/XMLSchema-instance" xsi:noNamespaceSchemaLocation="compound.xsd" version="1.6.1">
  <compounddef id="classrelReaderWriter" kind="class" prot="public">
    <compoundname>relReaderWriter</compoundname>
    <basecompoundref refid="classrelObject" prot="public" virt="non-virtual">relObject</basecompoundref>
    <includes refid="relReaderWriter_8h" local="no">relReaderWriter.h</includes>
      <sectiondef kind="private-attrib">
      <memberdef kind="variable" id="classrelReaderWriter_1a7be957f62c0d2e31f94a39a020a99ab9" prot="private" static="no" mutable="no">
        <type>ostream *</type>
        <definition>ostream* relReaderWriter::mCurrDataOutStream</definition>
        <argsstring></argsstring>
        <name>mCurrDataOutStream</name>
        <briefdescription>
        </briefdescription>
        <detaileddescription>
        </detaileddescription>
        <inbodydescription>
        </inbodydescription>
        <location file="relReaderWriter.h" line="43" bodyfile="relReaderWriter.h" bodystart="43" bodyend="-1"/>
      </memberdef>
      </sectiondef>
      <sectiondef kind="public-func">
      <memberdef kind="function" id="classrelReaderWriter_1a8f279d5488c6ab986026e71b7895e65a" prot="public" static="no" const="no" explicit="no" inline="yes" virt="non-virtual">
        <type>ostream *</type>
        <definition>ostream* relReaderWriter::getCurrDataOutStream</definition>
        <argsstring>()</argsstring>
        <name>getCurrDataOutStream</name>
        <briefdescription>
        </briefdescription>
        <detaileddescription>
        </detaileddescription>
        <inbodydescription>
        </inbodydescription>
        <location file="relReaderWriter.h" line="48" bodyfile="relReaderWriter.h" bodystart="47" bodyend="50"/>
        <references refid="classrelReaderWriter_1a7be957f62c0d2e31f94a39a020a99ab9" compoundref="relReaderWriter_8h" startline="43">mCurrDataOutStream</references>
      </memberdef>
      <memberdef kind="function" id="classrelReaderWriter_1ae196c3f67538fa4409c15e23afc58bf3" prot="public" static="no" const="no" explicit="no" inline="yes" virt="non-virtual">
        <type>void</type>
        <definition>void relReaderWriter::setCurrDataOutStream</definition>
        <argsstring>(ostream *pOutStream)</argsstring>
        <name>setCurrDataOutStream</name>
        <param>
          <type>ostream *</type>
          <declname>pOutStream</declname>
        </param>
        <briefdescription>
        </briefdescription>
        <detaileddescription>
        </detaileddescription>
        <inbodydescription>
        </inbodydescription>
        <location file="relReaderWriter.h" line="54" bodyfile="relReaderWriter.h" bodystart="53" bodyend="56"/>
        <references refid="classrelReaderWriter_1a7be957f62c0d2e31f94a39a020a99ab9" compoundref="relReaderWriter_8h" startline="43">mCurrDataOutStream</references>
      </memberdef>
      </sectiondef>
    <briefdescription>
    </briefdescription>
    <detaileddescription>
    </detaileddescription>
    <inheritancegraph>
      <node id="414">
        <label>relObject</label>
        <link refid="classrelObject"/>
      </node>
      <node id="413">
        <label>relReaderWriter</label>
        <link refid="classrelReaderWriter"/>
        <childnode refid="414" relation="public-inheritance">
        </childnode>
      </node>
    </inheritancegraph>
    <collaborationgraph>
      <node id="416">
        <label>relObject</label>
        <link refid="classrelObject"/>
        <childnode refid="417" relation="usage">
          <edgelabel>count</edgelabel>
        </childnode>
      </node>
      <node id="417">
        <label>static long</label>
      </node>
      <node id="415">
        <label>relReaderWriter</label>
        <link refid="classrelReaderWriter"/>
        <childnode refid="416" relation="public-inheritance">
        </childnode>
        <childnode refid="418" relation="usage">
          <edgelabel>mCurrDataOutStream</edgelabel>
        </childnode>
      </node>
      <node id="418">
        <label>ostream *</label>
      </node>
    </collaborationgraph>
    <location file="relReaderWriter.h" line="41" bodyfile="relReaderWriter.h" bodystart="40" bodyend="58"/>
    <listofallmembers>
      <member refid="classrelObject_1ad987378e185fff56551fb78be0a3e971" prot="public" virt="non-virtual"><scope>relReaderWriter</scope><name>GetCount</name></member>
      <member refid="classrelReaderWriter_1a8f279d5488c6ab986026e71b7895e65a" prot="public" virt="non-virtual"><scope>relReaderWriter</scope><name>getCurrDataOutStream</name></member>
      <member refid="classrelReaderWriter_1a7be957f62c0d2e31f94a39a020a99ab9" prot="private" virt="non-virtual"><scope>relReaderWriter</scope><name>mCurrDataOutStream</name></member>
      <member refid="classrelObject_1aa8fc3941bf9f84e8cf90a821cb0a2d15" prot="public" virt="non-virtual"><scope>relReaderWriter</scope><name>relObject</name></member>
      <member refid="classrelObject_1a88249926871015e4149a7468ec845b99" prot="public" virt="non-virtual"><scope>relReaderWriter</scope><name>relObject</name></member>
      <member refid="classrelReaderWriter_1ae196c3f67538fa4409c15e23afc58bf3" prot="public" virt="non-virtual"><scope>relReaderWriter</scope><name>setCurrDataOutStream</name></member>
      <member refid="classrelObject_1a4fb533b43971834655cd0cb1323f979b" prot="public" virt="virtual"><scope>relReaderWriter</scope><name>~relObject</name></member>
    </listofallmembers>
  </compounddef>
</doxygen>
