<?xml version='1.0' encoding='UTF-8' standalone='no'?>
<doxygen xmlns:xsi="http://www.w3.org/2001/XMLSchema-instance" xsi:noNamespaceSchemaLocation="compound.xsd" version="1.6.1">
  <compounddef id="classrelStmtAssignNum" kind="class" prot="public">
    <compoundname>relStmtAssignNum</compoundname>
    <basecompoundref refid="classrelStatement" prot="public" virt="non-virtual">relStatement</basecompoundref>
    <includes refid="relStatement_8h" local="no">relStatement.h</includes>
      <sectiondef kind="private-attrib">
      <memberdef kind="variable" id="classrelStmtAssignNum_1a00a80dfe1f94d5fd6a636f79f6728b72" prot="private" static="no" mutable="no">
        <type>string *</type>
        <definition>string* relStmtAssignNum::mVar</definition>
        <argsstring></argsstring>
        <name>mVar</name>
        <briefdescription>
        </briefdescription>
        <detaileddescription>
        </detaileddescription>
        <inbodydescription>
        </inbodydescription>
        <location file="relStatement.h" line="245" bodyfile="relStatement.h" bodystart="245" bodyend="-1"/>
      </memberdef>
      <memberdef kind="variable" id="classrelStmtAssignNum_1a0968394c1ababda146b1a74614dfb411" prot="private" static="no" mutable="no">
        <type><ref refid="classrelNumExpr" kindref="compound">relNumExpr</ref> *</type>
        <definition>relNumExpr* relStmtAssignNum::mExpr</definition>
        <argsstring></argsstring>
        <name>mExpr</name>
        <briefdescription>
        </briefdescription>
        <detaileddescription>
        </detaileddescription>
        <inbodydescription>
        </inbodydescription>
        <location file="relStatement.h" line="246" bodyfile="relStatement.h" bodystart="246" bodyend="-1"/>
      </memberdef>
      </sectiondef>
      <sectiondef kind="public-func">
      <memberdef kind="function" id="classrelStmtAssignNum_1aafe424933ddbd6e231095b558714ecbe" prot="public" static="no" const="no" explicit="no" inline="yes" virt="non-virtual">
        <type></type>
        <definition>relStmtAssignNum::relStmtAssignNum</definition>
        <argsstring>(string *pVar, relNumExpr *pExpr)</argsstring>
        <name>relStmtAssignNum</name>
        <param>
          <type>string *</type>
          <declname>pVar</declname>
        </param>
        <param>
          <type><ref refid="classrelNumExpr" kindref="compound">relNumExpr</ref> *</type>
          <declname>pExpr</declname>
        </param>
        <briefdescription>
        </briefdescription>
        <detaileddescription>
        </detaileddescription>
        <inbodydescription>
        </inbodydescription>
        <location file="relStatement.h" line="253" bodyfile="relStatement.h" bodystart="249" bodyend="253"/>
      </memberdef>
      <memberdef kind="function" id="classrelStmtAssignNum_1a2cbc0a3dddf7813d9e6450eb90afbfa4" prot="public" static="no" const="no" explicit="no" inline="yes" virt="non-virtual">
        <type></type>
        <definition>relStmtAssignNum::~relStmtAssignNum</definition>
        <argsstring>()</argsstring>
        <name>~relStmtAssignNum</name>
        <briefdescription>
        </briefdescription>
        <detaileddescription>
        </detaileddescription>
        <inbodydescription>
        </inbodydescription>
        <location file="relStatement.h" line="256" bodyfile="relStatement.h" bodystart="255" bodyend="259"/>
        <references refid="classrelStmtAssignNum_1a0968394c1ababda146b1a74614dfb411" compoundref="relStatement_8h" startline="246">mExpr</references>
        <references refid="classrelStmtAssignNum_1a00a80dfe1f94d5fd6a636f79f6728b72" compoundref="relStatement_8h" startline="245">mVar</references>
      </memberdef>
      <memberdef kind="function" id="classrelStmtAssignNum_1a92d05018dd637d43c5ae65247b92a1c7" prot="public" static="no" const="no" explicit="no" inline="yes" virt="virtual">
        <type>void</type>
        <definition>virtual void relStmtAssignNum::interpret</definition>
        <argsstring>(bddSymTab *pSymTab)</argsstring>
        <name>interpret</name>
        <reimplements refid="classrelStatement_1a9b50ccc1d8f5a9df3dbe754be438f8da">interpret</reimplements>
        <param>
          <type><ref refid="classbddSymTab" kindref="compound">bddSymTab</ref> *</type>
          <declname>pSymTab</declname>
        </param>
        <briefdescription>
        </briefdescription>
        <detaileddescription>
        </detaileddescription>
        <inbodydescription>
        </inbodydescription>
        <location file="relStatement.h" line="263" bodyfile="relStatement.h" bodystart="262" bodyend="276"/>
        <references refid="crocopat_8cpp_1a92c4a8dafce942b863e49715ceea637b" compoundref="crocopat_8cpp" startline="65">gAttributePrefix</references>
        <references refid="crocopat_8cpp_1aaa4271014ffca3d5839db383c88c5ea9" compoundref="crocopat_8cpp" startline="56">gVariables</references>
        <references refid="classrelNumExpr_1a7ce9c0b7d5a76a66666afba031af28f6">relNumExpr::interpret</references>
        <references refid="classrelStmtAssignNum_1a0968394c1ababda146b1a74614dfb411" compoundref="relStatement_8h" startline="246">mExpr</references>
        <references refid="classrelStmtAssignNum_1a00a80dfe1f94d5fd6a636f79f6728b72" compoundref="relStatement_8h" startline="245">mVar</references>
        <references refid="classbddSymTab_1a2d9b02e91e849f7c1efbe90f0133735d" compoundref="bddSymTab_8h" startline="232" endline="252">bddSymTab::removeUserAttributes</references>
      </memberdef>
      </sectiondef>
    <briefdescription>
    </briefdescription>
    <detaileddescription>
    </detaileddescription>
    <inheritancegraph>
      <node id="446">
        <label>relStmtAssignNum</label>
        <link refid="classrelStmtAssignNum"/>
        <childnode refid="447" relation="public-inheritance">
        </childnode>
      </node>
      <node id="447">
        <label>relStatement</label>
        <link refid="classrelStatement"/>
        <childnode refid="448" relation="public-inheritance">
        </childnode>
      </node>
      <node id="448">
        <label>relObject</label>
        <link refid="classrelObject"/>
      </node>
    </inheritancegraph>
    <collaborationgraph>
      <node id="454">
        <label>string *</label>
      </node>
      <node id="449">
        <label>relStmtAssignNum</label>
        <link refid="classrelStmtAssignNum"/>
        <childnode refid="450" relation="public-inheritance">
        </childnode>
        <childnode refid="453" relation="usage">
          <edgelabel>mExpr</edgelabel>
        </childnode>
        <childnode refid="454" relation="usage">
          <edgelabel>mVar</edgelabel>
        </childnode>
      </node>
      <node id="453">
        <label>relNumExpr</label>
        <link refid="classrelNumExpr"/>
        <childnode refid="451" relation="public-inheritance">
        </childnode>
      </node>
      <node id="450">
        <label>relStatement</label>
        <link refid="classrelStatement"/>
        <childnode refid="451" relation="public-inheritance">
        </childnode>
      </node>
      <node id="451">
        <label>relObject</label>
        <link refid="classrelObject"/>
        <childnode refid="452" relation="usage">
          <edgelabel>count</edgelabel>
        </childnode>
      </node>
      <node id="452">
        <label>static long</label>
      </node>
    </collaborationgraph>
    <location file="relStatement.h" line="243" bodyfile="relStatement.h" bodystart="242" bodyend="277"/>
    <listofallmembers>
      <member refid="classrelObject_1ad987378e185fff56551fb78be0a3e971" prot="public" virt="non-virtual"><scope>relStmtAssignNum</scope><name>GetCount</name></member>
      <member refid="classrelStmtAssignNum_1a92d05018dd637d43c5ae65247b92a1c7" prot="public" virt="virtual"><scope>relStmtAssignNum</scope><name>interpret</name></member>
      <member refid="classrelStmtAssignNum_1a0968394c1ababda146b1a74614dfb411" prot="private" virt="non-virtual"><scope>relStmtAssignNum</scope><name>mExpr</name></member>
      <member refid="classrelStmtAssignNum_1a00a80dfe1f94d5fd6a636f79f6728b72" prot="private" virt="non-virtual"><scope>relStmtAssignNum</scope><name>mVar</name></member>
      <member refid="classrelObject_1aa8fc3941bf9f84e8cf90a821cb0a2d15" prot="public" virt="non-virtual"><scope>relStmtAssignNum</scope><name>relObject</name></member>
      <member refid="classrelObject_1a88249926871015e4149a7468ec845b99" prot="public" virt="non-virtual"><scope>relStmtAssignNum</scope><name>relObject</name></member>
      <member refid="classrelStmtAssignNum_1aafe424933ddbd6e231095b558714ecbe" prot="public" virt="non-virtual"><scope>relStmtAssignNum</scope><name>relStmtAssignNum</name></member>
      <member refid="classrelObject_1a4fb533b43971834655cd0cb1323f979b" prot="public" virt="virtual"><scope>relStmtAssignNum</scope><name>~relObject</name></member>
      <member refid="classrelStmtAssignNum_1a2cbc0a3dddf7813d9e6450eb90afbfa4" prot="public" virt="non-virtual"><scope>relStmtAssignNum</scope><name>~relStmtAssignNum</name></member>
    </listofallmembers>
  </compounddef>
</doxygen>
