<?xml version='1.0' encoding='UTF-8' standalone='no'?>
<doxygen xmlns:xsi="http://www.w3.org/2001/XMLSchema-instance" xsi:noNamespaceSchemaLocation="compound.xsd" version="1.6.1">
  <compounddef id="classrelExprRelVar" kind="class" prot="public">
    <compoundname>relExprRelVar</compoundname>
    <basecompoundref refid="classrelExpression" prot="public" virt="non-virtual">relExpression</basecompoundref>
    <includes refid="relExpression_8h" local="no">relExpression.h</includes>
      <sectiondef kind="private-attrib">
      <memberdef kind="variable" id="classrelExprRelVar_1a7a6d2d3a98598cf90ae8e67fc523fa78" prot="private" static="no" mutable="no">
        <type>string *</type>
        <definition>string* relExprRelVar::mRelVar</definition>
        <argsstring></argsstring>
        <name>mRelVar</name>
        <briefdescription>
        </briefdescription>
        <detaileddescription>
        </detaileddescription>
        <inbodydescription>
        </inbodydescription>
        <location file="relExpression.h" line="70" bodyfile="relExpression.h" bodystart="70" bodyend="-1"/>
      </memberdef>
      <memberdef kind="variable" id="classrelExprRelVar_1ae1bf3bd8185e2a5bb9ec4ac0fb6dff19" prot="private" static="no" mutable="no">
        <type>vector&lt; <ref refid="classrelTerm" kindref="compound">relTerm</ref> * &gt; *</type>
        <definition>vector&lt;relTerm*&gt;* relExprRelVar::mTermList</definition>
        <argsstring></argsstring>
        <name>mTermList</name>
        <briefdescription>
        </briefdescription>
        <detaileddescription>
        </detaileddescription>
        <inbodydescription>
        </inbodydescription>
        <location file="relExpression.h" line="71" bodyfile="relExpression.h" bodystart="71" bodyend="-1"/>
      </memberdef>
      </sectiondef>
      <sectiondef kind="public-func">
      <memberdef kind="function" id="classrelExprRelVar_1a5e6290d1b2536a4610768e0059238097" prot="public" static="no" const="no" explicit="no" inline="yes" virt="non-virtual">
        <type></type>
        <definition>relExprRelVar::relExprRelVar</definition>
        <argsstring>(string *pRelVar, vector&lt; relTerm * &gt; *pTermList)</argsstring>
        <name>relExprRelVar</name>
        <param>
          <type>string *</type>
          <declname>pRelVar</declname>
        </param>
        <param>
          <type>vector&lt; <ref refid="classrelTerm" kindref="compound">relTerm</ref> * &gt; *</type>
          <declname>pTermList</declname>
        </param>
        <briefdescription>
        </briefdescription>
        <detaileddescription>
        </detaileddescription>
        <inbodydescription>
        </inbodydescription>
        <location file="relExpression.h" line="77" bodyfile="relExpression.h" bodystart="74" bodyend="77"/>
      </memberdef>
      <memberdef kind="function" id="classrelExprRelVar_1a67bfff84b9a1e0c4fd7129c7fe2c27ac" prot="public" static="no" const="no" explicit="no" inline="yes" virt="non-virtual">
        <type></type>
        <definition>relExprRelVar::~relExprRelVar</definition>
        <argsstring>()</argsstring>
        <name>~relExprRelVar</name>
        <briefdescription>
        </briefdescription>
        <detaileddescription>
        </detaileddescription>
        <inbodydescription>
        </inbodydescription>
        <location file="relExpression.h" line="80" bodyfile="relExpression.h" bodystart="79" bodyend="90"/>
        <references refid="classrelExprRelVar_1a7a6d2d3a98598cf90ae8e67fc523fa78" compoundref="relExpression_8h" startline="70">mRelVar</references>
        <references refid="classrelExprRelVar_1ae1bf3bd8185e2a5bb9ec4ac0fb6dff19" compoundref="relExpression_8h" startline="71">mTermList</references>
      </memberdef>
      <memberdef kind="function" id="classrelExprRelVar_1aee6e34d4c519adef3f8f9ad5b15bd2d2" prot="public" static="no" const="no" explicit="no" inline="yes" virt="virtual">
        <type>set&lt; string &gt;</type>
        <definition>virtual set&lt;string&gt; relExprRelVar::collectFreeAttrs</definition>
        <argsstring>()</argsstring>
        <name>collectFreeAttrs</name>
        <reimplements refid="classrelExpression_1a4f5effc1cf304db906371c978d8830dc">collectFreeAttrs</reimplements>
        <briefdescription>
        </briefdescription>
        <detaileddescription>
        </detaileddescription>
        <inbodydescription>
        </inbodydescription>
        <location file="relExpression.h" line="94" bodyfile="relExpression.h" bodystart="93" bodyend="106"/>
        <references refid="classrelExprRelVar_1ae1bf3bd8185e2a5bb9ec4ac0fb6dff19" compoundref="relExpression_8h" startline="71">mTermList</references>
      </memberdef>
      <memberdef kind="function" id="classrelExprRelVar_1a5470f24eafb11d589c40ffec35a77002" prot="public" static="no" const="no" explicit="no" inline="yes" virt="virtual">
        <type><ref refid="classbddRelation" kindref="compound">bddRelation</ref></type>
        <definition>virtual bddRelation relExprRelVar::interpret</definition>
        <argsstring>(bddSymTab *pSymTab)</argsstring>
        <name>interpret</name>
        <reimplements refid="classrelExpression_1a2659d1b3b785d5d00993a0364577bc61">interpret</reimplements>
        <param>
          <type><ref refid="classbddSymTab" kindref="compound">bddSymTab</ref> *</type>
          <declname>pSymTab</declname>
        </param>
        <briefdescription>
        </briefdescription>
        <detaileddescription>
        </detaileddescription>
        <inbodydescription>
        </inbodydescription>
        <location file="relExpression.h" line="110" bodyfile="relExpression.h" bodystart="109" bodyend="229"/>
        <references refid="classbddSymTab_1a677d202fabc72c352c25c0dd6c2ec4e6" compoundref="bddSymTab_8h" startline="197" endline="216">bddSymTab::addAttribute</references>
        <references refid="classbddRelation_1afa0bfcaddb908ffde192f41335d4b450" compoundref="bddRelation_8h" startline="337" endline="345">bddRelation::exists</references>
        <references refid="crocopat_8cpp_1a94bb68b440a90792dc147f319ce8f899" compoundref="crocopat_8cpp" startline="64">gAttributeNum</references>
        <references refid="crocopat_8cpp_1a92c4a8dafce942b863e49715ceea637b" compoundref="crocopat_8cpp" startline="65">gAttributePrefix</references>
        <references refid="crocopat_8cpp_1a92c8b6d3e0236f73e872068b12be9f0f" compoundref="crocopat_8cpp" startline="58">gPrintWarnings</references>
        <references refid="crocopat_8cpp_1aaa4271014ffca3d5839db383c88c5ea9" compoundref="crocopat_8cpp" startline="56">gVariables</references>
        <references refid="classbddRelation_1a1b120249b8f114c58703428728a2bcb0" compoundref="bddRelation_8h" startline="331" endline="333">bddRelation::intersect</references>
        <references refid="classbddSymTab_1ad6503d2fa5b882a6da7cbba3f8d1aa75" compoundref="bddSymTab_8h" startline="159" endline="162">bddSymTab::isValueGood</references>
        <references refid="classbddRelation_1a152e30040d4f2fe6f0cdacb669fd48c4" compoundref="bddRelation_8h" startline="189">bddRelation::mArity</references>
        <references refid="classbddRelation_1a251b7f51e8fea65a96d02e9f55eb09d6" compoundref="bddRelation_8h" startline="166" endline="173">bddRelation::mkAttributeValue</references>
        <references refid="classrelExprRelVar_1a7a6d2d3a98598cf90ae8e67fc523fa78" compoundref="relExpression_8h" startline="70">mRelVar</references>
        <references refid="classrelExprRelVar_1ae1bf3bd8185e2a5bb9ec4ac0fb6dff19" compoundref="relExpression_8h" startline="71">mTermList</references>
        <references refid="classbddRelation_1aff2e779eb6e2b747451ccd1f3a90c1a4" compoundref="bddRelation_8h" startline="360" endline="397">bddRelation::rename</references>
        <references refid="classbddRelation_1a6b7d42c2feaa4a728e88b56e82d4e1ef" compoundref="bddRelation_8h" startline="350" endline="356">bddRelation::testVars</references>
        <references refid="bddRelation_8h_1aa01e33ba29c5513806b31599308f3ab5" compoundref="crocopat_8cpp" startline="96" endline="103">unsigned2string</references>
      </memberdef>
      </sectiondef>
    <briefdescription>
    </briefdescription>
    <detaileddescription>
    </detaileddescription>
    <inheritancegraph>
      <node id="173">
        <label>relExpression</label>
        <link refid="classrelExpression"/>
        <childnode refid="174" relation="public-inheritance">
        </childnode>
      </node>
      <node id="172">
        <label>relExprRelVar</label>
        <link refid="classrelExprRelVar"/>
        <childnode refid="173" relation="public-inheritance">
        </childnode>
      </node>
      <node id="174">
        <label>relObject</label>
        <link refid="classrelObject"/>
      </node>
    </inheritancegraph>
    <collaborationgraph>
      <node id="176">
        <label>relExpression</label>
        <link refid="classrelExpression"/>
        <childnode refid="177" relation="public-inheritance">
        </childnode>
      </node>
      <node id="179">
        <label>string</label>
      </node>
      <node id="175">
        <label>relExprRelVar</label>
        <link refid="classrelExprRelVar"/>
        <childnode refid="176" relation="public-inheritance">
        </childnode>
        <childnode refid="179" relation="usage">
          <edgelabel>mRelVar</edgelabel>
        </childnode>
        <childnode refid="180" relation="usage">
          <edgelabel>mTermList</edgelabel>
        </childnode>
      </node>
      <node id="177">
        <label>relObject</label>
        <link refid="classrelObject"/>
        <childnode refid="178" relation="usage">
          <edgelabel>count</edgelabel>
        </childnode>
      </node>
      <node id="178">
        <label>static long</label>
      </node>
      <node id="180">
        <label>vector&lt; relTerm * &gt; *</label>
      </node>
    </collaborationgraph>
    <location file="relExpression.h" line="68" bodyfile="relExpression.h" bodystart="67" bodyend="230"/>
    <listofallmembers>
      <member refid="classrelExprRelVar_1aee6e34d4c519adef3f8f9ad5b15bd2d2" prot="public" virt="virtual"><scope>relExprRelVar</scope><name>collectFreeAttrs</name></member>
      <member refid="classrelObject_1ad987378e185fff56551fb78be0a3e971" prot="public" virt="non-virtual"><scope>relExprRelVar</scope><name>GetCount</name></member>
      <member refid="classrelExprRelVar_1a5470f24eafb11d589c40ffec35a77002" prot="public" virt="virtual"><scope>relExprRelVar</scope><name>interpret</name></member>
      <member refid="classrelExprRelVar_1a7a6d2d3a98598cf90ae8e67fc523fa78" prot="private" virt="non-virtual"><scope>relExprRelVar</scope><name>mRelVar</name></member>
      <member refid="classrelExprRelVar_1ae1bf3bd8185e2a5bb9ec4ac0fb6dff19" prot="private" virt="non-virtual"><scope>relExprRelVar</scope><name>mTermList</name></member>
      <member refid="classrelExprRelVar_1a5e6290d1b2536a4610768e0059238097" prot="public" virt="non-virtual"><scope>relExprRelVar</scope><name>relExprRelVar</name></member>
      <member refid="classrelObject_1aa8fc3941bf9f84e8cf90a821cb0a2d15" prot="public" virt="non-virtual"><scope>relExprRelVar</scope><name>relObject</name></member>
      <member refid="classrelObject_1a88249926871015e4149a7468ec845b99" prot="public" virt="non-virtual"><scope>relExprRelVar</scope><name>relObject</name></member>
      <member refid="classrelExprRelVar_1a67bfff84b9a1e0c4fd7129c7fe2c27ac" prot="public" virt="non-virtual"><scope>relExprRelVar</scope><name>~relExprRelVar</name></member>
      <member refid="classrelObject_1a4fb533b43971834655cd0cb1323f979b" prot="public" virt="virtual"><scope>relExprRelVar</scope><name>~relObject</name></member>
    </listofallmembers>
  </compounddef>
</doxygen>
