<?xml version='1.0' encoding='UTF-8' standalone='no'?>
<doxygen xmlns:xsi="http://www.w3.org/2001/XMLSchema-instance" xsi:noNamespaceSchemaLocation="compound.xsd" version="1.6.1">
  <compounddef id="classrelStrExprVar" kind="class" prot="public">
    <compoundname>relStrExprVar</compoundname>
    <basecompoundref refid="classrelStrExpr" prot="public" virt="non-virtual">relStrExpr</basecompoundref>
    <includes refid="relStrExpr_8h" local="no">relStrExpr.h</includes>
      <sectiondef kind="private-attrib">
      <memberdef kind="variable" id="classrelStrExprVar_1a64963fd8980a69930da369e9804561a9" prot="private" static="no" mutable="no">
        <type>string *</type>
        <definition>string* relStrExprVar::mVar</definition>
        <argsstring></argsstring>
        <name>mVar</name>
        <briefdescription>
        </briefdescription>
        <detaileddescription>
        </detaileddescription>
        <inbodydescription>
        </inbodydescription>
        <location file="relStrExpr.h" line="62" bodyfile="relStrExpr.h" bodystart="62" bodyend="-1"/>
      </memberdef>
      </sectiondef>
      <sectiondef kind="public-func">
      <memberdef kind="function" id="classrelStrExprVar_1a54e98476289fd62ec6b9fc1ec6300fa0" prot="public" static="no" const="no" explicit="no" inline="yes" virt="non-virtual">
        <type></type>
        <definition>relStrExprVar::relStrExprVar</definition>
        <argsstring>(string *pVar)</argsstring>
        <name>relStrExprVar</name>
        <param>
          <type>string *</type>
          <declname>pVar</declname>
        </param>
        <briefdescription>
        </briefdescription>
        <detaileddescription>
        </detaileddescription>
        <inbodydescription>
        </inbodydescription>
        <location file="relStrExpr.h" line="67" bodyfile="relStrExpr.h" bodystart="65" bodyend="67"/>
      </memberdef>
      <memberdef kind="function" id="classrelStrExprVar_1aece3699fbe1f92e3c20bae2611107841" prot="public" static="no" const="no" explicit="no" inline="yes" virt="non-virtual">
        <type></type>
        <definition>relStrExprVar::~relStrExprVar</definition>
        <argsstring>()</argsstring>
        <name>~relStrExprVar</name>
        <briefdescription>
        </briefdescription>
        <detaileddescription>
        </detaileddescription>
        <inbodydescription>
        </inbodydescription>
        <location file="relStrExpr.h" line="70" bodyfile="relStrExpr.h" bodystart="69" bodyend="72"/>
        <references refid="classrelStrExprVar_1a64963fd8980a69930da369e9804561a9" compoundref="relStrExpr_8h" startline="62">mVar</references>
      </memberdef>
      <memberdef kind="function" id="classrelStrExprVar_1af0e08135088ee862341a1ae1531f36bb" prot="public" static="no" const="no" explicit="no" inline="yes" virt="virtual">
        <type><ref refid="classrelString" kindref="compound">relString</ref></type>
        <definition>virtual relString relStrExprVar::interpret</definition>
        <argsstring>(bddSymTab *pSymTab)</argsstring>
        <name>interpret</name>
        <reimplements refid="classrelStrExpr_1a0602ca1fd170fd99c43c1d59e9180c55">interpret</reimplements>
        <param>
          <type><ref refid="classbddSymTab" kindref="compound">bddSymTab</ref> *</type>
          <declname>pSymTab</declname>
        </param>
        <briefdescription>
        </briefdescription>
        <detaileddescription>
        </detaileddescription>
        <inbodydescription>
        </inbodydescription>
        <location file="relStrExpr.h" line="76" bodyfile="relStrExpr.h" bodystart="75" bodyend="85"/>
        <references refid="crocopat_8cpp_1aaa4271014ffca3d5839db383c88c5ea9" compoundref="crocopat_8cpp" startline="56">gVariables</references>
        <references refid="classrelStrExprVar_1a64963fd8980a69930da369e9804561a9" compoundref="relStrExpr_8h" startline="62">mVar</references>
      </memberdef>
      </sectiondef>
    <briefdescription>
    </briefdescription>
    <detaileddescription>
    </detaileddescription>
    <inheritancegraph>
      <node id="589">
        <label>relStrExpr</label>
        <link refid="classrelStrExpr"/>
        <childnode refid="590" relation="public-inheritance">
        </childnode>
      </node>
      <node id="588">
        <label>relStrExprVar</label>
        <link refid="classrelStrExprVar"/>
        <childnode refid="589" relation="public-inheritance">
        </childnode>
      </node>
      <node id="590">
        <label>relObject</label>
        <link refid="classrelObject"/>
      </node>
    </inheritancegraph>
    <collaborationgraph>
      <node id="592">
        <label>relStrExpr</label>
        <link refid="classrelStrExpr"/>
        <childnode refid="593" relation="public-inheritance">
        </childnode>
      </node>
      <node id="595">
        <label>string</label>
      </node>
      <node id="591">
        <label>relStrExprVar</label>
        <link refid="classrelStrExprVar"/>
        <childnode refid="592" relation="public-inheritance">
        </childnode>
        <childnode refid="595" relation="usage">
          <edgelabel>mVar</edgelabel>
        </childnode>
      </node>
      <node id="593">
        <label>relObject</label>
        <link refid="classrelObject"/>
        <childnode refid="594" relation="usage">
          <edgelabel>count</edgelabel>
        </childnode>
      </node>
      <node id="594">
        <label>static long</label>
      </node>
    </collaborationgraph>
    <location file="relStrExpr.h" line="60" bodyfile="relStrExpr.h" bodystart="59" bodyend="86"/>
    <listofallmembers>
      <member refid="classrelObject_1ad987378e185fff56551fb78be0a3e971" prot="public" virt="non-virtual"><scope>relStrExprVar</scope><name>GetCount</name></member>
      <member refid="classrelStrExprVar_1af0e08135088ee862341a1ae1531f36bb" prot="public" virt="virtual"><scope>relStrExprVar</scope><name>interpret</name></member>
      <member refid="classrelStrExprVar_1a64963fd8980a69930da369e9804561a9" prot="private" virt="non-virtual"><scope>relStrExprVar</scope><name>mVar</name></member>
      <member refid="classrelObject_1aa8fc3941bf9f84e8cf90a821cb0a2d15" prot="public" virt="non-virtual"><scope>relStrExprVar</scope><name>relObject</name></member>
      <member refid="classrelObject_1a88249926871015e4149a7468ec845b99" prot="public" virt="non-virtual"><scope>relStrExprVar</scope><name>relObject</name></member>
      <member refid="classrelStrExprVar_1a54e98476289fd62ec6b9fc1ec6300fa0" prot="public" virt="non-virtual"><scope>relStrExprVar</scope><name>relStrExprVar</name></member>
      <member refid="classrelObject_1a4fb533b43971834655cd0cb1323f979b" prot="public" virt="virtual"><scope>relStrExprVar</scope><name>~relObject</name></member>
      <member refid="classrelStrExprVar_1aece3699fbe1f92e3c20bae2611107841" prot="public" virt="non-virtual"><scope>relStrExprVar</scope><name>~relStrExprVar</name></member>
    </listofallmembers>
  </compounddef>
</doxygen>
