<?xml version='1.0' encoding='UTF-8' standalone='no'?>
<doxygen xmlns:xsi="http://www.w3.org/2001/XMLSchema-instance" xsi:noNamespaceSchemaLocation="compound.xsd" version="1.6.1">
  <compounddef id="classrelStrExprBinOp" kind="class" prot="public">
    <compoundname>relStrExprBinOp</compoundname>
    <basecompoundref refid="classrelStrExpr" prot="public" virt="non-virtual">relStrExpr</basecompoundref>
    <includes refid="relStrExpr_8h" local="no">relStrExpr.h</includes>
      <sectiondef kind="public-type">
      <memberdef kind="enum" id="classrelStrExprBinOp_1a47cb9b884dfd2d101e526908e4257f04" prot="public" static="no">
        <name>relStrOP</name>
        <enumvalue id="classrelStrExprBinOp_1a47cb9b884dfd2d101e526908e4257f04a9740eb99d8ebc4fc8ee95274ac2371ae" prot="public">
          <name>CONCAT</name>
          <briefdescription>
          </briefdescription>
          <detaileddescription>
          </detaileddescription>
        </enumvalue>
        <briefdescription>
        </briefdescription>
        <detaileddescription>
        </detaileddescription>
        <inbodydescription>
        </inbodydescription>
        <location file="relStrExpr.h" line="115" bodyfile="relStrExpr.h" bodystart="115" bodyend="115"/>
      </memberdef>
      </sectiondef>
      <sectiondef kind="private-attrib">
      <memberdef kind="variable" id="classrelStrExprBinOp_1a767bd5cea941d8dae83dbd3828158736" prot="private" static="no" mutable="no">
        <type><ref refid="classrelStrExpr" kindref="compound">relStrExpr</ref> *</type>
        <definition>relStrExpr* relStrExprBinOp::mExpr1</definition>
        <argsstring></argsstring>
        <name>mExpr1</name>
        <briefdescription>
        </briefdescription>
        <detaileddescription>
        </detaileddescription>
        <inbodydescription>
        </inbodydescription>
        <location file="relStrExpr.h" line="118" bodyfile="relStrExpr.h" bodystart="118" bodyend="-1"/>
      </memberdef>
      <memberdef kind="variable" id="classrelStrExprBinOp_1a58160d431fbe73c27fed9e1c3549701e" prot="private" static="no" mutable="no">
        <type><ref refid="classrelStrExprBinOp_1a47cb9b884dfd2d101e526908e4257f04" kindref="member">relStrOP</ref></type>
        <definition>relStrOP relStrExprBinOp::mOp</definition>
        <argsstring></argsstring>
        <name>mOp</name>
        <briefdescription>
        </briefdescription>
        <detaileddescription>
        </detaileddescription>
        <inbodydescription>
        </inbodydescription>
        <location file="relStrExpr.h" line="119" bodyfile="relStrExpr.h" bodystart="119" bodyend="-1"/>
      </memberdef>
      <memberdef kind="variable" id="classrelStrExprBinOp_1a5c2ecdb29ddd93a4cf5c53f616fc493d" prot="private" static="no" mutable="no">
        <type><ref refid="classrelStrExpr" kindref="compound">relStrExpr</ref> *</type>
        <definition>relStrExpr* relStrExprBinOp::mExpr2</definition>
        <argsstring></argsstring>
        <name>mExpr2</name>
        <briefdescription>
        </briefdescription>
        <detaileddescription>
        </detaileddescription>
        <inbodydescription>
        </inbodydescription>
        <location file="relStrExpr.h" line="120" bodyfile="relStrExpr.h" bodystart="120" bodyend="-1"/>
      </memberdef>
      </sectiondef>
      <sectiondef kind="public-func">
      <memberdef kind="function" id="classrelStrExprBinOp_1aa827ad644b27e3790e3174c3ffab5b09" prot="public" static="no" const="no" explicit="no" inline="yes" virt="non-virtual">
        <type></type>
        <definition>relStrExprBinOp::relStrExprBinOp</definition>
        <argsstring>(relStrExpr *pExpr1, relStrOP pOp, relStrExpr *pExpr2)</argsstring>
        <name>relStrExprBinOp</name>
        <param>
          <type><ref refid="classrelStrExpr" kindref="compound">relStrExpr</ref> *</type>
          <declname>pExpr1</declname>
        </param>
        <param>
          <type><ref refid="classrelStrExprBinOp_1a47cb9b884dfd2d101e526908e4257f04" kindref="member">relStrOP</ref></type>
          <declname>pOp</declname>
        </param>
        <param>
          <type><ref refid="classrelStrExpr" kindref="compound">relStrExpr</ref> *</type>
          <declname>pExpr2</declname>
        </param>
        <briefdescription>
        </briefdescription>
        <detaileddescription>
        </detaileddescription>
        <inbodydescription>
        </inbodydescription>
        <location file="relStrExpr.h" line="129" bodyfile="relStrExpr.h" bodystart="123" bodyend="129"/>
      </memberdef>
      <memberdef kind="function" id="classrelStrExprBinOp_1a557d59474937afd9f7fe236c208f7649" prot="public" static="no" const="no" explicit="no" inline="yes" virt="non-virtual">
        <type></type>
        <definition>relStrExprBinOp::~relStrExprBinOp</definition>
        <argsstring>()</argsstring>
        <name>~relStrExprBinOp</name>
        <briefdescription>
        </briefdescription>
        <detaileddescription>
        </detaileddescription>
        <inbodydescription>
        </inbodydescription>
        <location file="relStrExpr.h" line="132" bodyfile="relStrExpr.h" bodystart="131" bodyend="135"/>
        <references refid="classrelStrExprBinOp_1a767bd5cea941d8dae83dbd3828158736" compoundref="relStrExpr_8h" startline="118">mExpr1</references>
        <references refid="classrelStrExprBinOp_1a5c2ecdb29ddd93a4cf5c53f616fc493d" compoundref="relStrExpr_8h" startline="120">mExpr2</references>
      </memberdef>
      <memberdef kind="function" id="classrelStrExprBinOp_1a30607bc09ac0fe6d737116f8a4358fc4" prot="public" static="no" const="no" explicit="no" inline="yes" virt="virtual">
        <type><ref refid="classrelString" kindref="compound">relString</ref></type>
        <definition>virtual relString relStrExprBinOp::interpret</definition>
        <argsstring>(bddSymTab *pSymTab)</argsstring>
        <name>interpret</name>
        <reimplements refid="classrelStrExpr_1a0602ca1fd170fd99c43c1d59e9180c55">interpret</reimplements>
        <param>
          <type><ref refid="classbddSymTab" kindref="compound">bddSymTab</ref> *</type>
          <declname>pSymTab</declname>
        </param>
        <briefdescription>
        </briefdescription>
        <detaileddescription>
        </detaileddescription>
        <inbodydescription>
        </inbodydescription>
        <location file="relStrExpr.h" line="139" bodyfile="relStrExpr.h" bodystart="138" bodyend="150"/>
        <references refid="classrelStrExprBinOp_1a47cb9b884dfd2d101e526908e4257f04a9740eb99d8ebc4fc8ee95274ac2371ae" compoundref="relStrExpr_8h" startline="115">CONCAT</references>
        <references refid="classrelString_1a93c23e805fb42d32daa545436bf93473" compoundref="relString_8h" startline="51" endline="54">relString::getValue</references>
        <references refid="classrelStrExpr_1a0602ca1fd170fd99c43c1d59e9180c55">relStrExpr::interpret</references>
        <references refid="classrelStrExprBinOp_1a767bd5cea941d8dae83dbd3828158736" compoundref="relStrExpr_8h" startline="118">mExpr1</references>
        <references refid="classrelStrExprBinOp_1a5c2ecdb29ddd93a4cf5c53f616fc493d" compoundref="relStrExpr_8h" startline="120">mExpr2</references>
        <references refid="classrelStrExprBinOp_1a58160d431fbe73c27fed9e1c3549701e" compoundref="relStrExpr_8h" startline="119">mOp</references>
        <references refid="classrelString_1ae870b7d7f2559320e0af94fc1da987f4" compoundref="relString_8h" startline="56" endline="59">relString::setValue</references>
      </memberdef>
      </sectiondef>
    <briefdescription>
    </briefdescription>
    <detaileddescription>
    </detaileddescription>
    <inheritancegraph>
      <node id="557">
        <label>relStrExpr</label>
        <link refid="classrelStrExpr"/>
        <childnode refid="558" relation="public-inheritance">
        </childnode>
      </node>
      <node id="558">
        <label>relObject</label>
        <link refid="classrelObject"/>
      </node>
      <node id="556">
        <label>relStrExprBinOp</label>
        <link refid="classrelStrExprBinOp"/>
        <childnode refid="557" relation="public-inheritance">
        </childnode>
      </node>
    </inheritancegraph>
    <collaborationgraph>
      <node id="560">
        <label>relStrExpr</label>
        <link refid="classrelStrExpr"/>
        <childnode refid="561" relation="public-inheritance">
        </childnode>
      </node>
      <node id="561">
        <label>relObject</label>
        <link refid="classrelObject"/>
        <childnode refid="562" relation="usage">
          <edgelabel>count</edgelabel>
        </childnode>
      </node>
      <node id="562">
        <label>static long</label>
      </node>
      <node id="559">
        <label>relStrExprBinOp</label>
        <link refid="classrelStrExprBinOp"/>
        <childnode refid="560" relation="public-inheritance">
        </childnode>
        <childnode refid="563" relation="usage">
          <edgelabel>mOp</edgelabel>
        </childnode>
        <childnode refid="560" relation="usage">
          <edgelabel>mExpr1</edgelabel>
          <edgelabel>mExpr2</edgelabel>
        </childnode>
      </node>
      <node id="563">
        <label>relStrOP</label>
      </node>
    </collaborationgraph>
    <location file="relStrExpr.h" line="113" bodyfile="relStrExpr.h" bodystart="112" bodyend="151"/>
    <listofallmembers>
      <member refid="classrelStrExprBinOp_1a47cb9b884dfd2d101e526908e4257f04a9740eb99d8ebc4fc8ee95274ac2371ae" prot="public" virt="non-virtual"><scope>relStrExprBinOp</scope><name>CONCAT</name></member>
      <member refid="classrelObject_1ad987378e185fff56551fb78be0a3e971" prot="public" virt="non-virtual"><scope>relStrExprBinOp</scope><name>GetCount</name></member>
      <member refid="classrelStrExprBinOp_1a30607bc09ac0fe6d737116f8a4358fc4" prot="public" virt="virtual"><scope>relStrExprBinOp</scope><name>interpret</name></member>
      <member refid="classrelStrExprBinOp_1a767bd5cea941d8dae83dbd3828158736" prot="private" virt="non-virtual"><scope>relStrExprBinOp</scope><name>mExpr1</name></member>
      <member refid="classrelStrExprBinOp_1a5c2ecdb29ddd93a4cf5c53f616fc493d" prot="private" virt="non-virtual"><scope>relStrExprBinOp</scope><name>mExpr2</name></member>
      <member refid="classrelStrExprBinOp_1a58160d431fbe73c27fed9e1c3549701e" prot="private" virt="non-virtual"><scope>relStrExprBinOp</scope><name>mOp</name></member>
      <member refid="classrelObject_1aa8fc3941bf9f84e8cf90a821cb0a2d15" prot="public" virt="non-virtual"><scope>relStrExprBinOp</scope><name>relObject</name></member>
      <member refid="classrelObject_1a88249926871015e4149a7468ec845b99" prot="public" virt="non-virtual"><scope>relStrExprBinOp</scope><name>relObject</name></member>
      <member refid="classrelStrExprBinOp_1aa827ad644b27e3790e3174c3ffab5b09" prot="public" virt="non-virtual"><scope>relStrExprBinOp</scope><name>relStrExprBinOp</name></member>
      <member refid="classrelStrExprBinOp_1a47cb9b884dfd2d101e526908e4257f04" prot="public" virt="non-virtual"><scope>relStrExprBinOp</scope><name>relStrOP</name></member>
      <member refid="classrelObject_1a4fb533b43971834655cd0cb1323f979b" prot="public" virt="virtual"><scope>relStrExprBinOp</scope><name>~relObject</name></member>
      <member refid="classrelStrExprBinOp_1a557d59474937afd9f7fe236c208f7649" prot="public" virt="non-virtual"><scope>relStrExprBinOp</scope><name>~relStrExprBinOp</name></member>
    </listofallmembers>
  </compounddef>
</doxygen>
