<?xml version='1.0' encoding='UTF-8' standalone='no'?>
<doxygen xmlns:xsi="http://www.w3.org/2001/XMLSchema-instance" xsi:noNamespaceSchemaLocation="compound.xsd" version="1.6.1">
  <compounddef id="classrelStrExprElem" kind="class" prot="public">
    <compoundname>relStrExprElem</compoundname>
    <basecompoundref refid="classrelStrExpr" prot="public" virt="non-virtual">relStrExpr</basecompoundref>
    <includes refid="relStrExpr_8h" local="no">relStrExpr.h</includes>
      <sectiondef kind="private-attrib">
      <memberdef kind="variable" id="classrelStrExprElem_1ac50810a941c918430f51937b5bc52939" prot="private" static="no" mutable="no">
        <type><ref refid="classrelExpression" kindref="compound">relExpression</ref> *</type>
        <definition>relExpression* relStrExprElem::mExpr</definition>
        <argsstring></argsstring>
        <name>mExpr</name>
        <briefdescription>
        </briefdescription>
        <detaileddescription>
        </detaileddescription>
        <inbodydescription>
        </inbodydescription>
        <location file="relStrExpr.h" line="157" bodyfile="relStrExpr.h" bodystart="157" bodyend="-1"/>
      </memberdef>
      </sectiondef>
      <sectiondef kind="public-func">
      <memberdef kind="function" id="classrelStrExprElem_1ab8b4ab716f6dfc9079ae57b968040479" prot="public" static="no" const="no" explicit="no" inline="yes" virt="non-virtual">
        <type></type>
        <definition>relStrExprElem::relStrExprElem</definition>
        <argsstring>(relExpression *pExpr)</argsstring>
        <name>relStrExprElem</name>
        <param>
          <type><ref refid="classrelExpression" kindref="compound">relExpression</ref> *</type>
          <declname>pExpr</declname>
        </param>
        <briefdescription>
        </briefdescription>
        <detaileddescription>
        </detaileddescription>
        <inbodydescription>
        </inbodydescription>
        <location file="relStrExpr.h" line="162" bodyfile="relStrExpr.h" bodystart="160" bodyend="162"/>
      </memberdef>
      <memberdef kind="function" id="classrelStrExprElem_1acf86ed7d65786758a1d4f4286e598550" prot="public" static="no" const="no" explicit="no" inline="no" virt="non-virtual">
        <type></type>
        <definition>relStrExprElem::~relStrExprElem</definition>
        <argsstring>()</argsstring>
        <name>~relStrExprElem</name>
        <briefdescription>
        </briefdescription>
        <detaileddescription>
        </detaileddescription>
        <inbodydescription>
        </inbodydescription>
        <location file="relStrExpr.h" line="164" bodyfile="relStrExpr.cpp" bodystart="35" bodyend="38"/>
        <references refid="classrelStrExprElem_1ac50810a941c918430f51937b5bc52939" compoundref="relStrExpr_8h" startline="157">mExpr</references>
      </memberdef>
      <memberdef kind="function" id="classrelStrExprElem_1ac1cc2e1d3b6ee6162ce97d4168dd5d18" prot="public" static="no" const="no" explicit="no" inline="no" virt="virtual">
        <type><ref refid="classrelString" kindref="compound">relString</ref></type>
        <definition>relString relStrExprElem::interpret</definition>
        <argsstring>(bddSymTab *pSymTab)</argsstring>
        <name>interpret</name>
        <reimplements refid="classrelStrExpr_1a0602ca1fd170fd99c43c1d59e9180c55">interpret</reimplements>
        <param>
          <type><ref refid="classbddSymTab" kindref="compound">bddSymTab</ref> *</type>
          <declname>pSymTab</declname>
        </param>
        <briefdescription>
        </briefdescription>
        <detaileddescription>
        </detaileddescription>
        <inbodydescription>
        </inbodydescription>
        <location file="relStrExpr.h" line="167" bodyfile="relStrExpr.cpp" bodystart="41" bodyend="56"/>
        <references refid="classrelExpression_1a4f5effc1cf304db906371c978d8830dc">relExpression::collectFreeAttrs</references>
        <references refid="classbddSymTab_1aab25df999390749492cd006895f8c93a" compoundref="bddSymTab_8h" startline="165" endline="171">bddSymTab::getAttributePos</references>
        <references refid="classbddRelation_1a60eb583dff3b710664b3daf3a008d85b" compoundref="bddRelation_8h" startline="295" endline="299">bddRelation::getElement</references>
        <references refid="classrelExpression_1a2659d1b3b785d5d00993a0364577bc61">relExpression::interpret</references>
        <references refid="classbddRelation_1ae3620d86b24fa3d09b2fcb37fba6e80b" compoundref="bddRelation_8h" startline="316" endline="318">bddRelation::isEmpty</references>
        <references refid="classrelStrExprElem_1ac50810a941c918430f51937b5bc52939" compoundref="relStrExpr_8h" startline="157">mExpr</references>
      </memberdef>
      </sectiondef>
    <briefdescription>
    </briefdescription>
    <detaileddescription>
    </detaileddescription>
    <inheritancegraph>
      <node id="573">
        <label>relStrExpr</label>
        <link refid="classrelStrExpr"/>
        <childnode refid="574" relation="public-inheritance">
        </childnode>
      </node>
      <node id="574">
        <label>relObject</label>
        <link refid="classrelObject"/>
      </node>
      <node id="572">
        <label>relStrExprElem</label>
        <link refid="classrelStrExprElem"/>
        <childnode refid="573" relation="public-inheritance">
        </childnode>
      </node>
    </inheritancegraph>
    <collaborationgraph>
      <node id="579">
        <label>relExpression</label>
        <link refid="classrelExpression"/>
        <childnode refid="577" relation="public-inheritance">
        </childnode>
      </node>
      <node id="576">
        <label>relStrExpr</label>
        <link refid="classrelStrExpr"/>
        <childnode refid="577" relation="public-inheritance">
        </childnode>
      </node>
      <node id="577">
        <label>relObject</label>
        <link refid="classrelObject"/>
        <childnode refid="578" relation="usage">
          <edgelabel>count</edgelabel>
        </childnode>
      </node>
      <node id="575">
        <label>relStrExprElem</label>
        <link refid="classrelStrExprElem"/>
        <childnode refid="576" relation="public-inheritance">
        </childnode>
        <childnode refid="579" relation="usage">
          <edgelabel>mExpr</edgelabel>
        </childnode>
      </node>
      <node id="578">
        <label>static long</label>
      </node>
    </collaborationgraph>
    <location file="relStrExpr.h" line="155" bodyfile="relStrExpr.h" bodystart="154" bodyend="168"/>
    <listofallmembers>
      <member refid="classrelObject_1ad987378e185fff56551fb78be0a3e971" prot="public" virt="non-virtual"><scope>relStrExprElem</scope><name>GetCount</name></member>
      <member refid="classrelStrExprElem_1ac1cc2e1d3b6ee6162ce97d4168dd5d18" prot="public" virt="virtual"><scope>relStrExprElem</scope><name>interpret</name></member>
      <member refid="classrelStrExprElem_1ac50810a941c918430f51937b5bc52939" prot="private" virt="non-virtual"><scope>relStrExprElem</scope><name>mExpr</name></member>
      <member refid="classrelObject_1aa8fc3941bf9f84e8cf90a821cb0a2d15" prot="public" virt="non-virtual"><scope>relStrExprElem</scope><name>relObject</name></member>
      <member refid="classrelObject_1a88249926871015e4149a7468ec845b99" prot="public" virt="non-virtual"><scope>relStrExprElem</scope><name>relObject</name></member>
      <member refid="classrelStrExprElem_1ab8b4ab716f6dfc9079ae57b968040479" prot="public" virt="non-virtual"><scope>relStrExprElem</scope><name>relStrExprElem</name></member>
      <member refid="classrelObject_1a4fb533b43971834655cd0cb1323f979b" prot="public" virt="virtual"><scope>relStrExprElem</scope><name>~relObject</name></member>
      <member refid="classrelStrExprElem_1acf86ed7d65786758a1d4f4286e598550" prot="public" virt="non-virtual"><scope>relStrExprElem</scope><name>~relStrExprElem</name></member>
    </listofallmembers>
  </compounddef>
</doxygen>
