<?xml version='1.0' encoding='UTF-8' standalone='no'?>
<doxygen xmlns:xsi="http://www.w3.org/2001/XMLSchema-instance" xsi:noNamespaceSchemaLocation="compound.xsd" version="1.6.1">
  <compounddef id="classrelNumExprBinOp" kind="class" prot="public">
    <compoundname>relNumExprBinOp</compoundname>
    <basecompoundref refid="classrelNumExpr" prot="public" virt="non-virtual">relNumExpr</basecompoundref>
    <includes refid="relNumExpr_8h" local="no">relNumExpr.h</includes>
      <sectiondef kind="public-type">
      <memberdef kind="enum" id="classrelNumExprBinOp_1a7c6ba64bd1fdbbd18f789f050568262a" prot="public" static="no">
        <name>relNumOP</name>
        <enumvalue id="classrelNumExprBinOp_1a7c6ba64bd1fdbbd18f789f050568262aab532a14b23fb8969d9e3c3db28d16d2c" prot="public">
          <name>PLUS</name>
          <briefdescription>
          </briefdescription>
          <detaileddescription>
          </detaileddescription>
        </enumvalue>
        <enumvalue id="classrelNumExprBinOp_1a7c6ba64bd1fdbbd18f789f050568262aa44fcf6488c3bda3a296a4f9a4ad52bce" prot="public">
          <name>MINUS</name>
          <briefdescription>
          </briefdescription>
          <detaileddescription>
          </detaileddescription>
        </enumvalue>
        <enumvalue id="classrelNumExprBinOp_1a7c6ba64bd1fdbbd18f789f050568262aa42b8c2454e6fdc239d16789e26edd9e7" prot="public">
          <name>MULT</name>
          <briefdescription>
          </briefdescription>
          <detaileddescription>
          </detaileddescription>
        </enumvalue>
        <enumvalue id="classrelNumExprBinOp_1a7c6ba64bd1fdbbd18f789f050568262aaaf7ffe83b751b89b396fe90b090e38d3" prot="public">
          <name>DDIV</name>
          <briefdescription>
          </briefdescription>
          <detaileddescription>
          </detaileddescription>
        </enumvalue>
        <enumvalue id="classrelNumExprBinOp_1a7c6ba64bd1fdbbd18f789f050568262aa88456b4a928806f32a3a48d886571a7e" prot="public">
          <name>IDIV</name>
          <briefdescription>
          </briefdescription>
          <detaileddescription>
          </detaileddescription>
        </enumvalue>
        <enumvalue id="classrelNumExprBinOp_1a7c6ba64bd1fdbbd18f789f050568262aa455ffe52eeb8a8f45fee9f5b6e8df8a9" prot="public">
          <name>MOD</name>
          <briefdescription>
          </briefdescription>
          <detaileddescription>
          </detaileddescription>
        </enumvalue>
        <enumvalue id="classrelNumExprBinOp_1a7c6ba64bd1fdbbd18f789f050568262aada02aef4361e40978b076f893d97d21a" prot="public">
          <name>POW</name>
          <briefdescription>
          </briefdescription>
          <detaileddescription>
          </detaileddescription>
        </enumvalue>
        <briefdescription>
        </briefdescription>
        <detaileddescription>
        </detaileddescription>
        <inbodydescription>
        </inbodydescription>
        <location file="relNumExpr.h" line="136" bodyfile="relNumExpr.h" bodystart="136" bodyend="136"/>
      </memberdef>
      </sectiondef>
      <sectiondef kind="private-attrib">
      <memberdef kind="variable" id="classrelNumExprBinOp_1ac6791fa5ce19ae6de84aa232f8d49afb" prot="private" static="no" mutable="no">
        <type><ref refid="classrelNumExpr" kindref="compound">relNumExpr</ref> *</type>
        <definition>relNumExpr* relNumExprBinOp::mExpr1</definition>
        <argsstring></argsstring>
        <name>mExpr1</name>
        <briefdescription>
        </briefdescription>
        <detaileddescription>
        </detaileddescription>
        <inbodydescription>
        </inbodydescription>
        <location file="relNumExpr.h" line="139" bodyfile="relNumExpr.h" bodystart="139" bodyend="-1"/>
      </memberdef>
      <memberdef kind="variable" id="classrelNumExprBinOp_1ac9350412fd104e961c2cbf07210a3543" prot="private" static="no" mutable="no">
        <type><ref refid="classrelNumExprBinOp_1a7c6ba64bd1fdbbd18f789f050568262a" kindref="member">relNumOP</ref></type>
        <definition>relNumOP relNumExprBinOp::mOp</definition>
        <argsstring></argsstring>
        <name>mOp</name>
        <briefdescription>
        </briefdescription>
        <detaileddescription>
        </detaileddescription>
        <inbodydescription>
        </inbodydescription>
        <location file="relNumExpr.h" line="140" bodyfile="relNumExpr.h" bodystart="140" bodyend="-1"/>
      </memberdef>
      <memberdef kind="variable" id="classrelNumExprBinOp_1af93e6ddb03aa601f1f57ecdd8f7902ab" prot="private" static="no" mutable="no">
        <type><ref refid="classrelNumExpr" kindref="compound">relNumExpr</ref> *</type>
        <definition>relNumExpr* relNumExprBinOp::mExpr2</definition>
        <argsstring></argsstring>
        <name>mExpr2</name>
        <briefdescription>
        </briefdescription>
        <detaileddescription>
        </detaileddescription>
        <inbodydescription>
        </inbodydescription>
        <location file="relNumExpr.h" line="141" bodyfile="relNumExpr.h" bodystart="141" bodyend="-1"/>
      </memberdef>
      </sectiondef>
      <sectiondef kind="public-func">
      <memberdef kind="function" id="classrelNumExprBinOp_1ade56e625ea43619d601edb9def9d27ba" prot="public" static="no" const="no" explicit="no" inline="yes" virt="non-virtual">
        <type></type>
        <definition>relNumExprBinOp::relNumExprBinOp</definition>
        <argsstring>(relNumExpr *pExpr1, relNumOP pOp, relNumExpr *pExpr2)</argsstring>
        <name>relNumExprBinOp</name>
        <param>
          <type><ref refid="classrelNumExpr" kindref="compound">relNumExpr</ref> *</type>
          <declname>pExpr1</declname>
        </param>
        <param>
          <type><ref refid="classrelNumExprBinOp_1a7c6ba64bd1fdbbd18f789f050568262a" kindref="member">relNumOP</ref></type>
          <declname>pOp</declname>
        </param>
        <param>
          <type><ref refid="classrelNumExpr" kindref="compound">relNumExpr</ref> *</type>
          <declname>pExpr2</declname>
        </param>
        <briefdescription>
        </briefdescription>
        <detaileddescription>
        </detaileddescription>
        <inbodydescription>
        </inbodydescription>
        <location file="relNumExpr.h" line="150" bodyfile="relNumExpr.h" bodystart="144" bodyend="150"/>
      </memberdef>
      <memberdef kind="function" id="classrelNumExprBinOp_1a5521188c55886d88704ac15cef2d4ae9" prot="public" static="no" const="no" explicit="no" inline="yes" virt="non-virtual">
        <type></type>
        <definition>relNumExprBinOp::~relNumExprBinOp</definition>
        <argsstring>()</argsstring>
        <name>~relNumExprBinOp</name>
        <briefdescription>
        </briefdescription>
        <detaileddescription>
        </detaileddescription>
        <inbodydescription>
        </inbodydescription>
        <location file="relNumExpr.h" line="153" bodyfile="relNumExpr.h" bodystart="152" bodyend="156"/>
        <references refid="classrelNumExprBinOp_1ac6791fa5ce19ae6de84aa232f8d49afb" compoundref="relNumExpr_8h" startline="139">mExpr1</references>
        <references refid="classrelNumExprBinOp_1af93e6ddb03aa601f1f57ecdd8f7902ab" compoundref="relNumExpr_8h" startline="141">mExpr2</references>
      </memberdef>
      <memberdef kind="function" id="classrelNumExprBinOp_1aeddd6d6de0823c84153c381f20124dfa" prot="public" static="no" const="no" explicit="no" inline="yes" virt="virtual">
        <type><ref refid="classrelNumber" kindref="compound">relNumber</ref></type>
        <definition>virtual relNumber relNumExprBinOp::interpret</definition>
        <argsstring>(bddSymTab *pSymTab)</argsstring>
        <name>interpret</name>
        <reimplements refid="classrelNumExpr_1a7ce9c0b7d5a76a66666afba031af28f6">interpret</reimplements>
        <param>
          <type><ref refid="classbddSymTab" kindref="compound">bddSymTab</ref> *</type>
          <declname>pSymTab</declname>
        </param>
        <briefdescription>
        </briefdescription>
        <detaileddescription>
        </detaileddescription>
        <inbodydescription>
        </inbodydescription>
        <location file="relNumExpr.h" line="160" bodyfile="relNumExpr.h" bodystart="159" bodyend="177"/>
        <references refid="classrelNumExprBinOp_1a7c6ba64bd1fdbbd18f789f050568262aaaf7ffe83b751b89b396fe90b090e38d3" compoundref="relNumExpr_8h" startline="136">DDIV</references>
        <references refid="classrelNumber_1a473ce9259c99163a37654d4051dbbd3c" compoundref="relNumber_8h" startline="51" endline="54">relNumber::getValue</references>
        <references refid="classrelNumExprBinOp_1a7c6ba64bd1fdbbd18f789f050568262aa88456b4a928806f32a3a48d886571a7e" compoundref="relNumExpr_8h" startline="136">IDIV</references>
        <references refid="classrelNumExpr_1a7ce9c0b7d5a76a66666afba031af28f6">relNumExpr::interpret</references>
        <references refid="classrelNumExprBinOp_1ac6791fa5ce19ae6de84aa232f8d49afb" compoundref="relNumExpr_8h" startline="139">mExpr1</references>
        <references refid="classrelNumExprBinOp_1af93e6ddb03aa601f1f57ecdd8f7902ab" compoundref="relNumExpr_8h" startline="141">mExpr2</references>
        <references refid="classrelNumExprBinOp_1a7c6ba64bd1fdbbd18f789f050568262aa44fcf6488c3bda3a296a4f9a4ad52bce" compoundref="relNumExpr_8h" startline="136">MINUS</references>
        <references refid="classrelNumExprBinOp_1a7c6ba64bd1fdbbd18f789f050568262aa455ffe52eeb8a8f45fee9f5b6e8df8a9" compoundref="relNumExpr_8h" startline="136">MOD</references>
        <references refid="classrelNumExprBinOp_1ac9350412fd104e961c2cbf07210a3543" compoundref="relNumExpr_8h" startline="140">mOp</references>
        <references refid="classrelNumExprBinOp_1a7c6ba64bd1fdbbd18f789f050568262aa42b8c2454e6fdc239d16789e26edd9e7" compoundref="relNumExpr_8h" startline="136">MULT</references>
        <references refid="classrelNumExprBinOp_1a7c6ba64bd1fdbbd18f789f050568262aab532a14b23fb8969d9e3c3db28d16d2c" compoundref="relNumExpr_8h" startline="136">PLUS</references>
        <references refid="classrelNumExprBinOp_1a7c6ba64bd1fdbbd18f789f050568262aada02aef4361e40978b076f893d97d21a" compoundref="relNumExpr_8h" startline="136">POW</references>
      </memberdef>
      </sectiondef>
    <briefdescription>
    </briefdescription>
    <detaileddescription>
    </detaileddescription>
    <inheritancegraph>
      <node id="209">
        <label>relNumExpr</label>
        <link refid="classrelNumExpr"/>
        <childnode refid="210" relation="public-inheritance">
        </childnode>
      </node>
      <node id="208">
        <label>relNumExprBinOp</label>
        <link refid="classrelNumExprBinOp"/>
        <childnode refid="209" relation="public-inheritance">
        </childnode>
      </node>
      <node id="210">
        <label>relObject</label>
        <link refid="classrelObject"/>
      </node>
    </inheritancegraph>
    <collaborationgraph>
      <node id="212">
        <label>relNumExpr</label>
        <link refid="classrelNumExpr"/>
        <childnode refid="213" relation="public-inheritance">
        </childnode>
      </node>
      <node id="211">
        <label>relNumExprBinOp</label>
        <link refid="classrelNumExprBinOp"/>
        <childnode refid="212" relation="public-inheritance">
        </childnode>
        <childnode refid="212" relation="usage">
          <edgelabel>mExpr1</edgelabel>
          <edgelabel>mExpr2</edgelabel>
        </childnode>
        <childnode refid="215" relation="usage">
          <edgelabel>mOp</edgelabel>
        </childnode>
      </node>
      <node id="215">
        <label>relNumOP</label>
      </node>
      <node id="213">
        <label>relObject</label>
        <link refid="classrelObject"/>
        <childnode refid="214" relation="usage">
          <edgelabel>count</edgelabel>
        </childnode>
      </node>
      <node id="214">
        <label>static long</label>
      </node>
    </collaborationgraph>
    <location file="relNumExpr.h" line="134" bodyfile="relNumExpr.h" bodystart="133" bodyend="178"/>
    <listofallmembers>
      <member refid="classrelNumExprBinOp_1a7c6ba64bd1fdbbd18f789f050568262aaaf7ffe83b751b89b396fe90b090e38d3" prot="public" virt="non-virtual"><scope>relNumExprBinOp</scope><name>DDIV</name></member>
      <member refid="classrelObject_1ad987378e185fff56551fb78be0a3e971" prot="public" virt="non-virtual"><scope>relNumExprBinOp</scope><name>GetCount</name></member>
      <member refid="classrelNumExprBinOp_1a7c6ba64bd1fdbbd18f789f050568262aa88456b4a928806f32a3a48d886571a7e" prot="public" virt="non-virtual"><scope>relNumExprBinOp</scope><name>IDIV</name></member>
      <member refid="classrelNumExprBinOp_1aeddd6d6de0823c84153c381f20124dfa" prot="public" virt="virtual"><scope>relNumExprBinOp</scope><name>interpret</name></member>
      <member refid="classrelNumExprBinOp_1ac6791fa5ce19ae6de84aa232f8d49afb" prot="private" virt="non-virtual"><scope>relNumExprBinOp</scope><name>mExpr1</name></member>
      <member refid="classrelNumExprBinOp_1af93e6ddb03aa601f1f57ecdd8f7902ab" prot="private" virt="non-virtual"><scope>relNumExprBinOp</scope><name>mExpr2</name></member>
      <member refid="classrelNumExprBinOp_1a7c6ba64bd1fdbbd18f789f050568262aa44fcf6488c3bda3a296a4f9a4ad52bce" prot="public" virt="non-virtual"><scope>relNumExprBinOp</scope><name>MINUS</name></member>
      <member refid="classrelNumExprBinOp_1a7c6ba64bd1fdbbd18f789f050568262aa455ffe52eeb8a8f45fee9f5b6e8df8a9" prot="public" virt="non-virtual"><scope>relNumExprBinOp</scope><name>MOD</name></member>
      <member refid="classrelNumExprBinOp_1ac9350412fd104e961c2cbf07210a3543" prot="private" virt="non-virtual"><scope>relNumExprBinOp</scope><name>mOp</name></member>
      <member refid="classrelNumExprBinOp_1a7c6ba64bd1fdbbd18f789f050568262aa42b8c2454e6fdc239d16789e26edd9e7" prot="public" virt="non-virtual"><scope>relNumExprBinOp</scope><name>MULT</name></member>
      <member refid="classrelNumExprBinOp_1a7c6ba64bd1fdbbd18f789f050568262aab532a14b23fb8969d9e3c3db28d16d2c" prot="public" virt="non-virtual"><scope>relNumExprBinOp</scope><name>PLUS</name></member>
      <member refid="classrelNumExprBinOp_1a7c6ba64bd1fdbbd18f789f050568262aada02aef4361e40978b076f893d97d21a" prot="public" virt="non-virtual"><scope>relNumExprBinOp</scope><name>POW</name></member>
      <member refid="classrelNumExprBinOp_1ade56e625ea43619d601edb9def9d27ba" prot="public" virt="non-virtual"><scope>relNumExprBinOp</scope><name>relNumExprBinOp</name></member>
      <member refid="classrelNumExprBinOp_1a7c6ba64bd1fdbbd18f789f050568262a" prot="public" virt="non-virtual"><scope>relNumExprBinOp</scope><name>relNumOP</name></member>
      <member refid="classrelObject_1aa8fc3941bf9f84e8cf90a821cb0a2d15" prot="public" virt="non-virtual"><scope>relNumExprBinOp</scope><name>relObject</name></member>
      <member refid="classrelObject_1a88249926871015e4149a7468ec845b99" prot="public" virt="non-virtual"><scope>relNumExprBinOp</scope><name>relObject</name></member>
      <member refid="classrelNumExprBinOp_1a5521188c55886d88704ac15cef2d4ae9" prot="public" virt="non-virtual"><scope>relNumExprBinOp</scope><name>~relNumExprBinOp</name></member>
      <member refid="classrelObject_1a4fb533b43971834655cd0cb1323f979b" prot="public" virt="virtual"><scope>relNumExprBinOp</scope><name>~relObject</name></member>
    </listofallmembers>
  </compounddef>
</doxygen>
