<?xml version='1.0' encoding='UTF-8' standalone='no'?>
<doxygen xmlns:xsi="http://www.w3.org/2001/XMLSchema-instance" xsi:noNamespaceSchemaLocation="compound.xsd" version="1.6.1">
  <compounddef id="classrelNumExprUnOp" kind="class" prot="public">
    <compoundname>relNumExprUnOp</compoundname>
    <basecompoundref refid="classrelNumExpr" prot="public" virt="non-virtual">relNumExpr</basecompoundref>
    <includes refid="relNumExpr_8h" local="no">relNumExpr.h</includes>
      <sectiondef kind="public-type">
      <memberdef kind="enum" id="classrelNumExprUnOp_1a73ee59d35d6929fb72d4dd06b942555c" prot="public" static="no">
        <name>relNumOP</name>
        <enumvalue id="classrelNumExprUnOp_1a73ee59d35d6929fb72d4dd06b942555ca6b0fa480b479a71725d6fcbe7b00565a" prot="public">
          <name>CARD</name>
          <briefdescription>
          </briefdescription>
          <detaileddescription>
          </detaileddescription>
        </enumvalue>
        <enumvalue id="classrelNumExprUnOp_1a73ee59d35d6929fb72d4dd06b942555ca06df398ec51d95e22626b6d310c57592" prot="public">
          <name>MIN</name>
          <briefdescription>
          </briefdescription>
          <detaileddescription>
          </detaileddescription>
        </enumvalue>
        <enumvalue id="classrelNumExprUnOp_1a73ee59d35d6929fb72d4dd06b942555ca3c901a29cbf780c97b1ae9f053b85479" prot="public">
          <name>MAX</name>
          <briefdescription>
          </briefdescription>
          <detaileddescription>
          </detaileddescription>
        </enumvalue>
        <enumvalue id="classrelNumExprUnOp_1a73ee59d35d6929fb72d4dd06b942555caa28b414a781f3db5188cbdacef1ccbd5" prot="public">
          <name>SUM</name>
          <briefdescription>
          </briefdescription>
          <detaileddescription>
          </detaileddescription>
        </enumvalue>
        <enumvalue id="classrelNumExprUnOp_1a73ee59d35d6929fb72d4dd06b942555ca0706c2dda38ca4ef436122812c78f1f7" prot="public">
          <name>AVG</name>
          <briefdescription>
          </briefdescription>
          <detaileddescription>
          </detaileddescription>
        </enumvalue>
        <briefdescription>
        </briefdescription>
        <detaileddescription>
        </detaileddescription>
        <inbodydescription>
        </inbodydescription>
        <location file="relNumExpr.h" line="113" bodyfile="relNumExpr.h" bodystart="113" bodyend="113"/>
      </memberdef>
      </sectiondef>
      <sectiondef kind="private-attrib">
      <memberdef kind="variable" id="classrelNumExprUnOp_1a0c03aaa68cc976b811f79f12418d3128" prot="private" static="no" mutable="no">
        <type><ref refid="classrelExpression" kindref="compound">relExpression</ref> *</type>
        <definition>relExpression* relNumExprUnOp::mExpr</definition>
        <argsstring></argsstring>
        <name>mExpr</name>
        <briefdescription>
        </briefdescription>
        <detaileddescription>
        </detaileddescription>
        <inbodydescription>
        </inbodydescription>
        <location file="relNumExpr.h" line="116" bodyfile="relNumExpr.h" bodystart="116" bodyend="-1"/>
      </memberdef>
      <memberdef kind="variable" id="classrelNumExprUnOp_1a6284310a5c22248b56afdafd86dda9ce" prot="private" static="no" mutable="no">
        <type><ref refid="classrelNumExprUnOp_1a73ee59d35d6929fb72d4dd06b942555c" kindref="member">relNumOP</ref></type>
        <definition>relNumOP relNumExprUnOp::mOp</definition>
        <argsstring></argsstring>
        <name>mOp</name>
        <briefdescription>
        </briefdescription>
        <detaileddescription>
        </detaileddescription>
        <inbodydescription>
        </inbodydescription>
        <location file="relNumExpr.h" line="117" bodyfile="relNumExpr.h" bodystart="117" bodyend="-1"/>
      </memberdef>
      </sectiondef>
      <sectiondef kind="public-func">
      <memberdef kind="function" id="classrelNumExprUnOp_1a5ea4104ae0cf1eae387c972aecd93680" prot="public" static="no" const="no" explicit="no" inline="yes" virt="non-virtual">
        <type></type>
        <definition>relNumExprUnOp::relNumExprUnOp</definition>
        <argsstring>(relExpression *pExpr, relNumOP pOp)</argsstring>
        <name>relNumExprUnOp</name>
        <param>
          <type><ref refid="classrelExpression" kindref="compound">relExpression</ref> *</type>
          <declname>pExpr</declname>
        </param>
        <param>
          <type><ref refid="classrelNumExprUnOp_1a73ee59d35d6929fb72d4dd06b942555c" kindref="member">relNumOP</ref></type>
          <declname>pOp</declname>
        </param>
        <briefdescription>
        </briefdescription>
        <detaileddescription>
        </detaileddescription>
        <inbodydescription>
        </inbodydescription>
        <location file="relNumExpr.h" line="123" bodyfile="relNumExpr.h" bodystart="120" bodyend="123"/>
      </memberdef>
      <memberdef kind="function" id="classrelNumExprUnOp_1a717d350405e28a95fbdc8d2f4a36e3d2" prot="public" static="no" const="no" explicit="no" inline="no" virt="non-virtual">
        <type></type>
        <definition>relNumExprUnOp::~relNumExprUnOp</definition>
        <argsstring>()</argsstring>
        <name>~relNumExprUnOp</name>
        <briefdescription>
        </briefdescription>
        <detaileddescription>
        </detaileddescription>
        <inbodydescription>
        </inbodydescription>
        <location file="relNumExpr.h" line="125" bodyfile="relNumExpr.cpp" bodystart="40" bodyend="43"/>
        <references refid="classrelNumExprUnOp_1a0c03aaa68cc976b811f79f12418d3128" compoundref="relNumExpr_8h" startline="116">mExpr</references>
      </memberdef>
      <memberdef kind="function" id="classrelNumExprUnOp_1aae8305e4082f0d40388e316b32f4ca32" prot="public" static="no" const="no" explicit="no" inline="no" virt="virtual">
        <type><ref refid="classrelNumber" kindref="compound">relNumber</ref></type>
        <definition>relNumber relNumExprUnOp::interpret</definition>
        <argsstring>(bddSymTab *pSymTab)</argsstring>
        <name>interpret</name>
        <reimplements refid="classrelNumExpr_1a7ce9c0b7d5a76a66666afba031af28f6">interpret</reimplements>
        <param>
          <type><ref refid="classbddSymTab" kindref="compound">bddSymTab</ref> *</type>
          <declname>pSymTab</declname>
        </param>
        <briefdescription>
        </briefdescription>
        <detaileddescription>
        </detaileddescription>
        <inbodydescription>
        </inbodydescription>
        <location file="relNumExpr.h" line="128" bodyfile="relNumExpr.cpp" bodystart="46" bodyend="109"/>
        <references refid="classrelNumExprUnOp_1a73ee59d35d6929fb72d4dd06b942555ca0706c2dda38ca4ef436122812c78f1f7" compoundref="relNumExpr_8h" startline="113">AVG</references>
        <references refid="classrelNumExprUnOp_1a73ee59d35d6929fb72d4dd06b942555ca6b0fa480b479a71725d6fcbe7b00565a" compoundref="relNumExpr_8h" startline="113">CARD</references>
        <references refid="classrelExpression_1a4f5effc1cf304db906371c978d8830dc">relExpression::collectFreeAttrs</references>
        <references refid="classbddRelation_1a689ae88ba64f8e7f83bc7209593fb63d" compoundref="bddRelation_8h" startline="321" endline="323">bddRelation::complement</references>
        <references refid="classbddSymTab_1aab25df999390749492cd006895f8c93a" compoundref="bddSymTab_8h" startline="165" endline="171">bddSymTab::getAttributePos</references>
        <references refid="classbddRelation_1a60eb583dff3b710664b3daf3a008d85b" compoundref="bddRelation_8h" startline="295" endline="299">bddRelation::getElement</references>
        <references refid="classbddRelation_1a0f227605dc8a79221c41640be2535123" compoundref="bddRelation_8h" startline="258" endline="290">bddRelation::getTupleNr</references>
        <references refid="classbddSymTab_1afbcc9b7af2e1444d915461eb502b477f" compoundref="bddSymTab_8h" startline="176" endline="183">bddSymTab::getValueNum</references>
        <references refid="classrelExpression_1a2659d1b3b785d5d00993a0364577bc61">relExpression::interpret</references>
        <references refid="classbddRelation_1a1b120249b8f114c58703428728a2bcb0" compoundref="bddRelation_8h" startline="331" endline="333">bddRelation::intersect</references>
        <references refid="classbddRelation_1ae3620d86b24fa3d09b2fcb37fba6e80b" compoundref="bddRelation_8h" startline="316" endline="318">bddRelation::isEmpty</references>
        <references refid="classrelNumExprUnOp_1a73ee59d35d6929fb72d4dd06b942555ca3c901a29cbf780c97b1ae9f053b85479" compoundref="relNumExpr_8h" startline="113">MAX</references>
        <references refid="classrelNumExprUnOp_1a0c03aaa68cc976b811f79f12418d3128" compoundref="relNumExpr_8h" startline="116">mExpr</references>
        <references refid="classrelNumExprUnOp_1a73ee59d35d6929fb72d4dd06b942555ca06df398ec51d95e22626b6d310c57592" compoundref="relNumExpr_8h" startline="113">MIN</references>
        <references refid="classbddRelation_1a55ad765ba56d7805eefc26668ae745af" compoundref="bddRelation_8h" startline="77" endline="99">bddRelation::mkEqual</references>
        <references refid="classrelNumExprUnOp_1a6284310a5c22248b56afdafd86dda9ce" compoundref="relNumExpr_8h" startline="117">mOp</references>
        <references refid="classrelNumber_1ad87356454f06c971e7e07b983acb7e1a" compoundref="relNumber_8h" startline="56" endline="59">relNumber::setValue</references>
        <references refid="crocopat_8cpp_1ae8b5a0f8cf906555c9c4aa3a67e2ae69" compoundref="crocopat_8cpp" startline="78" endline="81">string2double</references>
        <references refid="classrelNumExprUnOp_1a73ee59d35d6929fb72d4dd06b942555caa28b414a781f3db5188cbdacef1ccbd5" compoundref="relNumExpr_8h" startline="113">SUM</references>
      </memberdef>
      </sectiondef>
    <briefdescription>
    </briefdescription>
    <detaileddescription>
    </detaileddescription>
    <inheritancegraph>
      <node id="247">
        <label>relNumExpr</label>
        <link refid="classrelNumExpr"/>
        <childnode refid="248" relation="public-inheritance">
        </childnode>
      </node>
      <node id="248">
        <label>relObject</label>
        <link refid="classrelObject"/>
      </node>
      <node id="246">
        <label>relNumExprUnOp</label>
        <link refid="classrelNumExprUnOp"/>
        <childnode refid="247" relation="public-inheritance">
        </childnode>
      </node>
    </inheritancegraph>
    <collaborationgraph>
      <node id="253">
        <label>relExpression</label>
        <link refid="classrelExpression"/>
        <childnode refid="251" relation="public-inheritance">
        </childnode>
      </node>
      <node id="250">
        <label>relNumExpr</label>
        <link refid="classrelNumExpr"/>
        <childnode refid="251" relation="public-inheritance">
        </childnode>
      </node>
      <node id="254">
        <label>relNumOP</label>
      </node>
      <node id="251">
        <label>relObject</label>
        <link refid="classrelObject"/>
        <childnode refid="252" relation="usage">
          <edgelabel>count</edgelabel>
        </childnode>
      </node>
      <node id="252">
        <label>static long</label>
      </node>
      <node id="249">
        <label>relNumExprUnOp</label>
        <link refid="classrelNumExprUnOp"/>
        <childnode refid="250" relation="public-inheritance">
        </childnode>
        <childnode refid="253" relation="usage">
          <edgelabel>mExpr</edgelabel>
        </childnode>
        <childnode refid="254" relation="usage">
          <edgelabel>mOp</edgelabel>
        </childnode>
      </node>
    </collaborationgraph>
    <location file="relNumExpr.h" line="111" bodyfile="relNumExpr.h" bodystart="110" bodyend="129"/>
    <listofallmembers>
      <member refid="classrelNumExprUnOp_1a73ee59d35d6929fb72d4dd06b942555ca0706c2dda38ca4ef436122812c78f1f7" prot="public" virt="non-virtual"><scope>relNumExprUnOp</scope><name>AVG</name></member>
      <member refid="classrelNumExprUnOp_1a73ee59d35d6929fb72d4dd06b942555ca6b0fa480b479a71725d6fcbe7b00565a" prot="public" virt="non-virtual"><scope>relNumExprUnOp</scope><name>CARD</name></member>
      <member refid="classrelObject_1ad987378e185fff56551fb78be0a3e971" prot="public" virt="non-virtual"><scope>relNumExprUnOp</scope><name>GetCount</name></member>
      <member refid="classrelNumExprUnOp_1aae8305e4082f0d40388e316b32f4ca32" prot="public" virt="virtual"><scope>relNumExprUnOp</scope><name>interpret</name></member>
      <member refid="classrelNumExprUnOp_1a73ee59d35d6929fb72d4dd06b942555ca3c901a29cbf780c97b1ae9f053b85479" prot="public" virt="non-virtual"><scope>relNumExprUnOp</scope><name>MAX</name></member>
      <member refid="classrelNumExprUnOp_1a0c03aaa68cc976b811f79f12418d3128" prot="private" virt="non-virtual"><scope>relNumExprUnOp</scope><name>mExpr</name></member>
      <member refid="classrelNumExprUnOp_1a73ee59d35d6929fb72d4dd06b942555ca06df398ec51d95e22626b6d310c57592" prot="public" virt="non-virtual"><scope>relNumExprUnOp</scope><name>MIN</name></member>
      <member refid="classrelNumExprUnOp_1a6284310a5c22248b56afdafd86dda9ce" prot="private" virt="non-virtual"><scope>relNumExprUnOp</scope><name>mOp</name></member>
      <member refid="classrelNumExprUnOp_1a5ea4104ae0cf1eae387c972aecd93680" prot="public" virt="non-virtual"><scope>relNumExprUnOp</scope><name>relNumExprUnOp</name></member>
      <member refid="classrelNumExprUnOp_1a73ee59d35d6929fb72d4dd06b942555c" prot="public" virt="non-virtual"><scope>relNumExprUnOp</scope><name>relNumOP</name></member>
      <member refid="classrelObject_1aa8fc3941bf9f84e8cf90a821cb0a2d15" prot="public" virt="non-virtual"><scope>relNumExprUnOp</scope><name>relObject</name></member>
      <member refid="classrelObject_1a88249926871015e4149a7468ec845b99" prot="public" virt="non-virtual"><scope>relNumExprUnOp</scope><name>relObject</name></member>
      <member refid="classrelNumExprUnOp_1a73ee59d35d6929fb72d4dd06b942555caa28b414a781f3db5188cbdacef1ccbd5" prot="public" virt="non-virtual"><scope>relNumExprUnOp</scope><name>SUM</name></member>
      <member refid="classrelNumExprUnOp_1a717d350405e28a95fbdc8d2f4a36e3d2" prot="public" virt="non-virtual"><scope>relNumExprUnOp</scope><name>~relNumExprUnOp</name></member>
      <member refid="classrelObject_1a4fb533b43971834655cd0cb1323f979b" prot="public" virt="virtual"><scope>relNumExprUnOp</scope><name>~relObject</name></member>
    </listofallmembers>
  </compounddef>
</doxygen>
