<?xml version='1.0' encoding='UTF-8' standalone='no'?>
<doxygen xmlns:xsi="http://www.w3.org/2001/XMLSchema-instance" xsi:noNamespaceSchemaLocation="compound.xsd" version="1.6.1">
  <compounddef id="classrelPrintExprInt" kind="class" prot="public">
    <compoundname>relPrintExprInt</compoundname>
    <basecompoundref refid="classrelPrintExpr" prot="public" virt="non-virtual">relPrintExpr</basecompoundref>
    <includes refid="relPrintExpr_8h" local="no">relPrintExpr.h</includes>
      <sectiondef kind="private-attrib">
      <memberdef kind="variable" id="classrelPrintExprInt_1a53d2d7aa37d0e8d5815df7e36f8ed328" prot="private" static="no" mutable="no">
        <type><ref refid="classrelNumExpr" kindref="compound">relNumExpr</ref> *</type>
        <definition>relNumExpr* relPrintExprInt::mExpr</definition>
        <argsstring></argsstring>
        <name>mExpr</name>
        <briefdescription>
        </briefdescription>
        <detaileddescription>
        </detaileddescription>
        <inbodydescription>
        </inbodydescription>
        <location file="relPrintExpr.h" line="115" bodyfile="relPrintExpr.h" bodystart="115" bodyend="-1"/>
      </memberdef>
      </sectiondef>
      <sectiondef kind="public-func">
      <memberdef kind="function" id="classrelPrintExprInt_1a250d1946bd8f8e901f863732b9a37d23" prot="public" static="no" const="no" explicit="no" inline="yes" virt="non-virtual">
        <type></type>
        <definition>relPrintExprInt::relPrintExprInt</definition>
        <argsstring>(relNumExpr *pExpr)</argsstring>
        <name>relPrintExprInt</name>
        <param>
          <type><ref refid="classrelNumExpr" kindref="compound">relNumExpr</ref> *</type>
          <declname>pExpr</declname>
        </param>
        <briefdescription>
        </briefdescription>
        <detaileddescription>
        </detaileddescription>
        <inbodydescription>
        </inbodydescription>
        <location file="relPrintExpr.h" line="120" bodyfile="relPrintExpr.h" bodystart="118" bodyend="120"/>
      </memberdef>
      <memberdef kind="function" id="classrelPrintExprInt_1a957329490bebe6fe52e977f2243e6e8d" prot="public" static="no" const="no" explicit="no" inline="yes" virt="non-virtual">
        <type></type>
        <definition>relPrintExprInt::~relPrintExprInt</definition>
        <argsstring>()</argsstring>
        <name>~relPrintExprInt</name>
        <briefdescription>
        </briefdescription>
        <detaileddescription>
        </detaileddescription>
        <inbodydescription>
        </inbodydescription>
        <location file="relPrintExpr.h" line="123" bodyfile="relPrintExpr.h" bodystart="122" bodyend="125"/>
        <references refid="classrelPrintExprInt_1a53d2d7aa37d0e8d5815df7e36f8ed328" compoundref="relPrintExpr_8h" startline="115">mExpr</references>
      </memberdef>
      <memberdef kind="function" id="classrelPrintExprInt_1aceb2291ff49eeeb75cb2febeec0e9cb9" prot="public" static="no" const="no" explicit="no" inline="yes" virt="virtual">
        <type>void</type>
        <definition>virtual void relPrintExprInt::interpret</definition>
        <argsstring>(bddSymTab *pSymTab, ostream *pOut)</argsstring>
        <name>interpret</name>
        <reimplements refid="classrelPrintExpr_1a4bd82c6b6b055c068997368c18930d7f">interpret</reimplements>
        <param>
          <type><ref refid="classbddSymTab" kindref="compound">bddSymTab</ref> *</type>
          <declname>pSymTab</declname>
        </param>
        <param>
          <type>ostream *</type>
          <declname>pOut</declname>
        </param>
        <briefdescription>
        </briefdescription>
        <detaileddescription>
        </detaileddescription>
        <inbodydescription>
        </inbodydescription>
        <location file="relPrintExpr.h" line="129" bodyfile="relPrintExpr.h" bodystart="128" bodyend="132"/>
        <references refid="crocopat_8cpp_1a92c4a8dafce942b863e49715ceea637b" compoundref="crocopat_8cpp" startline="65">gAttributePrefix</references>
        <references refid="classrelNumber_1a473ce9259c99163a37654d4051dbbd3c" compoundref="relNumber_8h" startline="51" endline="54">relNumber::getValue</references>
        <references refid="classrelNumExpr_1a7ce9c0b7d5a76a66666afba031af28f6">relNumExpr::interpret</references>
        <references refid="classrelPrintExprInt_1a53d2d7aa37d0e8d5815df7e36f8ed328" compoundref="relPrintExpr_8h" startline="115">mExpr</references>
        <references refid="classbddSymTab_1a2d9b02e91e849f7c1efbe90f0133735d" compoundref="bddSymTab_8h" startline="232" endline="252">bddSymTab::removeUserAttributes</references>
      </memberdef>
      </sectiondef>
    <briefdescription>
    </briefdescription>
    <detaileddescription>
    </detaileddescription>
    <inheritancegraph>
      <node id="365">
        <label>relPrintExprInt</label>
        <link refid="classrelPrintExprInt"/>
        <childnode refid="366" relation="public-inheritance">
        </childnode>
      </node>
      <node id="367">
        <label>relObject</label>
        <link refid="classrelObject"/>
      </node>
      <node id="366">
        <label>relPrintExpr</label>
        <link refid="classrelPrintExpr"/>
        <childnode refid="367" relation="public-inheritance">
        </childnode>
      </node>
    </inheritancegraph>
    <collaborationgraph>
      <node id="368">
        <label>relPrintExprInt</label>
        <link refid="classrelPrintExprInt"/>
        <childnode refid="369" relation="public-inheritance">
        </childnode>
        <childnode refid="372" relation="usage">
          <edgelabel>mExpr</edgelabel>
        </childnode>
      </node>
      <node id="372">
        <label>relNumExpr</label>
        <link refid="classrelNumExpr"/>
        <childnode refid="370" relation="public-inheritance">
        </childnode>
      </node>
      <node id="370">
        <label>relObject</label>
        <link refid="classrelObject"/>
        <childnode refid="371" relation="usage">
          <edgelabel>count</edgelabel>
        </childnode>
      </node>
      <node id="371">
        <label>static long</label>
      </node>
      <node id="369">
        <label>relPrintExpr</label>
        <link refid="classrelPrintExpr"/>
        <childnode refid="370" relation="public-inheritance">
        </childnode>
      </node>
    </collaborationgraph>
    <location file="relPrintExpr.h" line="113" bodyfile="relPrintExpr.h" bodystart="112" bodyend="133"/>
    <listofallmembers>
      <member refid="classrelObject_1ad987378e185fff56551fb78be0a3e971" prot="public" virt="non-virtual"><scope>relPrintExprInt</scope><name>GetCount</name></member>
      <member refid="classrelPrintExprInt_1aceb2291ff49eeeb75cb2febeec0e9cb9" prot="public" virt="virtual"><scope>relPrintExprInt</scope><name>interpret</name></member>
      <member refid="classrelPrintExprInt_1a53d2d7aa37d0e8d5815df7e36f8ed328" prot="private" virt="non-virtual"><scope>relPrintExprInt</scope><name>mExpr</name></member>
      <member refid="classrelObject_1aa8fc3941bf9f84e8cf90a821cb0a2d15" prot="public" virt="non-virtual"><scope>relPrintExprInt</scope><name>relObject</name></member>
      <member refid="classrelObject_1a88249926871015e4149a7468ec845b99" prot="public" virt="non-virtual"><scope>relPrintExprInt</scope><name>relObject</name></member>
      <member refid="classrelPrintExprInt_1a250d1946bd8f8e901f863732b9a37d23" prot="public" virt="non-virtual"><scope>relPrintExprInt</scope><name>relPrintExprInt</name></member>
      <member refid="classrelObject_1a4fb533b43971834655cd0cb1323f979b" prot="public" virt="virtual"><scope>relPrintExprInt</scope><name>~relObject</name></member>
      <member refid="classrelPrintExprInt_1a957329490bebe6fe52e977f2243e6e8d" prot="public" virt="non-virtual"><scope>relPrintExprInt</scope><name>~relPrintExprInt</name></member>
    </listofallmembers>
  </compounddef>
</doxygen>
