<?xml version='1.0' encoding='UTF-8' standalone='no'?>
<doxygen xmlns:xsi="http://www.w3.org/2001/XMLSchema-instance" xsi:noNamespaceSchemaLocation="compound.xsd" version="1.6.1">
  <compounddef id="classrelNumExprStr" kind="class" prot="public">
    <compoundname>relNumExprStr</compoundname>
    <basecompoundref refid="classrelNumExpr" prot="public" virt="non-virtual">relNumExpr</basecompoundref>
    <includes refid="relNumExpr_8h" local="no">relNumExpr.h</includes>
      <sectiondef kind="private-attrib">
      <memberdef kind="variable" id="classrelNumExprStr_1a59bc0db3062dadfedcbd127c36c24037" prot="private" static="no" mutable="no">
        <type><ref refid="classrelStrExpr" kindref="compound">relStrExpr</ref> *</type>
        <definition>relStrExpr* relNumExprStr::mExpr</definition>
        <argsstring></argsstring>
        <name>mExpr</name>
        <briefdescription>
        </briefdescription>
        <detaileddescription>
        </detaileddescription>
        <inbodydescription>
        </inbodydescription>
        <location file="relNumExpr.h" line="208" bodyfile="relNumExpr.h" bodystart="208" bodyend="-1"/>
      </memberdef>
      </sectiondef>
      <sectiondef kind="public-func">
      <memberdef kind="function" id="classrelNumExprStr_1a2d90983cd60d05acd147171251bb0f5e" prot="public" static="no" const="no" explicit="no" inline="yes" virt="non-virtual">
        <type></type>
        <definition>relNumExprStr::relNumExprStr</definition>
        <argsstring>(relStrExpr *pExpr)</argsstring>
        <name>relNumExprStr</name>
        <param>
          <type><ref refid="classrelStrExpr" kindref="compound">relStrExpr</ref> *</type>
          <declname>pExpr</declname>
        </param>
        <briefdescription>
        </briefdescription>
        <detaileddescription>
        </detaileddescription>
        <inbodydescription>
        </inbodydescription>
        <location file="relNumExpr.h" line="213" bodyfile="relNumExpr.h" bodystart="211" bodyend="213"/>
      </memberdef>
      <memberdef kind="function" id="classrelNumExprStr_1aba81541d1c3fbe58b4e70d03976cc552" prot="public" static="no" const="no" explicit="no" inline="no" virt="non-virtual">
        <type></type>
        <definition>relNumExprStr::~relNumExprStr</definition>
        <argsstring>()</argsstring>
        <name>~relNumExprStr</name>
        <briefdescription>
        </briefdescription>
        <detaileddescription>
        </detaileddescription>
        <inbodydescription>
        </inbodydescription>
        <location file="relNumExpr.h" line="215" bodyfile="relNumExpr.cpp" bodystart="112" bodyend="115"/>
        <references refid="classrelNumExprStr_1a59bc0db3062dadfedcbd127c36c24037" compoundref="relNumExpr_8h" startline="208">mExpr</references>
      </memberdef>
      <memberdef kind="function" id="classrelNumExprStr_1a8a2714901aa816e05b46efc14b05e4ce" prot="public" static="no" const="no" explicit="no" inline="no" virt="virtual">
        <type><ref refid="classrelNumber" kindref="compound">relNumber</ref></type>
        <definition>relNumber relNumExprStr::interpret</definition>
        <argsstring>(bddSymTab *pSymTab)</argsstring>
        <name>interpret</name>
        <reimplements refid="classrelNumExpr_1a7ce9c0b7d5a76a66666afba031af28f6">interpret</reimplements>
        <param>
          <type><ref refid="classbddSymTab" kindref="compound">bddSymTab</ref> *</type>
          <declname>pSymTab</declname>
        </param>
        <briefdescription>
        </briefdescription>
        <detaileddescription>
        </detaileddescription>
        <inbodydescription>
        </inbodydescription>
        <location file="relNumExpr.h" line="218" bodyfile="relNumExpr.cpp" bodystart="118" bodyend="121"/>
        <references refid="classrelString_1a93c23e805fb42d32daa545436bf93473" compoundref="relString_8h" startline="51" endline="54">relString::getValue</references>
        <references refid="classrelStrExpr_1a0602ca1fd170fd99c43c1d59e9180c55">relStrExpr::interpret</references>
        <references refid="classrelNumExprStr_1a59bc0db3062dadfedcbd127c36c24037" compoundref="relNumExpr_8h" startline="208">mExpr</references>
        <references refid="crocopat_8cpp_1ae8b5a0f8cf906555c9c4aa3a67e2ae69" compoundref="crocopat_8cpp" startline="78" endline="81">string2double</references>
      </memberdef>
      </sectiondef>
    <briefdescription>
    </briefdescription>
    <detaileddescription>
    </detaileddescription>
    <inheritancegraph>
      <node id="232">
        <label>relNumExpr</label>
        <link refid="classrelNumExpr"/>
        <childnode refid="233" relation="public-inheritance">
        </childnode>
      </node>
      <node id="231">
        <label>relNumExprStr</label>
        <link refid="classrelNumExprStr"/>
        <childnode refid="232" relation="public-inheritance">
        </childnode>
      </node>
      <node id="233">
        <label>relObject</label>
        <link refid="classrelObject"/>
      </node>
    </inheritancegraph>
    <collaborationgraph>
      <node id="238">
        <label>relStrExpr</label>
        <link refid="classrelStrExpr"/>
        <childnode refid="236" relation="public-inheritance">
        </childnode>
      </node>
      <node id="235">
        <label>relNumExpr</label>
        <link refid="classrelNumExpr"/>
        <childnode refid="236" relation="public-inheritance">
        </childnode>
      </node>
      <node id="234">
        <label>relNumExprStr</label>
        <link refid="classrelNumExprStr"/>
        <childnode refid="235" relation="public-inheritance">
        </childnode>
        <childnode refid="238" relation="usage">
          <edgelabel>mExpr</edgelabel>
        </childnode>
      </node>
      <node id="236">
        <label>relObject</label>
        <link refid="classrelObject"/>
        <childnode refid="237" relation="usage">
          <edgelabel>count</edgelabel>
        </childnode>
      </node>
      <node id="237">
        <label>static long</label>
      </node>
    </collaborationgraph>
    <location file="relNumExpr.h" line="206" bodyfile="relNumExpr.h" bodystart="205" bodyend="219"/>
    <listofallmembers>
      <member refid="classrelObject_1ad987378e185fff56551fb78be0a3e971" prot="public" virt="non-virtual"><scope>relNumExprStr</scope><name>GetCount</name></member>
      <member refid="classrelNumExprStr_1a8a2714901aa816e05b46efc14b05e4ce" prot="public" virt="virtual"><scope>relNumExprStr</scope><name>interpret</name></member>
      <member refid="classrelNumExprStr_1a59bc0db3062dadfedcbd127c36c24037" prot="private" virt="non-virtual"><scope>relNumExprStr</scope><name>mExpr</name></member>
      <member refid="classrelNumExprStr_1a2d90983cd60d05acd147171251bb0f5e" prot="public" virt="non-virtual"><scope>relNumExprStr</scope><name>relNumExprStr</name></member>
      <member refid="classrelObject_1aa8fc3941bf9f84e8cf90a821cb0a2d15" prot="public" virt="non-virtual"><scope>relNumExprStr</scope><name>relObject</name></member>
      <member refid="classrelObject_1a88249926871015e4149a7468ec845b99" prot="public" virt="non-virtual"><scope>relNumExprStr</scope><name>relObject</name></member>
      <member refid="classrelNumExprStr_1aba81541d1c3fbe58b4e70d03976cc552" prot="public" virt="non-virtual"><scope>relNumExprStr</scope><name>~relNumExprStr</name></member>
      <member refid="classrelObject_1a4fb533b43971834655cd0cb1323f979b" prot="public" virt="virtual"><scope>relNumExprStr</scope><name>~relObject</name></member>
    </listofallmembers>
  </compounddef>
</doxygen>
