<?xml version='1.0' encoding='UTF-8' standalone='no'?>
<doxygen xmlns:xsi="http://www.w3.org/2001/XMLSchema-instance" xsi:noNamespaceSchemaLocation="compound.xsd" version="1.6.1">
  <compounddef id="classrelExprRegExTerm" kind="class" prot="public">
    <compoundname>relExprRegExTerm</compoundname>
    <basecompoundref refid="classrelExpression" prot="public" virt="non-virtual">relExpression</basecompoundref>
    <includes refid="relExpression_8h" local="no">relExpression.h</includes>
      <sectiondef kind="private-attrib">
      <memberdef kind="variable" id="classrelExprRegExTerm_1ad9394507ad66febe10d2abfaa2071c4d" prot="private" static="no" mutable="no">
        <type><ref refid="classrelStrExpr" kindref="compound">relStrExpr</ref> *</type>
        <definition>relStrExpr* relExprRegExTerm::mRegExString</definition>
        <argsstring></argsstring>
        <name>mRegExString</name>
        <briefdescription>
        </briefdescription>
        <detaileddescription>
        </detaileddescription>
        <inbodydescription>
        </inbodydescription>
        <location file="relExpression.h" line="832" bodyfile="relExpression.h" bodystart="832" bodyend="-1"/>
      </memberdef>
      <memberdef kind="variable" id="classrelExprRegExTerm_1ad8db8374d159024a734fd2c692307079" prot="private" static="no" mutable="no">
        <type><ref refid="classrelTerm" kindref="compound">relTerm</ref> *</type>
        <definition>relTerm* relExprRegExTerm::mTerm</definition>
        <argsstring></argsstring>
        <name>mTerm</name>
        <briefdescription>
        </briefdescription>
        <detaileddescription>
        </detaileddescription>
        <inbodydescription>
        </inbodydescription>
        <location file="relExpression.h" line="833" bodyfile="relExpression.h" bodystart="833" bodyend="-1"/>
      </memberdef>
      </sectiondef>
      <sectiondef kind="public-func">
      <memberdef kind="function" id="classrelExprRegExTerm_1a2cd6d866c22b918b998b2b3d72a80a05" prot="public" static="no" const="no" explicit="no" inline="yes" virt="non-virtual">
        <type></type>
        <definition>relExprRegExTerm::relExprRegExTerm</definition>
        <argsstring>(relStrExpr *pRegExString, relTerm *pTerm)</argsstring>
        <name>relExprRegExTerm</name>
        <param>
          <type><ref refid="classrelStrExpr" kindref="compound">relStrExpr</ref> *</type>
          <declname>pRegExString</declname>
        </param>
        <param>
          <type><ref refid="classrelTerm" kindref="compound">relTerm</ref> *</type>
          <declname>pTerm</declname>
        </param>
        <briefdescription>
        </briefdescription>
        <detaileddescription>
        </detaileddescription>
        <inbodydescription>
        </inbodydescription>
        <location file="relExpression.h" line="840" bodyfile="relExpression.h" bodystart="836" bodyend="840"/>
      </memberdef>
      <memberdef kind="function" id="classrelExprRegExTerm_1aae0f435bfb142f8b2cf02544c3887603" prot="public" static="no" const="no" explicit="no" inline="yes" virt="non-virtual">
        <type></type>
        <definition>relExprRegExTerm::~relExprRegExTerm</definition>
        <argsstring>()</argsstring>
        <name>~relExprRegExTerm</name>
        <briefdescription>
        </briefdescription>
        <detaileddescription>
        </detaileddescription>
        <inbodydescription>
        </inbodydescription>
        <location file="relExpression.h" line="843" bodyfile="relExpression.h" bodystart="842" bodyend="846"/>
        <references refid="classrelExprRegExTerm_1ad9394507ad66febe10d2abfaa2071c4d" compoundref="relExpression_8h" startline="832">mRegExString</references>
        <references refid="classrelExprRegExTerm_1ad8db8374d159024a734fd2c692307079" compoundref="relExpression_8h" startline="833">mTerm</references>
      </memberdef>
      <memberdef kind="function" id="classrelExprRegExTerm_1a8abcd01a587b230fda9774558c20bbda" prot="public" static="no" const="no" explicit="no" inline="yes" virt="virtual">
        <type>set&lt; string &gt;</type>
        <definition>virtual set&lt;string&gt; relExprRegExTerm::collectFreeAttrs</definition>
        <argsstring>()</argsstring>
        <name>collectFreeAttrs</name>
        <reimplements refid="classrelExpression_1a4f5effc1cf304db906371c978d8830dc">collectFreeAttrs</reimplements>
        <briefdescription>
        </briefdescription>
        <detaileddescription>
        </detaileddescription>
        <inbodydescription>
        </inbodydescription>
        <location file="relExpression.h" line="850" bodyfile="relExpression.h" bodystart="849" bodyend="856"/>
        <references refid="classrelTerm_1ae109241ae14902a11310a27a3fde4821">relTerm::interpret</references>
        <references refid="classrelExprRegExTerm_1ad8db8374d159024a734fd2c692307079" compoundref="relExpression_8h" startline="833">mTerm</references>
      </memberdef>
      <memberdef kind="function" id="classrelExprRegExTerm_1aa453e285795e10b05ccfa447802f045f" prot="public" static="no" const="no" explicit="no" inline="yes" virt="non-virtual">
        <type>void</type>
        <definition>void relExprRegExTerm::errorproc</definition>
        <argsstring>(int pErrorCode, regex_t *pRegExCompiled, const char *pRegEx, const char *pString)</argsstring>
        <name>errorproc</name>
        <param>
          <type>int</type>
          <declname>pErrorCode</declname>
        </param>
        <param>
          <type>regex_t *</type>
          <declname>pRegExCompiled</declname>
        </param>
        <param>
          <type>const char *</type>
          <declname>pRegEx</declname>
        </param>
        <param>
          <type>const char *</type>
          <declname>pString</declname>
        </param>
        <briefdescription>
<para>Error handling for regex operation. </para>        </briefdescription>
        <detaileddescription>
        </detaileddescription>
        <inbodydescription>
        </inbodydescription>
        <location file="relExpression.h" line="864" bodyfile="relExpression.h" bodystart="860" bodyend="875"/>
      </memberdef>
      <memberdef kind="function" id="classrelExprRegExTerm_1ab0febdec95e85e2ca4627186e2bd3fdd" prot="public" static="no" const="no" explicit="no" inline="yes" virt="non-virtual">
        <type>bool</type>
        <definition>bool relExprRegExTerm::regexmatch</definition>
        <argsstring>(regex_t *pRegExCompiled, const char *pRegEx, const char *pString)</argsstring>
        <name>regexmatch</name>
        <param>
          <type>regex_t *</type>
          <declname>pRegExCompiled</declname>
        </param>
        <param>
          <type>const char *</type>
          <declname>pRegEx</declname>
        </param>
        <param>
          <type>const char *</type>
          <declname>pString</declname>
        </param>
        <briefdescription>
<para>Service method for string matching. </para>        </briefdescription>
        <detaileddescription>
        </detaileddescription>
        <inbodydescription>
        </inbodydescription>
        <location file="relExpression.h" line="882" bodyfile="relExpression.h" bodystart="879" bodyend="894"/>
        <references refid="classrelExprRegExTerm_1aa453e285795e10b05ccfa447802f045f" compoundref="relExpression_8h" startline="860" endline="875">errorproc</references>
      </memberdef>
      <memberdef kind="function" id="classrelExprRegExTerm_1a77a5b5aae4f8a16d10bb0604e611e989" prot="public" static="no" const="no" explicit="no" inline="yes" virt="virtual">
        <type><ref refid="classbddRelation" kindref="compound">bddRelation</ref></type>
        <definition>virtual bddRelation relExprRegExTerm::interpret</definition>
        <argsstring>(bddSymTab *pSymTab)</argsstring>
        <name>interpret</name>
        <reimplements refid="classrelExpression_1a2659d1b3b785d5d00993a0364577bc61">interpret</reimplements>
        <param>
          <type><ref refid="classbddSymTab" kindref="compound">bddSymTab</ref> *</type>
          <declname>pSymTab</declname>
        </param>
        <briefdescription>
        </briefdescription>
        <detaileddescription>
        </detaileddescription>
        <inbodydescription>
        </inbodydescription>
        <location file="relExpression.h" line="898" bodyfile="relExpression.h" bodystart="897" bodyend="970"/>
        <references refid="classbddSymTab_1a677d202fabc72c352c25c0dd6c2ec4e6" compoundref="bddSymTab_8h" startline="197" endline="216">bddSymTab::addAttribute</references>
        <references refid="classrelExprRegExTerm_1aa453e285795e10b05ccfa447802f045f" compoundref="relExpression_8h" startline="860" endline="875">errorproc</references>
        <references refid="classbddSymTab_1aab25df999390749492cd006895f8c93a" compoundref="bddSymTab_8h" startline="165" endline="171">bddSymTab::getAttributePos</references>
        <references refid="classbddSymTab_1ae5f5a2f8923ab4a20987b11fd356371b" compoundref="bddSymTab_8h" startline="186" endline="190">bddSymTab::getAttributeValue</references>
        <references refid="classbddSymTab_1a00ec3683887e1a65bc4c7297f7dcfdfc" compoundref="bddSymTab_8h" startline="146" endline="147">bddSymTab::getUniverseSize</references>
        <references refid="classrelString_1a93c23e805fb42d32daa545436bf93473" compoundref="relString_8h" startline="51" endline="54">relString::getValue</references>
        <references refid="crocopat_8cpp_1a92c8b6d3e0236f73e872068b12be9f0f" compoundref="crocopat_8cpp" startline="58">gPrintWarnings</references>
        <references refid="classrelStrExpr_1a0602ca1fd170fd99c43c1d59e9180c55">relStrExpr::interpret</references>
        <references refid="classrelTerm_1ae109241ae14902a11310a27a3fde4821">relTerm::interpret</references>
        <references refid="classbddSymTab_1ad6503d2fa5b882a6da7cbba3f8d1aa75" compoundref="bddSymTab_8h" startline="159" endline="162">bddSymTab::isValueGood</references>
        <references refid="classbddRelation_1a55ad765ba56d7805eefc26668ae745af" compoundref="bddRelation_8h" startline="77" endline="99">bddRelation::mkEqual</references>
        <references refid="classrelExprRegExTerm_1ad9394507ad66febe10d2abfaa2071c4d" compoundref="relExpression_8h" startline="832">mRegExString</references>
        <references refid="classrelExprRegExTerm_1ad8db8374d159024a734fd2c692307079" compoundref="relExpression_8h" startline="833">mTerm</references>
        <references refid="classrelExprRegExTerm_1ab0febdec95e85e2ca4627186e2bd3fdd" compoundref="relExpression_8h" startline="879" endline="894">regexmatch</references>
        <references refid="classbddRelation_1a6d73f50efc75bb8e525835f8c6d1fb1b" compoundref="bddRelation_8h" startline="326" endline="328">bddRelation::unite</references>
      </memberdef>
      </sectiondef>
    <briefdescription>
    </briefdescription>
    <detaileddescription>
<para>This expression matches regular expressions with terms. If mTerm is a string, it returns TRUE or FALSE. If mTerm is an attribute, it returns the set of matching strings. </para>    </detaileddescription>
    <inheritancegraph>
      <node id="147">
        <label>relExpression</label>
        <link refid="classrelExpression"/>
        <childnode refid="148" relation="public-inheritance">
        </childnode>
      </node>
      <node id="146">
        <label>relExprRegExTerm</label>
        <link refid="classrelExprRegExTerm"/>
        <childnode refid="147" relation="public-inheritance">
        </childnode>
      </node>
      <node id="148">
        <label>relObject</label>
        <link refid="classrelObject"/>
      </node>
    </inheritancegraph>
    <collaborationgraph>
      <node id="154">
        <label>relTerm</label>
        <link refid="classrelTerm"/>
        <childnode refid="151" relation="public-inheritance">
        </childnode>
      </node>
      <node id="150">
        <label>relExpression</label>
        <link refid="classrelExpression"/>
        <childnode refid="151" relation="public-inheritance">
        </childnode>
      </node>
      <node id="153">
        <label>relStrExpr</label>
        <link refid="classrelStrExpr"/>
        <childnode refid="151" relation="public-inheritance">
        </childnode>
      </node>
      <node id="149">
        <label>relExprRegExTerm</label>
        <link refid="classrelExprRegExTerm"/>
        <childnode refid="150" relation="public-inheritance">
        </childnode>
        <childnode refid="153" relation="usage">
          <edgelabel>mRegExString</edgelabel>
        </childnode>
        <childnode refid="154" relation="usage">
          <edgelabel>mTerm</edgelabel>
        </childnode>
      </node>
      <node id="151">
        <label>relObject</label>
        <link refid="classrelObject"/>
        <childnode refid="152" relation="usage">
          <edgelabel>count</edgelabel>
        </childnode>
      </node>
      <node id="152">
        <label>static long</label>
      </node>
    </collaborationgraph>
    <location file="relExpression.h" line="830" bodyfile="relExpression.h" bodystart="829" bodyend="971"/>
    <listofallmembers>
      <member refid="classrelExprRegExTerm_1a8abcd01a587b230fda9774558c20bbda" prot="public" virt="virtual"><scope>relExprRegExTerm</scope><name>collectFreeAttrs</name></member>
      <member refid="classrelExprRegExTerm_1aa453e285795e10b05ccfa447802f045f" prot="public" virt="non-virtual"><scope>relExprRegExTerm</scope><name>errorproc</name></member>
      <member refid="classrelObject_1ad987378e185fff56551fb78be0a3e971" prot="public" virt="non-virtual"><scope>relExprRegExTerm</scope><name>GetCount</name></member>
      <member refid="classrelExprRegExTerm_1a77a5b5aae4f8a16d10bb0604e611e989" prot="public" virt="virtual"><scope>relExprRegExTerm</scope><name>interpret</name></member>
      <member refid="classrelExprRegExTerm_1ad9394507ad66febe10d2abfaa2071c4d" prot="private" virt="non-virtual"><scope>relExprRegExTerm</scope><name>mRegExString</name></member>
      <member refid="classrelExprRegExTerm_1ad8db8374d159024a734fd2c692307079" prot="private" virt="non-virtual"><scope>relExprRegExTerm</scope><name>mTerm</name></member>
      <member refid="classrelExprRegExTerm_1ab0febdec95e85e2ca4627186e2bd3fdd" prot="public" virt="non-virtual"><scope>relExprRegExTerm</scope><name>regexmatch</name></member>
      <member refid="classrelExprRegExTerm_1a2cd6d866c22b918b998b2b3d72a80a05" prot="public" virt="non-virtual"><scope>relExprRegExTerm</scope><name>relExprRegExTerm</name></member>
      <member refid="classrelObject_1aa8fc3941bf9f84e8cf90a821cb0a2d15" prot="public" virt="non-virtual"><scope>relExprRegExTerm</scope><name>relObject</name></member>
      <member refid="classrelObject_1a88249926871015e4149a7468ec845b99" prot="public" virt="non-virtual"><scope>relExprRegExTerm</scope><name>relObject</name></member>
      <member refid="classrelExprRegExTerm_1aae0f435bfb142f8b2cf02544c3887603" prot="public" virt="non-virtual"><scope>relExprRegExTerm</scope><name>~relExprRegExTerm</name></member>
      <member refid="classrelObject_1a4fb533b43971834655cd0cb1323f979b" prot="public" virt="virtual"><scope>relExprRegExTerm</scope><name>~relObject</name></member>
    </listofallmembers>
  </compounddef>
</doxygen>
