<?xml version='1.0' encoding='UTF-8' standalone='no'?>
<doxygen xmlns:xsi="http://www.w3.org/2001/XMLSchema-instance" xsi:noNamespaceSchemaLocation="compound.xsd" version="1.6.1">
  <compounddef id="classrelStmtCall" kind="class" prot="public">
    <compoundname>relStmtCall</compoundname>
    <basecompoundref refid="classrelStatement" prot="public" virt="non-virtual">relStatement</basecompoundref>
    <includes refid="relStatement_8h" local="no">relStatement.h</includes>
      <sectiondef kind="private-attrib">
      <memberdef kind="variable" id="classrelStmtCall_1a698ac32cb25e498c55cc1782a23f1ce6" prot="private" static="no" mutable="no">
        <type>string *</type>
        <definition>string* relStmtCall::mProcName</definition>
        <argsstring></argsstring>
        <name>mProcName</name>
        <briefdescription>
        </briefdescription>
        <detaileddescription>
        </detaileddescription>
        <inbodydescription>
        </inbodydescription>
        <location file="relStatement.h" line="77" bodyfile="relStatement.h" bodystart="77" bodyend="-1"/>
      </memberdef>
      </sectiondef>
      <sectiondef kind="public-func">
      <memberdef kind="function" id="classrelStmtCall_1a1dc90cf0fb0bd02479d9b6255339ba25" prot="public" static="no" const="no" explicit="no" inline="yes" virt="non-virtual">
        <type></type>
        <definition>relStmtCall::relStmtCall</definition>
        <argsstring>(string *pProcName)</argsstring>
        <name>relStmtCall</name>
        <param>
          <type>string *</type>
          <declname>pProcName</declname>
        </param>
        <briefdescription>
        </briefdescription>
        <detaileddescription>
        </detaileddescription>
        <inbodydescription>
        </inbodydescription>
        <location file="relStatement.h" line="82" bodyfile="relStatement.h" bodystart="80" bodyend="82"/>
      </memberdef>
      <memberdef kind="function" id="classrelStmtCall_1ac61a32e601f3a3f07b2eb3739826a3f3" prot="public" static="no" const="no" explicit="no" inline="yes" virt="non-virtual">
        <type></type>
        <definition>relStmtCall::~relStmtCall</definition>
        <argsstring>()</argsstring>
        <name>~relStmtCall</name>
        <briefdescription>
        </briefdescription>
        <detaileddescription>
        </detaileddescription>
        <inbodydescription>
        </inbodydescription>
        <location file="relStatement.h" line="85" bodyfile="relStatement.h" bodystart="84" bodyend="87"/>
        <references refid="classrelStmtCall_1a698ac32cb25e498c55cc1782a23f1ce6" compoundref="relStatement_8h" startline="77">mProcName</references>
      </memberdef>
      <memberdef kind="function" id="classrelStmtCall_1a0d875d392eafe386cf6cf573a9b9818c" prot="public" static="no" const="no" explicit="no" inline="yes" virt="virtual">
        <type>void</type>
        <definition>virtual void relStmtCall::interpret</definition>
        <argsstring>(bddSymTab *pSymTab)</argsstring>
        <name>interpret</name>
        <reimplements refid="classrelStatement_1a9b50ccc1d8f5a9df3dbe754be438f8da">interpret</reimplements>
        <param>
          <type><ref refid="classbddSymTab" kindref="compound">bddSymTab</ref> *</type>
          <declname>pSymTab</declname>
        </param>
        <briefdescription>
        </briefdescription>
        <detaileddescription>
        </detaileddescription>
        <inbodydescription>
        </inbodydescription>
        <location file="relStatement.h" line="91" bodyfile="relStatement.h" bodystart="90" bodyend="97"/>
        <references refid="crocopat_8cpp_1a07d978fcf5b95ccf4f3241c5298620f0" compoundref="crocopat_8cpp" startline="57">gProcedures</references>
        <references refid="classrelStmtCall_1a698ac32cb25e498c55cc1782a23f1ce6" compoundref="relStatement_8h" startline="77">mProcName</references>
      </memberdef>
      </sectiondef>
    <briefdescription>
    </briefdescription>
    <detaileddescription>
<para>Statement for procedure call. </para>    </detaileddescription>
    <inheritancegraph>
      <node id="464">
        <label>relStmtCall</label>
        <link refid="classrelStmtCall"/>
        <childnode refid="465" relation="public-inheritance">
        </childnode>
      </node>
      <node id="465">
        <label>relStatement</label>
        <link refid="classrelStatement"/>
        <childnode refid="466" relation="public-inheritance">
        </childnode>
      </node>
      <node id="466">
        <label>relObject</label>
        <link refid="classrelObject"/>
      </node>
    </inheritancegraph>
    <collaborationgraph>
      <node id="467">
        <label>relStmtCall</label>
        <link refid="classrelStmtCall"/>
        <childnode refid="468" relation="public-inheritance">
        </childnode>
        <childnode refid="471" relation="usage">
          <edgelabel>mProcName</edgelabel>
        </childnode>
      </node>
      <node id="471">
        <label>string *</label>
      </node>
      <node id="468">
        <label>relStatement</label>
        <link refid="classrelStatement"/>
        <childnode refid="469" relation="public-inheritance">
        </childnode>
      </node>
      <node id="469">
        <label>relObject</label>
        <link refid="classrelObject"/>
        <childnode refid="470" relation="usage">
          <edgelabel>count</edgelabel>
        </childnode>
      </node>
      <node id="470">
        <label>static long</label>
      </node>
    </collaborationgraph>
    <location file="relStatement.h" line="75" bodyfile="relStatement.h" bodystart="74" bodyend="98"/>
    <listofallmembers>
      <member refid="classrelObject_1ad987378e185fff56551fb78be0a3e971" prot="public" virt="non-virtual"><scope>relStmtCall</scope><name>GetCount</name></member>
      <member refid="classrelStmtCall_1a0d875d392eafe386cf6cf573a9b9818c" prot="public" virt="virtual"><scope>relStmtCall</scope><name>interpret</name></member>
      <member refid="classrelStmtCall_1a698ac32cb25e498c55cc1782a23f1ce6" prot="private" virt="non-virtual"><scope>relStmtCall</scope><name>mProcName</name></member>
      <member refid="classrelObject_1aa8fc3941bf9f84e8cf90a821cb0a2d15" prot="public" virt="non-virtual"><scope>relStmtCall</scope><name>relObject</name></member>
      <member refid="classrelObject_1a88249926871015e4149a7468ec845b99" prot="public" virt="non-virtual"><scope>relStmtCall</scope><name>relObject</name></member>
      <member refid="classrelStmtCall_1a1dc90cf0fb0bd02479d9b6255339ba25" prot="public" virt="non-virtual"><scope>relStmtCall</scope><name>relStmtCall</name></member>
      <member refid="classrelObject_1a4fb533b43971834655cd0cb1323f979b" prot="public" virt="virtual"><scope>relStmtCall</scope><name>~relObject</name></member>
      <member refid="classrelStmtCall_1ac61a32e601f3a3f07b2eb3739826a3f3" prot="public" virt="non-virtual"><scope>relStmtCall</scope><name>~relStmtCall</name></member>
    </listofallmembers>
  </compounddef>
</doxygen>
