<?xml version='1.0' encoding='UTF-8' standalone='no'?>
<doxygen xmlns:xsi="http://www.w3.org/2001/XMLSchema-instance" xsi:noNamespaceSchemaLocation="compound.xsd" version="1.6.1">
  <compounddef id="classrelExprAnd" kind="class" prot="public">
    <compoundname>relExprAnd</compoundname>
    <basecompoundref refid="classrelExpression" prot="public" virt="non-virtual">relExpression</basecompoundref>
    <includes refid="relExpression_8h" local="no">relExpression.h</includes>
      <sectiondef kind="private-attrib">
      <memberdef kind="variable" id="classrelExprAnd_1a51b3e15c5cdb24e23ec529b8ff1e04e2" prot="private" static="no" mutable="no">
        <type><ref refid="classrelExpression" kindref="compound">relExpression</ref> *</type>
        <definition>relExpression* relExprAnd::mExpr1</definition>
        <argsstring></argsstring>
        <name>mExpr1</name>
        <briefdescription>
        </briefdescription>
        <detaileddescription>
        </detaileddescription>
        <inbodydescription>
        </inbodydescription>
        <location file="relExpression.h" line="385" bodyfile="relExpression.h" bodystart="385" bodyend="-1"/>
      </memberdef>
      <memberdef kind="variable" id="classrelExprAnd_1a33598f176dcb5f9abf091a5101c7c2bd" prot="private" static="no" mutable="no">
        <type><ref refid="classrelExpression" kindref="compound">relExpression</ref> *</type>
        <definition>relExpression* relExprAnd::mExpr2</definition>
        <argsstring></argsstring>
        <name>mExpr2</name>
        <briefdescription>
        </briefdescription>
        <detaileddescription>
        </detaileddescription>
        <inbodydescription>
        </inbodydescription>
        <location file="relExpression.h" line="386" bodyfile="relExpression.h" bodystart="386" bodyend="-1"/>
      </memberdef>
      </sectiondef>
      <sectiondef kind="public-func">
      <memberdef kind="function" id="classrelExprAnd_1ab08f6f4b56eb36c45fd4f1be7a54ee55" prot="public" static="no" const="no" explicit="no" inline="yes" virt="non-virtual">
        <type></type>
        <definition>relExprAnd::relExprAnd</definition>
        <argsstring>(relExpression *pExpr1, relExpression *pExpr2)</argsstring>
        <name>relExprAnd</name>
        <param>
          <type><ref refid="classrelExpression" kindref="compound">relExpression</ref> *</type>
          <declname>pExpr1</declname>
        </param>
        <param>
          <type><ref refid="classrelExpression" kindref="compound">relExpression</ref> *</type>
          <declname>pExpr2</declname>
        </param>
        <briefdescription>
        </briefdescription>
        <detaileddescription>
        </detaileddescription>
        <inbodydescription>
        </inbodydescription>
        <location file="relExpression.h" line="392" bodyfile="relExpression.h" bodystart="389" bodyend="392"/>
      </memberdef>
      <memberdef kind="function" id="classrelExprAnd_1a5001c80ac1cc3bfd61298ed2761fa937" prot="public" static="no" const="no" explicit="no" inline="yes" virt="non-virtual">
        <type></type>
        <definition>relExprAnd::~relExprAnd</definition>
        <argsstring>()</argsstring>
        <name>~relExprAnd</name>
        <briefdescription>
        </briefdescription>
        <detaileddescription>
        </detaileddescription>
        <inbodydescription>
        </inbodydescription>
        <location file="relExpression.h" line="395" bodyfile="relExpression.h" bodystart="394" bodyend="398"/>
        <references refid="classrelExprAnd_1a51b3e15c5cdb24e23ec529b8ff1e04e2" compoundref="relExpression_8h" startline="385">mExpr1</references>
        <references refid="classrelExprAnd_1a33598f176dcb5f9abf091a5101c7c2bd" compoundref="relExpression_8h" startline="386">mExpr2</references>
      </memberdef>
      <memberdef kind="function" id="classrelExprAnd_1aba11c50820834ac14c243dfb22f19f35" prot="public" static="no" const="no" explicit="no" inline="yes" virt="virtual">
        <type>set&lt; string &gt;</type>
        <definition>virtual set&lt;string&gt; relExprAnd::collectFreeAttrs</definition>
        <argsstring>()</argsstring>
        <name>collectFreeAttrs</name>
        <reimplements refid="classrelExpression_1a4f5effc1cf304db906371c978d8830dc">collectFreeAttrs</reimplements>
        <briefdescription>
        </briefdescription>
        <detaileddescription>
        </detaileddescription>
        <inbodydescription>
        </inbodydescription>
        <location file="relExpression.h" line="402" bodyfile="relExpression.h" bodystart="401" bodyend="407"/>
        <references refid="classrelExpression_1a4f5effc1cf304db906371c978d8830dc">relExpression::collectFreeAttrs</references>
        <references refid="classrelExprAnd_1a51b3e15c5cdb24e23ec529b8ff1e04e2" compoundref="relExpression_8h" startline="385">mExpr1</references>
        <references refid="classrelExprAnd_1a33598f176dcb5f9abf091a5101c7c2bd" compoundref="relExpression_8h" startline="386">mExpr2</references>
      </memberdef>
      <memberdef kind="function" id="classrelExprAnd_1a0cfe9520ffb22b19e55d2ed7cb5a44db" prot="public" static="no" const="no" explicit="no" inline="yes" virt="virtual">
        <type><ref refid="classbddRelation" kindref="compound">bddRelation</ref></type>
        <definition>virtual bddRelation relExprAnd::interpret</definition>
        <argsstring>(bddSymTab *pSymTab)</argsstring>
        <name>interpret</name>
        <reimplements refid="classrelExpression_1a2659d1b3b785d5d00993a0364577bc61">interpret</reimplements>
        <param>
          <type><ref refid="classbddSymTab" kindref="compound">bddSymTab</ref> *</type>
          <declname>pSymTab</declname>
        </param>
        <briefdescription>
        </briefdescription>
        <detaileddescription>
        </detaileddescription>
        <inbodydescription>
        </inbodydescription>
        <location file="relExpression.h" line="411" bodyfile="relExpression.h" bodystart="410" bodyend="415"/>
        <references refid="classrelExpression_1a2659d1b3b785d5d00993a0364577bc61">relExpression::interpret</references>
        <references refid="classbddRelation_1a1b120249b8f114c58703428728a2bcb0" compoundref="bddRelation_8h" startline="331" endline="333">bddRelation::intersect</references>
        <references refid="classrelExprAnd_1a51b3e15c5cdb24e23ec529b8ff1e04e2" compoundref="relExpression_8h" startline="385">mExpr1</references>
        <references refid="classrelExprAnd_1a33598f176dcb5f9abf091a5101c7c2bd" compoundref="relExpression_8h" startline="386">mExpr2</references>
      </memberdef>
      </sectiondef>
    <briefdescription>
    </briefdescription>
    <detaileddescription>
    </detaileddescription>
    <inheritancegraph>
      <node id="86">
        <label>relExprAnd</label>
        <link refid="classrelExprAnd"/>
        <childnode refid="87" relation="public-inheritance">
        </childnode>
      </node>
      <node id="87">
        <label>relExpression</label>
        <link refid="classrelExpression"/>
        <childnode refid="88" relation="public-inheritance">
        </childnode>
      </node>
      <node id="88">
        <label>relObject</label>
        <link refid="classrelObject"/>
      </node>
    </inheritancegraph>
    <collaborationgraph>
      <node id="89">
        <label>relExprAnd</label>
        <link refid="classrelExprAnd"/>
        <childnode refid="90" relation="public-inheritance">
        </childnode>
        <childnode refid="90" relation="usage">
          <edgelabel>mExpr1</edgelabel>
          <edgelabel>mExpr2</edgelabel>
        </childnode>
      </node>
      <node id="90">
        <label>relExpression</label>
        <link refid="classrelExpression"/>
        <childnode refid="91" relation="public-inheritance">
        </childnode>
      </node>
      <node id="91">
        <label>relObject</label>
        <link refid="classrelObject"/>
        <childnode refid="92" relation="usage">
          <edgelabel>count</edgelabel>
        </childnode>
      </node>
      <node id="92">
        <label>static long</label>
      </node>
    </collaborationgraph>
    <location file="relExpression.h" line="383" bodyfile="relExpression.h" bodystart="382" bodyend="416"/>
    <listofallmembers>
      <member refid="classrelExprAnd_1aba11c50820834ac14c243dfb22f19f35" prot="public" virt="virtual"><scope>relExprAnd</scope><name>collectFreeAttrs</name></member>
      <member refid="classrelObject_1ad987378e185fff56551fb78be0a3e971" prot="public" virt="non-virtual"><scope>relExprAnd</scope><name>GetCount</name></member>
      <member refid="classrelExprAnd_1a0cfe9520ffb22b19e55d2ed7cb5a44db" prot="public" virt="virtual"><scope>relExprAnd</scope><name>interpret</name></member>
      <member refid="classrelExprAnd_1a51b3e15c5cdb24e23ec529b8ff1e04e2" prot="private" virt="non-virtual"><scope>relExprAnd</scope><name>mExpr1</name></member>
      <member refid="classrelExprAnd_1a33598f176dcb5f9abf091a5101c7c2bd" prot="private" virt="non-virtual"><scope>relExprAnd</scope><name>mExpr2</name></member>
      <member refid="classrelExprAnd_1ab08f6f4b56eb36c45fd4f1be7a54ee55" prot="public" virt="non-virtual"><scope>relExprAnd</scope><name>relExprAnd</name></member>
      <member refid="classrelObject_1aa8fc3941bf9f84e8cf90a821cb0a2d15" prot="public" virt="non-virtual"><scope>relExprAnd</scope><name>relObject</name></member>
      <member refid="classrelObject_1a88249926871015e4149a7468ec845b99" prot="public" virt="non-virtual"><scope>relExprAnd</scope><name>relObject</name></member>
      <member refid="classrelExprAnd_1a5001c80ac1cc3bfd61298ed2761fa937" prot="public" virt="non-virtual"><scope>relExprAnd</scope><name>~relExprAnd</name></member>
      <member refid="classrelObject_1a4fb533b43971834655cd0cb1323f979b" prot="public" virt="virtual"><scope>relExprAnd</scope><name>~relObject</name></member>
    </listofallmembers>
  </compounddef>
</doxygen>
