<?xml version='1.0' encoding='UTF-8' standalone='no'?>
<doxygen xmlns:xsi="http://www.w3.org/2001/XMLSchema-instance" xsi:noNamespaceSchemaLocation="compound.xsd" version="1.6.1">
  <compounddef id="classrelStmtSeq" kind="class" prot="public">
    <compoundname>relStmtSeq</compoundname>
    <basecompoundref refid="classrelStatement" prot="public" virt="non-virtual">relStatement</basecompoundref>
    <includes refid="relStatement_8h" local="no">relStatement.h</includes>
      <sectiondef kind="private-attrib">
      <memberdef kind="variable" id="classrelStmtSeq_1a86ddcaafc7f949acfc0117b952ba674a" prot="private" static="no" mutable="no">
        <type><ref refid="classrelStatement" kindref="compound">relStatement</ref> *</type>
        <definition>relStatement* relStmtSeq::mStmt1</definition>
        <argsstring></argsstring>
        <name>mStmt1</name>
        <briefdescription>
        </briefdescription>
        <detaileddescription>
        </detaileddescription>
        <inbodydescription>
        </inbodydescription>
        <location file="relStatement.h" line="49" bodyfile="relStatement.h" bodystart="49" bodyend="-1"/>
      </memberdef>
      <memberdef kind="variable" id="classrelStmtSeq_1ad1c0b99dda55f16e099799165b16c66c" prot="private" static="no" mutable="no">
        <type><ref refid="classrelStatement" kindref="compound">relStatement</ref> *</type>
        <definition>relStatement* relStmtSeq::mStmt2</definition>
        <argsstring></argsstring>
        <name>mStmt2</name>
        <briefdescription>
        </briefdescription>
        <detaileddescription>
        </detaileddescription>
        <inbodydescription>
        </inbodydescription>
        <location file="relStatement.h" line="50" bodyfile="relStatement.h" bodystart="50" bodyend="-1"/>
      </memberdef>
      </sectiondef>
      <sectiondef kind="public-func">
      <memberdef kind="function" id="classrelStmtSeq_1a7b16d99321ea23c7e3e34dea7b7eb898" prot="public" static="no" const="no" explicit="no" inline="yes" virt="non-virtual">
        <type></type>
        <definition>relStmtSeq::relStmtSeq</definition>
        <argsstring>(relStatement *pStmt1, relStatement *pStmt2)</argsstring>
        <name>relStmtSeq</name>
        <param>
          <type><ref refid="classrelStatement" kindref="compound">relStatement</ref> *</type>
          <declname>pStmt1</declname>
        </param>
        <param>
          <type><ref refid="classrelStatement" kindref="compound">relStatement</ref> *</type>
          <declname>pStmt2</declname>
        </param>
        <briefdescription>
        </briefdescription>
        <detaileddescription>
        </detaileddescription>
        <inbodydescription>
        </inbodydescription>
        <location file="relStatement.h" line="56" bodyfile="relStatement.h" bodystart="53" bodyend="56"/>
      </memberdef>
      <memberdef kind="function" id="classrelStmtSeq_1afa088b7a464d2cb3f6213c1850f56f15" prot="public" static="no" const="no" explicit="no" inline="yes" virt="non-virtual">
        <type></type>
        <definition>relStmtSeq::~relStmtSeq</definition>
        <argsstring>()</argsstring>
        <name>~relStmtSeq</name>
        <briefdescription>
        </briefdescription>
        <detaileddescription>
        </detaileddescription>
        <inbodydescription>
        </inbodydescription>
        <location file="relStatement.h" line="59" bodyfile="relStatement.h" bodystart="58" bodyend="62"/>
        <references refid="classrelStmtSeq_1a86ddcaafc7f949acfc0117b952ba674a" compoundref="relStatement_8h" startline="49">mStmt1</references>
        <references refid="classrelStmtSeq_1ad1c0b99dda55f16e099799165b16c66c" compoundref="relStatement_8h" startline="50">mStmt2</references>
      </memberdef>
      <memberdef kind="function" id="classrelStmtSeq_1a319095b0c663429b813a2fe1ec6ae47c" prot="public" static="no" const="no" explicit="no" inline="yes" virt="virtual">
        <type>void</type>
        <definition>virtual void relStmtSeq::interpret</definition>
        <argsstring>(bddSymTab *pSymTab)</argsstring>
        <name>interpret</name>
        <reimplements refid="classrelStatement_1a9b50ccc1d8f5a9df3dbe754be438f8da">interpret</reimplements>
        <param>
          <type><ref refid="classbddSymTab" kindref="compound">bddSymTab</ref> *</type>
          <declname>pSymTab</declname>
        </param>
        <briefdescription>
        </briefdescription>
        <detaileddescription>
        </detaileddescription>
        <inbodydescription>
        </inbodydescription>
        <location file="relStatement.h" line="66" bodyfile="relStatement.h" bodystart="65" bodyend="69"/>
        <references refid="classrelStatement_1a9b50ccc1d8f5a9df3dbe754be438f8da">relStatement::interpret</references>
        <references refid="classrelStmtSeq_1a86ddcaafc7f949acfc0117b952ba674a" compoundref="relStatement_8h" startline="49">mStmt1</references>
        <references refid="classrelStmtSeq_1ad1c0b99dda55f16e099799165b16c66c" compoundref="relStatement_8h" startline="50">mStmt2</references>
      </memberdef>
      </sectiondef>
    <briefdescription>
    </briefdescription>
    <detaileddescription>
    </detaileddescription>
    <inheritancegraph>
      <node id="523">
        <label>relStatement</label>
        <link refid="classrelStatement"/>
        <childnode refid="524" relation="public-inheritance">
        </childnode>
      </node>
      <node id="522">
        <label>relStmtSeq</label>
        <link refid="classrelStmtSeq"/>
        <childnode refid="523" relation="public-inheritance">
        </childnode>
      </node>
      <node id="524">
        <label>relObject</label>
        <link refid="classrelObject"/>
      </node>
    </inheritancegraph>
    <collaborationgraph>
      <node id="526">
        <label>relStatement</label>
        <link refid="classrelStatement"/>
        <childnode refid="527" relation="public-inheritance">
        </childnode>
      </node>
      <node id="525">
        <label>relStmtSeq</label>
        <link refid="classrelStmtSeq"/>
        <childnode refid="526" relation="public-inheritance">
        </childnode>
        <childnode refid="526" relation="usage">
          <edgelabel>mStmt1</edgelabel>
          <edgelabel>mStmt2</edgelabel>
        </childnode>
      </node>
      <node id="527">
        <label>relObject</label>
        <link refid="classrelObject"/>
        <childnode refid="528" relation="usage">
          <edgelabel>count</edgelabel>
        </childnode>
      </node>
      <node id="528">
        <label>static long</label>
      </node>
    </collaborationgraph>
    <location file="relStatement.h" line="47" bodyfile="relStatement.h" bodystart="46" bodyend="70"/>
    <listofallmembers>
      <member refid="classrelObject_1ad987378e185fff56551fb78be0a3e971" prot="public" virt="non-virtual"><scope>relStmtSeq</scope><name>GetCount</name></member>
      <member refid="classrelStmtSeq_1a319095b0c663429b813a2fe1ec6ae47c" prot="public" virt="virtual"><scope>relStmtSeq</scope><name>interpret</name></member>
      <member refid="classrelStmtSeq_1a86ddcaafc7f949acfc0117b952ba674a" prot="private" virt="non-virtual"><scope>relStmtSeq</scope><name>mStmt1</name></member>
      <member refid="classrelStmtSeq_1ad1c0b99dda55f16e099799165b16c66c" prot="private" virt="non-virtual"><scope>relStmtSeq</scope><name>mStmt2</name></member>
      <member refid="classrelObject_1aa8fc3941bf9f84e8cf90a821cb0a2d15" prot="public" virt="non-virtual"><scope>relStmtSeq</scope><name>relObject</name></member>
      <member refid="classrelObject_1a88249926871015e4149a7468ec845b99" prot="public" virt="non-virtual"><scope>relStmtSeq</scope><name>relObject</name></member>
      <member refid="classrelStmtSeq_1a7b16d99321ea23c7e3e34dea7b7eb898" prot="public" virt="non-virtual"><scope>relStmtSeq</scope><name>relStmtSeq</name></member>
      <member refid="classrelObject_1a4fb533b43971834655cd0cb1323f979b" prot="public" virt="virtual"><scope>relStmtSeq</scope><name>~relObject</name></member>
      <member refid="classrelStmtSeq_1afa088b7a464d2cb3f6213c1850f56f15" prot="public" virt="non-virtual"><scope>relStmtSeq</scope><name>~relStmtSeq</name></member>
    </listofallmembers>
  </compounddef>
</doxygen>
