<?xml version='1.0' encoding='UTF-8' standalone='no'?>
<doxygen xmlns:xsi="http://www.w3.org/2001/XMLSchema-instance" xsi:noNamespaceSchemaLocation="compound.xsd" version="1.6.1">
  <compounddef id="classbddRelationConst" kind="class" prot="public">
    <compoundname>bddRelationConst</compoundname>
    <basecompoundref refid="classbddRelation" prot="public" virt="non-virtual">bddRelation</basecompoundref>
    <includes refid="bddRelation_8h" local="no">bddRelation.h</includes>
      <sectiondef kind="public-func">
      <memberdef kind="function" id="classbddRelationConst_1a4a80343e996366983be44a4d6c7678c0" prot="public" static="no" const="no" explicit="no" inline="yes" virt="non-virtual">
        <type></type>
        <definition>bddRelationConst::bddRelationConst</definition>
        <argsstring>(bddRelation pRel)</argsstring>
        <name>bddRelationConst</name>
        <param>
          <type><ref refid="classbddRelation" kindref="compound">bddRelation</ref></type>
          <declname>pRel</declname>
        </param>
        <briefdescription>
        </briefdescription>
        <detaileddescription>
        </detaileddescription>
        <inbodydescription>
        </inbodydescription>
        <location file="bddRelation.h" line="617" bodyfile="bddRelation.h" bodystart="615" bodyend="617"/>
      </memberdef>
      </sectiondef>
    <briefdescription>
    </briefdescription>
    <detaileddescription>
    </detaileddescription>
    <inheritancegraph>
      <node id="41">
        <label>bddRelationConst</label>
        <link refid="classbddRelationConst"/>
        <childnode refid="42" relation="public-inheritance">
        </childnode>
      </node>
      <node id="43">
        <label>relDataType</label>
        <link refid="classrelDataType"/>
        <childnode refid="44" relation="public-inheritance">
        </childnode>
      </node>
      <node id="44">
        <label>relObject</label>
        <link refid="classrelObject"/>
      </node>
      <node id="42">
        <label>bddRelation</label>
        <link refid="classbddRelation"/>
        <childnode refid="43" relation="public-inheritance">
        </childnode>
      </node>
    </inheritancegraph>
    <collaborationgraph>
      <node id="53">
        <label>static multiset&lt; unsigned &gt;</label>
      </node>
      <node id="51">
        <label>bddNode</label>
        <link refid="structbddNode"/>
        <childnode refid="52" relation="usage">
          <edgelabel>high</edgelabel>
          <edgelabel>next</edgelabel>
          <edgelabel>low</edgelabel>
          <edgelabel>mark</edgelabel>
          <edgelabel>var</edgelabel>
        </childnode>
      </node>
      <node id="60">
        <label>vector&lt; string &gt;</label>
      </node>
      <node id="45">
        <label>bddRelationConst</label>
        <link refid="classbddRelationConst"/>
        <childnode refid="46" relation="public-inheritance">
        </childnode>
      </node>
      <node id="59">
        <label>map&lt; unsigned, string &gt;</label>
      </node>
      <node id="56">
        <label>bddBinEntry</label>
        <link refid="structbddBinEntry"/>
        <childnode refid="52" relation="usage">
          <edgelabel>op</edgelabel>
          <edgelabel>root1</edgelabel>
          <edgelabel>result</edgelabel>
          <edgelabel>root2</edgelabel>
        </childnode>
      </node>
      <node id="58">
        <label>map&lt; string, unsigned &gt;</label>
      </node>
      <node id="50">
        <label>bddBdd</label>
        <link refid="classbddBdd"/>
        <childnode refid="48" relation="private-inheritance">
        </childnode>
        <childnode refid="51" relation="usage">
          <edgelabel>mNodes</edgelabel>
        </childnode>
        <childnode refid="53" relation="usage">
          <edgelabel>mExtRefs</edgelabel>
        </childnode>
        <childnode refid="54" relation="usage">
          <edgelabel>mStatCache</edgelabel>
        </childnode>
        <childnode refid="56" relation="usage">
          <edgelabel>mBinCache</edgelabel>
        </childnode>
        <childnode refid="52" relation="usage">
          <edgelabel>mUniqueHash</edgelabel>
          <edgelabel>mFree</edgelabel>
          <edgelabel>mStatCBitNr</edgelabel>
          <edgelabel>mUniqueHBitNr</edgelabel>
          <edgelabel>mMaxNodeNr</edgelabel>
          <edgelabel>mRenameCnt</edgelabel>
          <edgelabel>mRoot</edgelabel>
          <edgelabel>mBinCBitNr</edgelabel>
        </childnode>
      </node>
      <node id="47">
        <label>relDataType</label>
        <link refid="classrelDataType"/>
        <childnode refid="48" relation="public-inheritance">
        </childnode>
      </node>
      <node id="62">
        <label>int</label>
      </node>
      <node id="57">
        <label>bddSymTab</label>
        <link refid="classbddSymTab"/>
        <childnode refid="48" relation="private-inheritance">
        </childnode>
        <childnode refid="58" relation="usage">
          <edgelabel>mAttributes</edgelabel>
          <edgelabel>mAttributeNumbers</edgelabel>
        </childnode>
        <childnode refid="59" relation="usage">
          <edgelabel>mPositions</edgelabel>
        </childnode>
        <childnode refid="60" relation="usage">
          <edgelabel>mAttributeValues</edgelabel>
        </childnode>
        <childnode refid="61" relation="usage">
          <edgelabel>mIsQuoted</edgelabel>
        </childnode>
        <childnode refid="52" relation="usage">
          <edgelabel>mBitNr</edgelabel>
        </childnode>
      </node>
      <node id="48">
        <label>relObject</label>
        <link refid="classrelObject"/>
        <childnode refid="49" relation="usage">
          <edgelabel>count</edgelabel>
        </childnode>
      </node>
      <node id="55">
        <label>double</label>
      </node>
      <node id="49">
        <label>static long</label>
      </node>
      <node id="46">
        <label>bddRelation</label>
        <link refid="classbddRelation"/>
        <childnode refid="47" relation="public-inheritance">
        </childnode>
        <childnode refid="50" relation="usage">
          <edgelabel>mBdd</edgelabel>
        </childnode>
        <childnode refid="57" relation="usage">
          <edgelabel>mSymTab</edgelabel>
        </childnode>
        <childnode refid="62" relation="usage">
          <edgelabel>mArity</edgelabel>
        </childnode>
      </node>
      <node id="52">
        <label>unsigned</label>
      </node>
      <node id="54">
        <label>bddStatEntry</label>
        <link refid="structbddStatEntry"/>
        <childnode refid="55" relation="usage">
          <edgelabel>result</edgelabel>
        </childnode>
        <childnode refid="52" relation="usage">
          <edgelabel>root</edgelabel>
        </childnode>
      </node>
      <node id="61">
        <label>set&lt; string &gt;</label>
      </node>
    </collaborationgraph>
    <location file="bddRelation.h" line="613" bodyfile="bddRelation.h" bodystart="612" bodyend="618"/>
    <listofallmembers>
      <member refid="classbddRelation_1ad66aabe6a5ffb2008782f6e8994daee1" prot="public" virt="non-virtual"><scope>bddRelationConst</scope><name>bddRelation</name></member>
      <member refid="classbddRelationConst_1a4a80343e996366983be44a4d6c7678c0" prot="public" virt="non-virtual"><scope>bddRelationConst</scope><name>bddRelationConst</name></member>
      <member refid="classbddRelation_1a689ae88ba64f8e7f83bc7209593fb63d" prot="public" virt="non-virtual"><scope>bddRelationConst</scope><name>complement</name></member>
      <member refid="classbddRelation_1afa0bfcaddb908ffde192f41335d4b450" prot="public" virt="non-virtual"><scope>bddRelationConst</scope><name>exists</name></member>
      <member refid="classrelObject_1ad987378e185fff56551fb78be0a3e971" prot="public" virt="non-virtual"><scope>bddRelationConst</scope><name>GetCount</name></member>
      <member refid="classbddRelation_1a60eb583dff3b710664b3daf3a008d85b" prot="public" virt="non-virtual"><scope>bddRelationConst</scope><name>getElement</name></member>
      <member refid="classbddRelation_1a0f227605dc8a79221c41640be2535123" prot="public" virt="non-virtual"><scope>bddRelationConst</scope><name>getTupleNr</name></member>
      <member refid="classbddRelation_1a478d5d111a9c74c22a54488a3158fd69" prot="public" virt="non-virtual"><scope>bddRelationConst</scope><name>getTupleOf</name></member>
      <member refid="classbddRelation_1a1b120249b8f114c58703428728a2bcb0" prot="public" virt="non-virtual"><scope>bddRelationConst</scope><name>intersect</name></member>
      <member refid="classbddRelation_1ae3620d86b24fa3d09b2fcb37fba6e80b" prot="public" virt="non-virtual"><scope>bddRelationConst</scope><name>isEmpty</name></member>
      <member refid="classbddRelation_1a152e30040d4f2fe6f0cdacb669fd48c4" prot="public" virt="non-virtual"><scope>bddRelationConst</scope><name>mArity</name></member>
      <member refid="classbddRelation_1a251b7f51e8fea65a96d02e9f55eb09d6" prot="public" virt="non-virtual"><scope>bddRelationConst</scope><name>mkAttributeValue</name></member>
      <member refid="classbddRelation_1a55ad765ba56d7805eefc26668ae745af" prot="public" virt="non-virtual"><scope>bddRelationConst</scope><name>mkEqual</name></member>
      <member refid="classbddRelation_1aedbd00ff6140ed8a9b886761cc7bb7d5" prot="public" virt="non-virtual"><scope>bddRelationConst</scope><name>mkEqual</name></member>
      <member refid="classbddRelation_1aa6a9c5a543eb5f40fa868cfe74ad7603" prot="public" virt="non-virtual"><scope>bddRelationConst</scope><name>mkLess</name></member>
      <member refid="classbddRelation_1ab960101c9ef2100a8813319eb32fec52" prot="public" virt="non-virtual"><scope>bddRelationConst</scope><name>mkRange</name></member>
      <member refid="classbddRelation_1ac51e48bb916fbaec559ef2e8813d063e" prot="public" virt="non-virtual"><scope>bddRelationConst</scope><name>printBddInfo</name></member>
      <member refid="classbddRelation_1a90f72bf8ac550fce05c800a46cbb87b6" prot="public" virt="non-virtual"><scope>bddRelationConst</scope><name>printBDT</name></member>
      <member refid="classbddRelation_1a1ff8848ee58c7cdf0cc2fce43748f803" prot="public" virt="non-virtual"><scope>bddRelationConst</scope><name>printGraph</name></member>
      <member refid="classbddRelation_1ad1c2ba52d549cfd725ff7bf710fadda3" prot="public" virt="non-virtual"><scope>bddRelationConst</scope><name>printNodesPerVarId</name></member>
      <member refid="classbddRelation_1af3ac1cddf15fb349820e9bd0e6ae5c9a" prot="public" virt="non-virtual"><scope>bddRelationConst</scope><name>printRelation</name></member>
      <member refid="classrelDataType_1aee1178079720d4e5b53b080a1b224ca7" prot="public" virt="non-virtual"><scope>bddRelationConst</scope><name>relDataType</name></member>
      <member refid="classrelObject_1aa8fc3941bf9f84e8cf90a821cb0a2d15" prot="public" virt="non-virtual"><scope>bddRelationConst</scope><name>relObject</name></member>
      <member refid="classrelObject_1a88249926871015e4149a7468ec845b99" prot="public" virt="non-virtual"><scope>bddRelationConst</scope><name>relObject</name></member>
      <member refid="classbddRelation_1aff2e779eb6e2b747451ccd1f3a90c1a4" prot="public" virt="non-virtual"><scope>bddRelationConst</scope><name>rename</name></member>
      <member refid="classbddRelation_1a8304d06b4943b2d7b2e111e1307e95db" prot="public" virt="non-virtual"><scope>bddRelationConst</scope><name>setContains</name></member>
      <member refid="classbddRelation_1a230afed75845fcfb9f9246c032f6e26f" prot="public" virt="non-virtual"><scope>bddRelationConst</scope><name>setEqual</name></member>
      <member refid="classbddRelation_1a6b7d42c2feaa4a728e88b56e82d4e1ef" prot="public" virt="non-virtual"><scope>bddRelationConst</scope><name>testVars</name></member>
      <member refid="classbddRelation_1a6d73f50efc75bb8e525835f8c6d1fb1b" prot="public" virt="non-virtual"><scope>bddRelationConst</scope><name>unite</name></member>
      <member refid="classrelDataType_1a7f4218fcb8cf987133bc92d41fcae3a5" prot="public" virt="non-virtual"><scope>bddRelationConst</scope><name>~relDataType</name></member>
      <member refid="classrelObject_1a4fb533b43971834655cd0cb1323f979b" prot="public" virt="virtual"><scope>bddRelationConst</scope><name>~relObject</name></member>
    </listofallmembers>
  </compounddef>
</doxygen>
