<?xml version='1.0' encoding='UTF-8' standalone='no'?>
<doxygen xmlns:xsi="http://www.w3.org/2001/XMLSchema-instance" xsi:noNamespaceSchemaLocation="compound.xsd" version="1.6.1">
  <compounddef id="classrelStrExprConst" kind="class" prot="public">
    <compoundname>relStrExprConst</compoundname>
    <basecompoundref refid="classrelStrExpr" prot="public" virt="non-virtual">relStrExpr</basecompoundref>
    <includes refid="relStrExpr_8h" local="no">relStrExpr.h</includes>
      <sectiondef kind="private-attrib">
      <memberdef kind="variable" id="classrelStrExprConst_1a8ca15148703c57f4bf42fe8e715d59b7" prot="private" static="no" mutable="no">
        <type>string *</type>
        <definition>string* relStrExprConst::mVal</definition>
        <argsstring></argsstring>
        <name>mVal</name>
        <briefdescription>
        </briefdescription>
        <detaileddescription>
        </detaileddescription>
        <inbodydescription>
        </inbodydescription>
        <location file="relStrExpr.h" line="92" bodyfile="relStrExpr.h" bodystart="92" bodyend="-1"/>
      </memberdef>
      </sectiondef>
      <sectiondef kind="public-func">
      <memberdef kind="function" id="classrelStrExprConst_1a62da1303b6904cb569336dbb26c7ca95" prot="public" static="no" const="no" explicit="no" inline="yes" virt="non-virtual">
        <type></type>
        <definition>relStrExprConst::relStrExprConst</definition>
        <argsstring>(string *pVal)</argsstring>
        <name>relStrExprConst</name>
        <param>
          <type>string *</type>
          <declname>pVal</declname>
        </param>
        <briefdescription>
        </briefdescription>
        <detaileddescription>
        </detaileddescription>
        <inbodydescription>
        </inbodydescription>
        <location file="relStrExpr.h" line="97" bodyfile="relStrExpr.h" bodystart="95" bodyend="97"/>
      </memberdef>
      <memberdef kind="function" id="classrelStrExprConst_1afee2cdf775d428ece4b844ab6c9b53be" prot="public" static="no" const="no" explicit="no" inline="yes" virt="non-virtual">
        <type></type>
        <definition>relStrExprConst::~relStrExprConst</definition>
        <argsstring>()</argsstring>
        <name>~relStrExprConst</name>
        <briefdescription>
        </briefdescription>
        <detaileddescription>
        </detaileddescription>
        <inbodydescription>
        </inbodydescription>
        <location file="relStrExpr.h" line="100" bodyfile="relStrExpr.h" bodystart="99" bodyend="102"/>
        <references refid="classrelStrExprConst_1a8ca15148703c57f4bf42fe8e715d59b7" compoundref="relStrExpr_8h" startline="92">mVal</references>
      </memberdef>
      <memberdef kind="function" id="classrelStrExprConst_1a37b5b85b1dce686bb01afeee32ff3c78" prot="public" static="no" const="no" explicit="no" inline="yes" virt="virtual">
        <type><ref refid="classrelString" kindref="compound">relString</ref></type>
        <definition>virtual relString relStrExprConst::interpret</definition>
        <argsstring>(bddSymTab *pSymTab)</argsstring>
        <name>interpret</name>
        <reimplements refid="classrelStrExpr_1a0602ca1fd170fd99c43c1d59e9180c55">interpret</reimplements>
        <param>
          <type><ref refid="classbddSymTab" kindref="compound">bddSymTab</ref> *</type>
          <declname>pSymTab</declname>
        </param>
        <briefdescription>
        </briefdescription>
        <detaileddescription>
        </detaileddescription>
        <inbodydescription>
        </inbodydescription>
        <location file="relStrExpr.h" line="106" bodyfile="relStrExpr.h" bodystart="105" bodyend="108"/>
        <references refid="classrelStrExprConst_1a8ca15148703c57f4bf42fe8e715d59b7" compoundref="relStrExpr_8h" startline="92">mVal</references>
      </memberdef>
      </sectiondef>
    <briefdescription>
    </briefdescription>
    <detaileddescription>
    </detaileddescription>
    <inheritancegraph>
      <node id="565">
        <label>relStrExpr</label>
        <link refid="classrelStrExpr"/>
        <childnode refid="566" relation="public-inheritance">
        </childnode>
      </node>
      <node id="566">
        <label>relObject</label>
        <link refid="classrelObject"/>
      </node>
      <node id="564">
        <label>relStrExprConst</label>
        <link refid="classrelStrExprConst"/>
        <childnode refid="565" relation="public-inheritance">
        </childnode>
      </node>
    </inheritancegraph>
    <collaborationgraph>
      <node id="568">
        <label>relStrExpr</label>
        <link refid="classrelStrExpr"/>
        <childnode refid="569" relation="public-inheritance">
        </childnode>
      </node>
      <node id="571">
        <label>string</label>
      </node>
      <node id="569">
        <label>relObject</label>
        <link refid="classrelObject"/>
        <childnode refid="570" relation="usage">
          <edgelabel>count</edgelabel>
        </childnode>
      </node>
      <node id="567">
        <label>relStrExprConst</label>
        <link refid="classrelStrExprConst"/>
        <childnode refid="568" relation="public-inheritance">
        </childnode>
        <childnode refid="571" relation="usage">
          <edgelabel>mVal</edgelabel>
        </childnode>
      </node>
      <node id="570">
        <label>static long</label>
      </node>
    </collaborationgraph>
    <location file="relStrExpr.h" line="90" bodyfile="relStrExpr.h" bodystart="89" bodyend="109"/>
    <listofallmembers>
      <member refid="classrelObject_1ad987378e185fff56551fb78be0a3e971" prot="public" virt="non-virtual"><scope>relStrExprConst</scope><name>GetCount</name></member>
      <member refid="classrelStrExprConst_1a37b5b85b1dce686bb01afeee32ff3c78" prot="public" virt="virtual"><scope>relStrExprConst</scope><name>interpret</name></member>
      <member refid="classrelStrExprConst_1a8ca15148703c57f4bf42fe8e715d59b7" prot="private" virt="non-virtual"><scope>relStrExprConst</scope><name>mVal</name></member>
      <member refid="classrelObject_1aa8fc3941bf9f84e8cf90a821cb0a2d15" prot="public" virt="non-virtual"><scope>relStrExprConst</scope><name>relObject</name></member>
      <member refid="classrelObject_1a88249926871015e4149a7468ec845b99" prot="public" virt="non-virtual"><scope>relStrExprConst</scope><name>relObject</name></member>
      <member refid="classrelStrExprConst_1a62da1303b6904cb569336dbb26c7ca95" prot="public" virt="non-virtual"><scope>relStrExprConst</scope><name>relStrExprConst</name></member>
      <member refid="classrelObject_1a4fb533b43971834655cd0cb1323f979b" prot="public" virt="virtual"><scope>relStrExprConst</scope><name>~relObject</name></member>
      <member refid="classrelStrExprConst_1afee2cdf775d428ece4b844ab6c9b53be" prot="public" virt="non-virtual"><scope>relStrExprConst</scope><name>~relStrExprConst</name></member>
    </listofallmembers>
  </compounddef>
</doxygen>
