<?xml version='1.0' encoding='UTF-8' standalone='no'?>
<doxygen xmlns:xsi="http://www.w3.org/2001/XMLSchema-instance" xsi:noNamespaceSchemaLocation="compound.xsd" version="1.6.1">
  <compounddef id="classrelObject" kind="class" prot="public">
    <compoundname>relObject</compoundname>
    <derivedcompoundref refid="classbddBdd" prot="private" virt="non-virtual">bddBdd</derivedcompoundref>
    <derivedcompoundref refid="classbddSymTab" prot="private" virt="non-virtual">bddSymTab</derivedcompoundref>
    <derivedcompoundref refid="classrelDataType" prot="public" virt="non-virtual">relDataType</derivedcompoundref>
    <derivedcompoundref refid="classrelExpression" prot="public" virt="non-virtual">relExpression</derivedcompoundref>
    <derivedcompoundref refid="classrelNumExpr" prot="public" virt="non-virtual">relNumExpr</derivedcompoundref>
    <derivedcompoundref refid="classrelPrintExpr" prot="public" virt="non-virtual">relPrintExpr</derivedcompoundref>
    <derivedcompoundref refid="classrelReaderWriter" prot="public" virt="non-virtual">relReaderWriter</derivedcompoundref>
    <derivedcompoundref refid="classrelStatement" prot="public" virt="non-virtual">relStatement</derivedcompoundref>
    <derivedcompoundref refid="classrelStrExpr" prot="public" virt="non-virtual">relStrExpr</derivedcompoundref>
    <derivedcompoundref refid="classrelTerm" prot="public" virt="non-virtual">relTerm</derivedcompoundref>
    <includes refid="relObject_8h" local="no">relObject.h</includes>
      <sectiondef kind="private-static-attrib">
      <memberdef kind="variable" id="classrelObject_1a1e5f7fb888583d56e9f4b6e247030e35" prot="private" static="yes" mutable="no">
        <type>long</type>
        <definition>long relObject::count</definition>
        <argsstring></argsstring>
        <name>count</name>
        <initializer> 0</initializer>
        <briefdescription>
<para>Counts the number of instatiated objects. </para>        </briefdescription>
        <detaileddescription>
        </detaileddescription>
        <inbodydescription>
        </inbodydescription>
        <location file="relObject.h" line="53" bodyfile="relObject.h" bodystart="53" bodyend="-1"/>
      </memberdef>
      </sectiondef>
      <sectiondef kind="public-static-func">
      <memberdef kind="function" id="classrelObject_1ad987378e185fff56551fb78be0a3e971" prot="public" static="yes" const="no" explicit="no" inline="yes" virt="non-virtual">
        <type>const int</type>
        <definition>static const int relObject::GetCount</definition>
        <argsstring>()</argsstring>
        <name>GetCount</name>
        <briefdescription>
        </briefdescription>
        <detaileddescription>
        </detaileddescription>
        <inbodydescription>
        </inbodydescription>
        <location file="relObject.h" line="47" bodyfile="relObject.h" bodystart="46" bodyend="49"/>
        <references refid="classrelObject_1a1e5f7fb888583d56e9f4b6e247030e35" compoundref="relObject_8h" startline="53">count</references>
      </memberdef>
      </sectiondef>
      <sectiondef kind="private-func">
      <memberdef kind="function" id="classrelObject_1af7d41cbced909aad7257bf4940c1fa07" prot="private" static="no" const="no" explicit="no" inline="no" virt="non-virtual">
        <type>void</type>
        <definition>void relObject::operator,</definition>
        <argsstring>(const relObject &amp;)</argsstring>
        <name>operator,</name>
        <reimplementedby refid="classbddSymTab_1a73f9ddaa4473d911f967d1bae8042a57">operator,</reimplementedby>
        <reimplementedby refid="classbddRelation_1a0adc771fb2f2bfc9573170b414aaacfd">operator,</reimplementedby>
        <param>
          <type>const <ref refid="classrelObject" kindref="compound">relObject</ref> &amp;</type>
        </param>
        <briefdescription>
        </briefdescription>
        <detaileddescription>
<para>It should be not allowed to use the standard operators. Uses the standard operator &apos;=&apos;. </para>        </detaileddescription>
        <inbodydescription>
        </inbodydescription>
        <location file="relObject.h" line="57"/>
      </memberdef>
      </sectiondef>
      <sectiondef kind="public-func">
      <memberdef kind="function" id="classrelObject_1aa8fc3941bf9f84e8cf90a821cb0a2d15" prot="public" static="no" const="no" explicit="no" inline="yes" virt="non-virtual">
        <type></type>
        <definition>relObject::relObject</definition>
        <argsstring>()</argsstring>
        <name>relObject</name>
        <briefdescription>
        </briefdescription>
        <detaileddescription>
        </detaileddescription>
        <inbodydescription>
        </inbodydescription>
        <location file="relObject.h" line="62" bodyfile="relObject.h" bodystart="61" bodyend="65"/>
        <references refid="classrelObject_1a1e5f7fb888583d56e9f4b6e247030e35" compoundref="relObject_8h" startline="53">count</references>
      </memberdef>
      <memberdef kind="function" id="classrelObject_1a88249926871015e4149a7468ec845b99" prot="public" static="no" const="no" explicit="no" inline="yes" virt="non-virtual">
        <type></type>
        <definition>relObject::relObject</definition>
        <argsstring>(const relObject &amp;pObj)</argsstring>
        <name>relObject</name>
        <param>
          <type>const <ref refid="classrelObject" kindref="compound">relObject</ref> &amp;</type>
          <declname>pObj</declname>
        </param>
        <briefdescription>
        </briefdescription>
        <detaileddescription>
<para>We define a copy constructor for the case that an implicitly defined copy constructor of a subclass is used. </para>        </detaileddescription>
        <inbodydescription>
        </inbodydescription>
        <location file="relObject.h" line="71" bodyfile="relObject.h" bodystart="70" bodyend="74"/>
        <references refid="classrelObject_1a1e5f7fb888583d56e9f4b6e247030e35" compoundref="relObject_8h" startline="53">count</references>
      </memberdef>
      <memberdef kind="function" id="classrelObject_1a4fb533b43971834655cd0cb1323f979b" prot="public" static="no" const="no" explicit="no" inline="yes" virt="virtual">
        <type></type>
        <definition>virtual relObject::~relObject</definition>
        <argsstring>()</argsstring>
        <name>~relObject</name>
        <briefdescription>
        </briefdescription>
        <detaileddescription>
<para>This virtual destructor forces that all derivated components also have virtual destructors without virtual declaration. </para>        </detaileddescription>
        <inbodydescription>
        </inbodydescription>
        <location file="relObject.h" line="79" bodyfile="relObject.h" bodystart="78" bodyend="81"/>
        <references refid="classrelObject_1a1e5f7fb888583d56e9f4b6e247030e35" compoundref="relObject_8h" startline="53">count</references>
      </memberdef>
      </sectiondef>
    <briefdescription>
    </briefdescription>
    <detaileddescription>
<para>The purpose of this class is to count the number of objects instantiated within the CrocoPat library. This is useful for checking memory deallocation. </para>    </detaileddescription>
    <inheritancegraph>
      <node id="273">
        <label>relExprClosure</label>
        <link refid="classrelExprClosure"/>
        <childnode refid="271" relation="public-inheritance">
        </childnode>
      </node>
      <node id="322">
        <label>relTerm</label>
        <link refid="classrelTerm"/>
        <childnode refid="263" relation="public-inheritance">
        </childnode>
      </node>
      <node id="297">
        <label>relPrintExprRelInfo</label>
        <link refid="classrelPrintExprRelInfo"/>
        <childnode refid="291" relation="public-inheritance">
        </childnode>
      </node>
      <node id="272">
        <label>relExprAnd</label>
        <link refid="classrelExprAnd"/>
        <childnode refid="271" relation="public-inheritance">
        </childnode>
      </node>
      <node id="295">
        <label>relPrintExprInt</label>
        <link refid="classrelPrintExprInt"/>
        <childnode refid="291" relation="public-inheritance">
        </childnode>
      </node>
      <node id="325">
        <label>relTermStrExpr</label>
        <link refid="classrelTermStrExpr"/>
        <childnode refid="322" relation="public-inheritance">
        </childnode>
      </node>
      <node id="306">
        <label>relStmtCall</label>
        <link refid="classrelStmtCall"/>
        <childnode refid="302" relation="public-inheritance">
        </childnode>
      </node>
      <node id="309">
        <label>relStmtExit</label>
        <link refid="classrelStmtExit"/>
        <childnode refid="302" relation="public-inheritance">
        </childnode>
      </node>
      <node id="320">
        <label>relStrExprNum</label>
        <link refid="classrelStrExprNum"/>
        <childnode refid="315" relation="public-inheritance">
        </childnode>
      </node>
      <node id="271">
        <label>relExpression</label>
        <link refid="classrelExpression"/>
        <childnode refid="263" relation="public-inheritance">
        </childnode>
      </node>
      <node id="315">
        <label>relStrExpr</label>
        <link refid="classrelStrExpr"/>
        <childnode refid="263" relation="public-inheritance">
        </childnode>
      </node>
      <node id="268">
        <label>bddRelationConst</label>
        <link refid="classbddRelationConst"/>
        <childnode refid="267" relation="public-inheritance">
        </childnode>
      </node>
      <node id="299">
        <label>relPrintExprString</label>
        <link refid="classrelPrintExprString"/>
        <childnode refid="291" relation="public-inheritance">
        </childnode>
      </node>
      <node id="280">
        <label>relExprRelOp</label>
        <link refid="classrelExprRelOp"/>
        <childnode refid="271" relation="public-inheritance">
        </childnode>
      </node>
      <node id="304">
        <label>relStmtAssignNum</label>
        <link refid="classrelStmtAssignNum"/>
        <childnode refid="302" relation="public-inheritance">
        </childnode>
      </node>
      <node id="270">
        <label>relString</label>
        <link refid="classrelString"/>
        <childnode refid="266" relation="public-inheritance">
        </childnode>
      </node>
      <node id="283">
        <label>relNumExpr</label>
        <link refid="classrelNumExpr"/>
        <childnode refid="263" relation="public-inheritance">
        </childnode>
      </node>
      <node id="292">
        <label>relPrintExprBDT</label>
        <link refid="classrelPrintExprBDT"/>
        <childnode refid="291" relation="public-inheritance">
        </childnode>
      </node>
      <node id="284">
        <label>relNumExprBinOp</label>
        <link refid="classrelNumExprBinOp"/>
        <childnode refid="283" relation="public-inheritance">
        </childnode>
      </node>
      <node id="269">
        <label>relNumber</label>
        <link refid="classrelNumber"/>
        <childnode refid="266" relation="public-inheritance">
        </childnode>
      </node>
      <node id="321">
        <label>relStrExprVar</label>
        <link refid="classrelStrExprVar"/>
        <childnode refid="315" relation="public-inheritance">
        </childnode>
      </node>
      <node id="310">
        <label>relStmtFor</label>
        <link refid="classrelStmtFor"/>
        <childnode refid="302" relation="public-inheritance">
        </childnode>
      </node>
      <node id="264">
        <label>bddBdd</label>
        <link refid="classbddBdd"/>
        <childnode refid="263" relation="private-inheritance">
        </childnode>
      </node>
      <node id="275">
        <label>relExprExists</label>
        <link refid="classrelExprExists"/>
        <childnode refid="271" relation="public-inheritance">
        </childnode>
      </node>
      <node id="316">
        <label>relStrCmdArg</label>
        <link refid="classrelStrCmdArg"/>
        <childnode refid="315" relation="public-inheritance">
        </childnode>
      </node>
      <node id="278">
        <label>relExprRegExTerm</label>
        <link refid="classrelExprRegExTerm"/>
        <childnode refid="271" relation="public-inheritance">
        </childnode>
      </node>
      <node id="298">
        <label>relPrintExprSeq</label>
        <link refid="classrelPrintExprSeq"/>
        <childnode refid="291" relation="public-inheritance">
        </childnode>
      </node>
      <node id="285">
        <label>relNumExprConst</label>
        <link refid="classrelNumExprConst"/>
        <childnode refid="283" relation="public-inheritance">
        </childnode>
      </node>
      <node id="266">
        <label>relDataType</label>
        <link refid="classrelDataType"/>
        <childnode refid="263" relation="public-inheritance">
        </childnode>
      </node>
      <node id="276">
        <label>relExprNot</label>
        <link refid="classrelExprNot"/>
        <childnode refid="271" relation="public-inheritance">
        </childnode>
      </node>
      <node id="314">
        <label>relStmtWhile</label>
        <link refid="classrelStmtWhile"/>
        <childnode refid="302" relation="public-inheritance">
        </childnode>
      </node>
      <node id="302">
        <label>relStatement</label>
        <link refid="classrelStatement"/>
        <childnode refid="263" relation="public-inheritance">
        </childnode>
      </node>
      <node id="281">
        <label>relExprRelVar</label>
        <link refid="classrelExprRelVar"/>
        <childnode refid="271" relation="public-inheritance">
        </childnode>
      </node>
      <node id="311">
        <label>relStmtIf</label>
        <link refid="classrelStmtIf"/>
        <childnode refid="302" relation="public-inheritance">
        </childnode>
      </node>
      <node id="287">
        <label>relNumExprStr</label>
        <link refid="classrelNumExprStr"/>
        <childnode refid="283" relation="public-inheritance">
        </childnode>
      </node>
      <node id="265">
        <label>bddSymTab</label>
        <link refid="classbddSymTab"/>
        <childnode refid="263" relation="private-inheritance">
        </childnode>
      </node>
      <node id="313">
        <label>relStmtSeq</label>
        <link refid="classrelStmtSeq"/>
        <childnode refid="302" relation="public-inheritance">
        </childnode>
      </node>
      <node id="263">
        <label>relObject</label>
        <link refid="classrelObject"/>
      </node>
      <node id="319">
        <label>relStrExprElem</label>
        <link refid="classrelStrExprElem"/>
        <childnode refid="315" relation="public-inheritance">
        </childnode>
      </node>
      <node id="279">
        <label>relExprRelNumCmp</label>
        <link refid="classrelExprRelNumCmp"/>
        <childnode refid="271" relation="public-inheritance">
        </childnode>
      </node>
      <node id="282">
        <label>relExprTupleOf</label>
        <link refid="classrelExprTupleOf"/>
        <childnode refid="271" relation="public-inheritance">
        </childnode>
      </node>
      <node id="305">
        <label>relStmtAssignStr</label>
        <link refid="classrelStmtAssignStr"/>
        <childnode refid="302" relation="public-inheritance">
        </childnode>
      </node>
      <node id="288">
        <label>relNumExprTimeElapsed</label>
        <link refid="classrelNumExprTimeElapsed"/>
        <childnode refid="283" relation="public-inheritance">
        </childnode>
      </node>
      <node id="300">
        <label>relPrintExprValues</label>
        <link refid="classrelPrintExprValues"/>
        <childnode refid="291" relation="public-inheritance">
        </childnode>
      </node>
      <node id="318">
        <label>relStrExprConst</label>
        <link refid="classrelStrExprConst"/>
        <childnode refid="315" relation="public-inheritance">
        </childnode>
      </node>
      <node id="312">
        <label>relStmtPrint</label>
        <link refid="classrelStmtPrint"/>
        <childnode refid="302" relation="public-inheritance">
        </childnode>
      </node>
      <node id="296">
        <label>relPrintExprNodesPerVarId</label>
        <link refid="classrelPrintExprNodesPerVarId"/>
        <childnode refid="291" relation="public-inheritance">
        </childnode>
      </node>
      <node id="317">
        <label>relStrExprBinOp</label>
        <link refid="classrelStrExprBinOp"/>
        <childnode refid="315" relation="public-inheritance">
        </childnode>
      </node>
      <node id="267">
        <label>bddRelation</label>
        <link refid="classbddRelation"/>
        <childnode refid="266" relation="public-inheritance">
        </childnode>
      </node>
      <node id="293">
        <label>relPrintExprEndLine</label>
        <link refid="classrelPrintExprEndLine"/>
        <childnode refid="291" relation="public-inheritance">
        </childnode>
      </node>
      <node id="289">
        <label>relNumExprUnOp</label>
        <link refid="classrelNumExprUnOp"/>
        <childnode refid="283" relation="public-inheritance">
        </childnode>
      </node>
      <node id="308">
        <label>relStmtExec</label>
        <link refid="classrelStmtExec"/>
        <childnode refid="302" relation="public-inheritance">
        </childnode>
      </node>
      <node id="301">
        <label>relReaderWriter</label>
        <link refid="classrelReaderWriter"/>
        <childnode refid="263" relation="public-inheritance">
        </childnode>
      </node>
      <node id="286">
        <label>relNumExprRound</label>
        <link refid="classrelNumExprRound"/>
        <childnode refid="283" relation="public-inheritance">
        </childnode>
      </node>
      <node id="303">
        <label>relStmtAssign</label>
        <link refid="classrelStmtAssign"/>
        <childnode refid="302" relation="public-inheritance">
        </childnode>
      </node>
      <node id="291">
        <label>relPrintExpr</label>
        <link refid="classrelPrintExpr"/>
        <childnode refid="263" relation="public-inheritance">
        </childnode>
      </node>
      <node id="274">
        <label>relExprEquiv</label>
        <link refid="classrelExprEquiv"/>
        <childnode refid="271" relation="public-inheritance">
        </childnode>
      </node>
      <node id="324">
        <label>relTermExists</label>
        <link refid="classrelTermExists"/>
        <childnode refid="322" relation="public-inheritance">
        </childnode>
      </node>
      <node id="277">
        <label>relExprOr</label>
        <link refid="classrelExprOr"/>
        <childnode refid="271" relation="public-inheritance">
        </childnode>
      </node>
      <node id="307">
        <label>relStmtEmpty</label>
        <link refid="classrelStmtEmpty"/>
        <childnode refid="302" relation="public-inheritance">
        </childnode>
      </node>
      <node id="294">
        <label>relPrintExprGraph</label>
        <link refid="classrelPrintExprGraph"/>
        <childnode refid="291" relation="public-inheritance">
        </childnode>
      </node>
      <node id="323">
        <label>relTermAttribute</label>
        <link refid="classrelTermAttribute"/>
        <childnode refid="322" relation="public-inheritance">
        </childnode>
      </node>
      <node id="290">
        <label>relNumExprVar</label>
        <link refid="classrelNumExprVar"/>
        <childnode refid="283" relation="public-inheritance">
        </childnode>
      </node>
    </inheritancegraph>
    <collaborationgraph>
      <node id="326">
        <label>relObject</label>
        <link refid="classrelObject"/>
        <childnode refid="327" relation="usage">
          <edgelabel>count</edgelabel>
        </childnode>
      </node>
      <node id="327">
        <label>static long</label>
      </node>
    </collaborationgraph>
    <location file="relObject.h" line="42" bodyfile="relObject.h" bodystart="41" bodyend="82"/>
    <listofallmembers>
      <member refid="classrelObject_1a1e5f7fb888583d56e9f4b6e247030e35" prot="private" virt="non-virtual"><scope>relObject</scope><name>count</name></member>
      <member refid="classrelObject_1ad987378e185fff56551fb78be0a3e971" prot="public" virt="non-virtual"><scope>relObject</scope><name>GetCount</name></member>
      <member refid="classrelObject_1af7d41cbced909aad7257bf4940c1fa07" prot="private" virt="non-virtual"><scope>relObject</scope><name>operator,</name></member>
      <member refid="classrelObject_1aa8fc3941bf9f84e8cf90a821cb0a2d15" prot="public" virt="non-virtual"><scope>relObject</scope><name>relObject</name></member>
      <member refid="classrelObject_1a88249926871015e4149a7468ec845b99" prot="public" virt="non-virtual"><scope>relObject</scope><name>relObject</name></member>
      <member refid="classrelObject_1a4fb533b43971834655cd0cb1323f979b" prot="public" virt="virtual"><scope>relObject</scope><name>~relObject</name></member>
    </listofallmembers>
  </compounddef>
</doxygen>
