<?xml version='1.0' encoding='UTF-8' standalone='no'?>
<doxygen xmlns:xsi="http://www.w3.org/2001/XMLSchema-instance" xsi:noNamespaceSchemaLocation="compound.xsd" version="1.6.1">
  <compounddef id="classrelNumber" kind="class" prot="public">
    <compoundname>relNumber</compoundname>
    <basecompoundref refid="classrelDataType" prot="public" virt="non-virtual">relDataType</basecompoundref>
    <includes refid="relNumber_8h" local="no">relNumber.h</includes>
      <sectiondef kind="private-attrib">
      <memberdef kind="variable" id="classrelNumber_1aa78277aa6eb0cfa6df466afe5a6f1f5d" prot="private" static="no" mutable="no">
        <type>double</type>
        <definition>double relNumber::mValue</definition>
        <argsstring></argsstring>
        <name>mValue</name>
        <briefdescription>
        </briefdescription>
        <detaileddescription>
        </detaileddescription>
        <inbodydescription>
        </inbodydescription>
        <location file="relNumber.h" line="40" bodyfile="relNumber.h" bodystart="40" bodyend="-1"/>
      </memberdef>
      </sectiondef>
      <sectiondef kind="public-func">
      <memberdef kind="function" id="classrelNumber_1a9bc98e7fe48ee83f5e6758244a5d75f7" prot="public" static="no" const="no" explicit="no" inline="yes" virt="non-virtual">
        <type></type>
        <definition>relNumber::relNumber</definition>
        <argsstring>(double pValue)</argsstring>
        <name>relNumber</name>
        <param>
          <type>double</type>
          <declname>pValue</declname>
        </param>
        <briefdescription>
        </briefdescription>
        <detaileddescription>
        </detaileddescription>
        <inbodydescription>
        </inbodydescription>
        <location file="relNumber.h" line="44" bodyfile="relNumber.h" bodystart="43" bodyend="46"/>
        <references refid="classrelNumber_1aa78277aa6eb0cfa6df466afe5a6f1f5d" compoundref="relNumber_8h" startline="40">mValue</references>
      </memberdef>
      <memberdef kind="function" id="classrelNumber_1a6601ca559b15efacd9f92268037cb518" prot="public" static="no" const="no" explicit="no" inline="yes" virt="non-virtual">
        <type></type>
        <definition>relNumber::~relNumber</definition>
        <argsstring>()</argsstring>
        <name>~relNumber</name>
        <briefdescription>
        </briefdescription>
        <detaileddescription>
        </detaileddescription>
        <inbodydescription>
        </inbodydescription>
        <location file="relNumber.h" line="49" bodyfile="relNumber.h" bodystart="48" bodyend="49"/>
      </memberdef>
      <memberdef kind="function" id="classrelNumber_1a473ce9259c99163a37654d4051dbbd3c" prot="public" static="no" const="no" explicit="no" inline="yes" virt="non-virtual">
        <type>double</type>
        <definition>double relNumber::getValue</definition>
        <argsstring>()</argsstring>
        <name>getValue</name>
        <briefdescription>
        </briefdescription>
        <detaileddescription>
        </detaileddescription>
        <inbodydescription>
        </inbodydescription>
        <location file="relNumber.h" line="52" bodyfile="relNumber.h" bodystart="51" bodyend="54"/>
        <references refid="classrelNumber_1aa78277aa6eb0cfa6df466afe5a6f1f5d" compoundref="relNumber_8h" startline="40">mValue</references>
      </memberdef>
      <memberdef kind="function" id="classrelNumber_1ad87356454f06c971e7e07b983acb7e1a" prot="public" static="no" const="no" explicit="no" inline="yes" virt="non-virtual">
        <type>void</type>
        <definition>void relNumber::setValue</definition>
        <argsstring>(double pValue)</argsstring>
        <name>setValue</name>
        <param>
          <type>double</type>
          <declname>pValue</declname>
        </param>
        <briefdescription>
        </briefdescription>
        <detaileddescription>
        </detaileddescription>
        <inbodydescription>
        </inbodydescription>
        <location file="relNumber.h" line="57" bodyfile="relNumber.h" bodystart="56" bodyend="59"/>
        <references refid="classrelNumber_1aa78277aa6eb0cfa6df466afe5a6f1f5d" compoundref="relNumber_8h" startline="40">mValue</references>
      </memberdef>
      </sectiondef>
    <briefdescription>
    </briefdescription>
    <detaileddescription>
    </detaileddescription>
    <inheritancegraph>
      <node id="188">
        <label>relNumber</label>
        <link refid="classrelNumber"/>
        <childnode refid="189" relation="public-inheritance">
        </childnode>
      </node>
      <node id="189">
        <label>relDataType</label>
        <link refid="classrelDataType"/>
        <childnode refid="190" relation="public-inheritance">
        </childnode>
      </node>
      <node id="190">
        <label>relObject</label>
        <link refid="classrelObject"/>
      </node>
    </inheritancegraph>
    <collaborationgraph>
      <node id="191">
        <label>relNumber</label>
        <link refid="classrelNumber"/>
        <childnode refid="192" relation="public-inheritance">
        </childnode>
        <childnode refid="195" relation="usage">
          <edgelabel>mValue</edgelabel>
        </childnode>
      </node>
      <node id="192">
        <label>relDataType</label>
        <link refid="classrelDataType"/>
        <childnode refid="193" relation="public-inheritance">
        </childnode>
      </node>
      <node id="193">
        <label>relObject</label>
        <link refid="classrelObject"/>
        <childnode refid="194" relation="usage">
          <edgelabel>count</edgelabel>
        </childnode>
      </node>
      <node id="195">
        <label>double</label>
      </node>
      <node id="194">
        <label>static long</label>
      </node>
    </collaborationgraph>
    <location file="relNumber.h" line="38" bodyfile="relNumber.h" bodystart="37" bodyend="60"/>
    <listofallmembers>
      <member refid="classrelObject_1ad987378e185fff56551fb78be0a3e971" prot="public" virt="non-virtual"><scope>relNumber</scope><name>GetCount</name></member>
      <member refid="classrelNumber_1a473ce9259c99163a37654d4051dbbd3c" prot="public" virt="non-virtual"><scope>relNumber</scope><name>getValue</name></member>
      <member refid="classrelNumber_1aa78277aa6eb0cfa6df466afe5a6f1f5d" prot="private" virt="non-virtual"><scope>relNumber</scope><name>mValue</name></member>
      <member refid="classrelDataType_1aee1178079720d4e5b53b080a1b224ca7" prot="public" virt="non-virtual"><scope>relNumber</scope><name>relDataType</name></member>
      <member refid="classrelNumber_1a9bc98e7fe48ee83f5e6758244a5d75f7" prot="public" virt="non-virtual"><scope>relNumber</scope><name>relNumber</name></member>
      <member refid="classrelObject_1aa8fc3941bf9f84e8cf90a821cb0a2d15" prot="public" virt="non-virtual"><scope>relNumber</scope><name>relObject</name></member>
      <member refid="classrelObject_1a88249926871015e4149a7468ec845b99" prot="public" virt="non-virtual"><scope>relNumber</scope><name>relObject</name></member>
      <member refid="classrelNumber_1ad87356454f06c971e7e07b983acb7e1a" prot="public" virt="non-virtual"><scope>relNumber</scope><name>setValue</name></member>
      <member refid="classrelDataType_1a7f4218fcb8cf987133bc92d41fcae3a5" prot="public" virt="non-virtual"><scope>relNumber</scope><name>~relDataType</name></member>
      <member refid="classrelNumber_1a6601ca559b15efacd9f92268037cb518" prot="public" virt="non-virtual"><scope>relNumber</scope><name>~relNumber</name></member>
      <member refid="classrelObject_1a4fb533b43971834655cd0cb1323f979b" prot="public" virt="virtual"><scope>relNumber</scope><name>~relObject</name></member>
    </listofallmembers>
  </compounddef>
</doxygen>
