<?xml version='1.0' encoding='UTF-8' standalone='no'?>
<doxygen xmlns:xsi="http://www.w3.org/2001/XMLSchema-instance" xsi:noNamespaceSchemaLocation="compound.xsd" version="1.6.1">
  <compounddef id="classrelTermExists" kind="class" prot="public">
    <compoundname>relTermExists</compoundname>
    <basecompoundref refid="classrelTerm" prot="public" virt="non-virtual">relTerm</basecompoundref>
    <includes refid="relTerm_8h" local="no">relTerm.h</includes>
      <sectiondef kind="public-func">
      <memberdef kind="function" id="classrelTermExists_1a24120c2899d9f5100755b1ad93ba1967" prot="public" static="no" const="no" explicit="no" inline="yes" virt="non-virtual">
        <type></type>
        <definition>relTermExists::relTermExists</definition>
        <argsstring>()</argsstring>
        <name>relTermExists</name>
        <briefdescription>
        </briefdescription>
        <detaileddescription>
        </detaileddescription>
        <inbodydescription>
        </inbodydescription>
        <location file="relTerm.h" line="102" bodyfile="relTerm.h" bodystart="101" bodyend="102"/>
      </memberdef>
      <memberdef kind="function" id="classrelTermExists_1adb35df7c8a30d080d284b8752b37f2c3" prot="public" static="no" const="no" explicit="no" inline="yes" virt="non-virtual">
        <type></type>
        <definition>relTermExists::~relTermExists</definition>
        <argsstring>()</argsstring>
        <name>~relTermExists</name>
        <briefdescription>
        </briefdescription>
        <detaileddescription>
        </detaileddescription>
        <inbodydescription>
        </inbodydescription>
        <location file="relTerm.h" line="105" bodyfile="relTerm.h" bodystart="104" bodyend="105"/>
      </memberdef>
      <memberdef kind="function" id="classrelTermExists_1a0c8c795c7ab79705a18f8cb306a3b3da" prot="public" static="no" const="no" explicit="no" inline="yes" virt="virtual">
        <type>string</type>
        <definition>virtual string relTermExists::interpret</definition>
        <argsstring>(bddSymTab *pSymTab)</argsstring>
        <name>interpret</name>
        <reimplements refid="classrelTerm_1ae109241ae14902a11310a27a3fde4821">interpret</reimplements>
        <param>
          <type><ref refid="classbddSymTab" kindref="compound">bddSymTab</ref> *</type>
          <declname>pSymTab</declname>
        </param>
        <briefdescription>
        </briefdescription>
        <detaileddescription>
        </detaileddescription>
        <inbodydescription>
        </inbodydescription>
        <location file="relTerm.h" line="109" bodyfile="relTerm.h" bodystart="108" bodyend="115"/>
        <references refid="classbddSymTab_1a00ec3683887e1a65bc4c7297f7dcfdfc" compoundref="bddSymTab_8h" startline="146" endline="147">bddSymTab::getUniverseSize</references>
      </memberdef>
      </sectiondef>
    <briefdescription>
    </briefdescription>
    <detaileddescription>
    </detaileddescription>
    <inheritancegraph>
      <node id="621">
        <label>relTerm</label>
        <link refid="classrelTerm"/>
        <childnode refid="622" relation="public-inheritance">
        </childnode>
      </node>
      <node id="622">
        <label>relObject</label>
        <link refid="classrelObject"/>
      </node>
      <node id="620">
        <label>relTermExists</label>
        <link refid="classrelTermExists"/>
        <childnode refid="621" relation="public-inheritance">
        </childnode>
      </node>
    </inheritancegraph>
    <collaborationgraph>
      <node id="624">
        <label>relTerm</label>
        <link refid="classrelTerm"/>
        <childnode refid="625" relation="public-inheritance">
        </childnode>
      </node>
      <node id="625">
        <label>relObject</label>
        <link refid="classrelObject"/>
        <childnode refid="626" relation="usage">
          <edgelabel>count</edgelabel>
        </childnode>
      </node>
      <node id="626">
        <label>static long</label>
      </node>
      <node id="623">
        <label>relTermExists</label>
        <link refid="classrelTermExists"/>
        <childnode refid="624" relation="public-inheritance">
        </childnode>
      </node>
    </collaborationgraph>
    <location file="relTerm.h" line="97" bodyfile="relTerm.h" bodystart="96" bodyend="116"/>
    <listofallmembers>
      <member refid="classrelObject_1ad987378e185fff56551fb78be0a3e971" prot="public" virt="non-virtual"><scope>relTermExists</scope><name>GetCount</name></member>
      <member refid="classrelTermExists_1a0c8c795c7ab79705a18f8cb306a3b3da" prot="public" virt="virtual"><scope>relTermExists</scope><name>interpret</name></member>
      <member refid="classrelObject_1aa8fc3941bf9f84e8cf90a821cb0a2d15" prot="public" virt="non-virtual"><scope>relTermExists</scope><name>relObject</name></member>
      <member refid="classrelObject_1a88249926871015e4149a7468ec845b99" prot="public" virt="non-virtual"><scope>relTermExists</scope><name>relObject</name></member>
      <member refid="classrelTermExists_1a24120c2899d9f5100755b1ad93ba1967" prot="public" virt="non-virtual"><scope>relTermExists</scope><name>relTermExists</name></member>
      <member refid="classrelObject_1a4fb533b43971834655cd0cb1323f979b" prot="public" virt="virtual"><scope>relTermExists</scope><name>~relObject</name></member>
      <member refid="classrelTermExists_1adb35df7c8a30d080d284b8752b37f2c3" prot="public" virt="non-virtual"><scope>relTermExists</scope><name>~relTermExists</name></member>
    </listofallmembers>
  </compounddef>
</doxygen>
