<?xml version='1.0' encoding='UTF-8' standalone='no'?>
<doxygen xmlns:xsi="http://www.w3.org/2001/XMLSchema-instance" xsi:noNamespaceSchemaLocation="compound.xsd" version="1.6.1">
  <compounddef id="classrelNumExprConst" kind="class" prot="public">
    <compoundname>relNumExprConst</compoundname>
    <basecompoundref refid="classrelNumExpr" prot="public" virt="non-virtual">relNumExpr</basecompoundref>
    <includes refid="relNumExpr_8h" local="no">relNumExpr.h</includes>
      <sectiondef kind="private-attrib">
      <memberdef kind="variable" id="classrelNumExprConst_1ad33dd1ec6793b2e9a84f31eb2377cca9" prot="private" static="no" mutable="no">
        <type>double</type>
        <definition>double relNumExprConst::mVal</definition>
        <argsstring></argsstring>
        <name>mVal</name>
        <briefdescription>
        </briefdescription>
        <detaileddescription>
        </detaileddescription>
        <inbodydescription>
        </inbodydescription>
        <location file="relNumExpr.h" line="92" bodyfile="relNumExpr.h" bodystart="92" bodyend="-1"/>
      </memberdef>
      </sectiondef>
      <sectiondef kind="public-func">
      <memberdef kind="function" id="classrelNumExprConst_1adec8ef451e9de38917c26071aaee1fc1" prot="public" static="no" const="no" explicit="no" inline="yes" virt="non-virtual">
        <type></type>
        <definition>relNumExprConst::relNumExprConst</definition>
        <argsstring>(double pVal)</argsstring>
        <name>relNumExprConst</name>
        <param>
          <type>double</type>
          <declname>pVal</declname>
        </param>
        <briefdescription>
        </briefdescription>
        <detaileddescription>
        </detaileddescription>
        <inbodydescription>
        </inbodydescription>
        <location file="relNumExpr.h" line="97" bodyfile="relNumExpr.h" bodystart="95" bodyend="97"/>
      </memberdef>
      <memberdef kind="function" id="classrelNumExprConst_1afdb504c35f067a43f0b46d72bd019c45" prot="public" static="no" const="no" explicit="no" inline="yes" virt="non-virtual">
        <type></type>
        <definition>relNumExprConst::~relNumExprConst</definition>
        <argsstring>()</argsstring>
        <name>~relNumExprConst</name>
        <briefdescription>
        </briefdescription>
        <detaileddescription>
        </detaileddescription>
        <inbodydescription>
        </inbodydescription>
        <location file="relNumExpr.h" line="100" bodyfile="relNumExpr.h" bodystart="99" bodyend="100"/>
      </memberdef>
      <memberdef kind="function" id="classrelNumExprConst_1afae54742ed0033e65e953559956a1cac" prot="public" static="no" const="no" explicit="no" inline="yes" virt="virtual">
        <type><ref refid="classrelNumber" kindref="compound">relNumber</ref></type>
        <definition>virtual relNumber relNumExprConst::interpret</definition>
        <argsstring>(bddSymTab *pSymTab)</argsstring>
        <name>interpret</name>
        <reimplements refid="classrelNumExpr_1a7ce9c0b7d5a76a66666afba031af28f6">interpret</reimplements>
        <param>
          <type><ref refid="classbddSymTab" kindref="compound">bddSymTab</ref> *</type>
          <declname>pSymTab</declname>
        </param>
        <briefdescription>
        </briefdescription>
        <detaileddescription>
        </detaileddescription>
        <inbodydescription>
        </inbodydescription>
        <location file="relNumExpr.h" line="104" bodyfile="relNumExpr.h" bodystart="103" bodyend="106"/>
        <references refid="classrelNumExprConst_1ad33dd1ec6793b2e9a84f31eb2377cca9" compoundref="relNumExpr_8h" startline="92">mVal</references>
      </memberdef>
      </sectiondef>
    <briefdescription>
    </briefdescription>
    <detaileddescription>
    </detaileddescription>
    <inheritancegraph>
      <node id="217">
        <label>relNumExpr</label>
        <link refid="classrelNumExpr"/>
        <childnode refid="218" relation="public-inheritance">
        </childnode>
      </node>
      <node id="216">
        <label>relNumExprConst</label>
        <link refid="classrelNumExprConst"/>
        <childnode refid="217" relation="public-inheritance">
        </childnode>
      </node>
      <node id="218">
        <label>relObject</label>
        <link refid="classrelObject"/>
      </node>
    </inheritancegraph>
    <collaborationgraph>
      <node id="220">
        <label>relNumExpr</label>
        <link refid="classrelNumExpr"/>
        <childnode refid="221" relation="public-inheritance">
        </childnode>
      </node>
      <node id="219">
        <label>relNumExprConst</label>
        <link refid="classrelNumExprConst"/>
        <childnode refid="220" relation="public-inheritance">
        </childnode>
        <childnode refid="223" relation="usage">
          <edgelabel>mVal</edgelabel>
        </childnode>
      </node>
      <node id="221">
        <label>relObject</label>
        <link refid="classrelObject"/>
        <childnode refid="222" relation="usage">
          <edgelabel>count</edgelabel>
        </childnode>
      </node>
      <node id="223">
        <label>double</label>
      </node>
      <node id="222">
        <label>static long</label>
      </node>
    </collaborationgraph>
    <location file="relNumExpr.h" line="90" bodyfile="relNumExpr.h" bodystart="89" bodyend="107"/>
    <listofallmembers>
      <member refid="classrelObject_1ad987378e185fff56551fb78be0a3e971" prot="public" virt="non-virtual"><scope>relNumExprConst</scope><name>GetCount</name></member>
      <member refid="classrelNumExprConst_1afae54742ed0033e65e953559956a1cac" prot="public" virt="virtual"><scope>relNumExprConst</scope><name>interpret</name></member>
      <member refid="classrelNumExprConst_1ad33dd1ec6793b2e9a84f31eb2377cca9" prot="private" virt="non-virtual"><scope>relNumExprConst</scope><name>mVal</name></member>
      <member refid="classrelNumExprConst_1adec8ef451e9de38917c26071aaee1fc1" prot="public" virt="non-virtual"><scope>relNumExprConst</scope><name>relNumExprConst</name></member>
      <member refid="classrelObject_1aa8fc3941bf9f84e8cf90a821cb0a2d15" prot="public" virt="non-virtual"><scope>relNumExprConst</scope><name>relObject</name></member>
      <member refid="classrelObject_1a88249926871015e4149a7468ec845b99" prot="public" virt="non-virtual"><scope>relNumExprConst</scope><name>relObject</name></member>
      <member refid="classrelNumExprConst_1afdb504c35f067a43f0b46d72bd019c45" prot="public" virt="non-virtual"><scope>relNumExprConst</scope><name>~relNumExprConst</name></member>
      <member refid="classrelObject_1a4fb533b43971834655cd0cb1323f979b" prot="public" virt="virtual"><scope>relNumExprConst</scope><name>~relObject</name></member>
    </listofallmembers>
  </compounddef>
</doxygen>
