<?xml version='1.0' encoding='UTF-8' standalone='no'?>
<doxygen xmlns:xsi="http://www.w3.org/2001/XMLSchema-instance" xsi:noNamespaceSchemaLocation="compound.xsd" version="1.6.1">
  <compounddef id="classrelStrCmdArg" kind="class" prot="public">
    <compoundname>relStrCmdArg</compoundname>
    <basecompoundref refid="classrelStrExpr" prot="public" virt="non-virtual">relStrExpr</basecompoundref>
    <includes refid="relStrExpr_8h" local="no">relStrExpr.h</includes>
      <sectiondef kind="private-attrib">
      <memberdef kind="variable" id="classrelStrCmdArg_1a03e5cf56e8d135267a0bcdb572f2810f" prot="private" static="no" mutable="no">
        <type><ref refid="classrelNumExpr" kindref="compound">relNumExpr</ref> *</type>
        <definition>relNumExpr* relStrCmdArg::mExpr</definition>
        <argsstring></argsstring>
        <name>mExpr</name>
        <briefdescription>
        </briefdescription>
        <detaileddescription>
        </detaileddescription>
        <inbodydescription>
        </inbodydescription>
        <location file="relStrExpr.h" line="197" bodyfile="relStrExpr.h" bodystart="197" bodyend="-1"/>
      </memberdef>
      </sectiondef>
      <sectiondef kind="public-func">
      <memberdef kind="function" id="classrelStrCmdArg_1a913a0858b1a77a82cb3b8ad1ff96d774" prot="public" static="no" const="no" explicit="no" inline="yes" virt="non-virtual">
        <type></type>
        <definition>relStrCmdArg::relStrCmdArg</definition>
        <argsstring>(relNumExpr *pExpr)</argsstring>
        <name>relStrCmdArg</name>
        <param>
          <type><ref refid="classrelNumExpr" kindref="compound">relNumExpr</ref> *</type>
          <declname>pExpr</declname>
        </param>
        <briefdescription>
        </briefdescription>
        <detaileddescription>
        </detaileddescription>
        <inbodydescription>
        </inbodydescription>
        <location file="relStrExpr.h" line="202" bodyfile="relStrExpr.h" bodystart="200" bodyend="202"/>
      </memberdef>
      <memberdef kind="function" id="classrelStrCmdArg_1ac41666020e61e4040e309cd76106a845" prot="public" static="no" const="no" explicit="no" inline="yes" virt="non-virtual">
        <type></type>
        <definition>relStrCmdArg::~relStrCmdArg</definition>
        <argsstring>()</argsstring>
        <name>~relStrCmdArg</name>
        <briefdescription>
        </briefdescription>
        <detaileddescription>
        </detaileddescription>
        <inbodydescription>
        </inbodydescription>
        <location file="relStrExpr.h" line="205" bodyfile="relStrExpr.h" bodystart="204" bodyend="207"/>
        <references refid="classrelStrCmdArg_1a03e5cf56e8d135267a0bcdb572f2810f" compoundref="relStrExpr_8h" startline="197">mExpr</references>
      </memberdef>
      <memberdef kind="function" id="classrelStrCmdArg_1af6746b7d84e39cb98160dbe399b83521" prot="public" static="no" const="no" explicit="no" inline="yes" virt="virtual">
        <type><ref refid="classrelString" kindref="compound">relString</ref></type>
        <definition>virtual relString relStrCmdArg::interpret</definition>
        <argsstring>(bddSymTab *pSymTab)</argsstring>
        <name>interpret</name>
        <reimplements refid="classrelStrExpr_1a0602ca1fd170fd99c43c1d59e9180c55">interpret</reimplements>
        <param>
          <type><ref refid="classbddSymTab" kindref="compound">bddSymTab</ref> *</type>
          <declname>pSymTab</declname>
        </param>
        <briefdescription>
        </briefdescription>
        <detaileddescription>
        </detaileddescription>
        <inbodydescription>
        </inbodydescription>
        <location file="relStrExpr.h" line="211" bodyfile="relStrExpr.h" bodystart="210" bodyend="220"/>
        <references refid="crocopat_8cpp_1ae98bf8c5793e3f98589562d77b7aeadc" compoundref="crocopat_8cpp" startline="73">gArgc</references>
        <references refid="crocopat_8cpp_1a4ab2a0bcf08ca011353b308862d6e554" compoundref="crocopat_8cpp" startline="72">gArgv</references>
        <references refid="classrelNumber_1a473ce9259c99163a37654d4051dbbd3c" compoundref="relNumber_8h" startline="51" endline="54">relNumber::getValue</references>
        <references refid="classrelNumExpr_1a7ce9c0b7d5a76a66666afba031af28f6">relNumExpr::interpret</references>
        <references refid="classrelStrCmdArg_1a03e5cf56e8d135267a0bcdb572f2810f" compoundref="relStrExpr_8h" startline="197">mExpr</references>
      </memberdef>
      </sectiondef>
    <briefdescription>
    </briefdescription>
    <detaileddescription>
    </detaileddescription>
    <inheritancegraph>
      <node id="538">
        <label>relStrExpr</label>
        <link refid="classrelStrExpr"/>
        <childnode refid="539" relation="public-inheritance">
        </childnode>
      </node>
      <node id="537">
        <label>relStrCmdArg</label>
        <link refid="classrelStrCmdArg"/>
        <childnode refid="538" relation="public-inheritance">
        </childnode>
      </node>
      <node id="539">
        <label>relObject</label>
        <link refid="classrelObject"/>
      </node>
    </inheritancegraph>
    <collaborationgraph>
      <node id="541">
        <label>relStrExpr</label>
        <link refid="classrelStrExpr"/>
        <childnode refid="542" relation="public-inheritance">
        </childnode>
      </node>
      <node id="544">
        <label>relNumExpr</label>
        <link refid="classrelNumExpr"/>
        <childnode refid="542" relation="public-inheritance">
        </childnode>
      </node>
      <node id="540">
        <label>relStrCmdArg</label>
        <link refid="classrelStrCmdArg"/>
        <childnode refid="541" relation="public-inheritance">
        </childnode>
        <childnode refid="544" relation="usage">
          <edgelabel>mExpr</edgelabel>
        </childnode>
      </node>
      <node id="542">
        <label>relObject</label>
        <link refid="classrelObject"/>
        <childnode refid="543" relation="usage">
          <edgelabel>count</edgelabel>
        </childnode>
      </node>
      <node id="543">
        <label>static long</label>
      </node>
    </collaborationgraph>
    <location file="relStrExpr.h" line="195" bodyfile="relStrExpr.h" bodystart="194" bodyend="221"/>
    <listofallmembers>
      <member refid="classrelObject_1ad987378e185fff56551fb78be0a3e971" prot="public" virt="non-virtual"><scope>relStrCmdArg</scope><name>GetCount</name></member>
      <member refid="classrelStrCmdArg_1af6746b7d84e39cb98160dbe399b83521" prot="public" virt="virtual"><scope>relStrCmdArg</scope><name>interpret</name></member>
      <member refid="classrelStrCmdArg_1a03e5cf56e8d135267a0bcdb572f2810f" prot="private" virt="non-virtual"><scope>relStrCmdArg</scope><name>mExpr</name></member>
      <member refid="classrelObject_1aa8fc3941bf9f84e8cf90a821cb0a2d15" prot="public" virt="non-virtual"><scope>relStrCmdArg</scope><name>relObject</name></member>
      <member refid="classrelObject_1a88249926871015e4149a7468ec845b99" prot="public" virt="non-virtual"><scope>relStrCmdArg</scope><name>relObject</name></member>
      <member refid="classrelStrCmdArg_1a913a0858b1a77a82cb3b8ad1ff96d774" prot="public" virt="non-virtual"><scope>relStrCmdArg</scope><name>relStrCmdArg</name></member>
      <member refid="classrelObject_1a4fb533b43971834655cd0cb1323f979b" prot="public" virt="virtual"><scope>relStrCmdArg</scope><name>~relObject</name></member>
      <member refid="classrelStrCmdArg_1ac41666020e61e4040e309cd76106a845" prot="public" virt="non-virtual"><scope>relStrCmdArg</scope><name>~relStrCmdArg</name></member>
    </listofallmembers>
  </compounddef>
</doxygen>
