<?xml version='1.0' encoding='UTF-8' standalone='no'?>
<doxygen xmlns:xsi="http://www.w3.org/2001/XMLSchema-instance" xsi:noNamespaceSchemaLocation="compound.xsd" version="1.6.1">
  <compounddef id="classrelStrExpr" kind="class" prot="public">
    <compoundname>relStrExpr</compoundname>
    <basecompoundref refid="classrelObject" prot="public" virt="non-virtual">relObject</basecompoundref>
    <derivedcompoundref refid="classrelStrCmdArg" prot="public" virt="non-virtual">relStrCmdArg</derivedcompoundref>
    <derivedcompoundref refid="classrelStrExprBinOp" prot="public" virt="non-virtual">relStrExprBinOp</derivedcompoundref>
    <derivedcompoundref refid="classrelStrExprConst" prot="public" virt="non-virtual">relStrExprConst</derivedcompoundref>
    <derivedcompoundref refid="classrelStrExprElem" prot="public" virt="non-virtual">relStrExprElem</derivedcompoundref>
    <derivedcompoundref refid="classrelStrExprNum" prot="public" virt="non-virtual">relStrExprNum</derivedcompoundref>
    <derivedcompoundref refid="classrelStrExprVar" prot="public" virt="non-virtual">relStrExprVar</derivedcompoundref>
    <includes refid="relStrExpr_8h" local="no">relStrExpr.h</includes>
      <sectiondef kind="public-func">
      <memberdef kind="function" id="classrelStrExpr_1a0602ca1fd170fd99c43c1d59e9180c55" prot="public" static="no" const="no" explicit="no" inline="no" virt="pure-virtual">
        <type><ref refid="classrelString" kindref="compound">relString</ref></type>
        <definition>virtual relString relStrExpr::interpret</definition>
        <argsstring>(bddSymTab *pSymTab)=0</argsstring>
        <name>interpret</name>
        <reimplementedby refid="classrelStrCmdArg_1af6746b7d84e39cb98160dbe399b83521">interpret</reimplementedby>
        <reimplementedby refid="classrelStrExprNum_1a1e7b075d7e716506716c4434f8a0ccfd">interpret</reimplementedby>
        <reimplementedby refid="classrelStrExprElem_1ac1cc2e1d3b6ee6162ce97d4168dd5d18">interpret</reimplementedby>
        <reimplementedby refid="classrelStrExprBinOp_1a30607bc09ac0fe6d737116f8a4358fc4">interpret</reimplementedby>
        <reimplementedby refid="classrelStrExprConst_1a37b5b85b1dce686bb01afeee32ff3c78">interpret</reimplementedby>
        <reimplementedby refid="classrelStrExprVar_1af0e08135088ee862341a1ae1531f36bb">interpret</reimplementedby>
        <param>
          <type><ref refid="classbddSymTab" kindref="compound">bddSymTab</ref> *</type>
          <declname>pSymTab</declname>
        </param>
        <briefdescription>
        </briefdescription>
        <detaileddescription>
        </detaileddescription>
        <inbodydescription>
        </inbodydescription>
        <location file="relStrExpr.h" line="54"/>
      </memberdef>
      </sectiondef>
    <briefdescription>
    </briefdescription>
    <detaileddescription>
    </detaileddescription>
    <inheritancegraph>
      <node id="551">
        <label>relStrExprNum</label>
        <link refid="classrelStrExprNum"/>
        <childnode refid="545" relation="public-inheritance">
        </childnode>
      </node>
      <node id="545">
        <label>relStrExpr</label>
        <link refid="classrelStrExpr"/>
        <childnode refid="546" relation="public-inheritance">
        </childnode>
      </node>
      <node id="552">
        <label>relStrExprVar</label>
        <link refid="classrelStrExprVar"/>
        <childnode refid="545" relation="public-inheritance">
        </childnode>
      </node>
      <node id="547">
        <label>relStrCmdArg</label>
        <link refid="classrelStrCmdArg"/>
        <childnode refid="545" relation="public-inheritance">
        </childnode>
      </node>
      <node id="546">
        <label>relObject</label>
        <link refid="classrelObject"/>
      </node>
      <node id="550">
        <label>relStrExprElem</label>
        <link refid="classrelStrExprElem"/>
        <childnode refid="545" relation="public-inheritance">
        </childnode>
      </node>
      <node id="549">
        <label>relStrExprConst</label>
        <link refid="classrelStrExprConst"/>
        <childnode refid="545" relation="public-inheritance">
        </childnode>
      </node>
      <node id="548">
        <label>relStrExprBinOp</label>
        <link refid="classrelStrExprBinOp"/>
        <childnode refid="545" relation="public-inheritance">
        </childnode>
      </node>
    </inheritancegraph>
    <collaborationgraph>
      <node id="553">
        <label>relStrExpr</label>
        <link refid="classrelStrExpr"/>
        <childnode refid="554" relation="public-inheritance">
        </childnode>
      </node>
      <node id="554">
        <label>relObject</label>
        <link refid="classrelObject"/>
        <childnode refid="555" relation="usage">
          <edgelabel>count</edgelabel>
        </childnode>
      </node>
      <node id="555">
        <label>static long</label>
      </node>
    </collaborationgraph>
    <location file="relStrExpr.h" line="51" bodyfile="relStrExpr.h" bodystart="50" bodyend="55"/>
    <listofallmembers>
      <member refid="classrelObject_1ad987378e185fff56551fb78be0a3e971" prot="public" virt="non-virtual"><scope>relStrExpr</scope><name>GetCount</name></member>
      <member refid="classrelStrExpr_1a0602ca1fd170fd99c43c1d59e9180c55" prot="public" virt="pure-virtual"><scope>relStrExpr</scope><name>interpret</name></member>
      <member refid="classrelObject_1aa8fc3941bf9f84e8cf90a821cb0a2d15" prot="public" virt="non-virtual"><scope>relStrExpr</scope><name>relObject</name></member>
      <member refid="classrelObject_1a88249926871015e4149a7468ec845b99" prot="public" virt="non-virtual"><scope>relStrExpr</scope><name>relObject</name></member>
      <member refid="classrelObject_1a4fb533b43971834655cd0cb1323f979b" prot="public" virt="virtual"><scope>relStrExpr</scope><name>~relObject</name></member>
    </listofallmembers>
  </compounddef>
</doxygen>
