<?xml version='1.0' encoding='UTF-8' standalone='no'?>
<doxygen xmlns:xsi="http://www.w3.org/2001/XMLSchema-instance" xsi:noNamespaceSchemaLocation="compound.xsd" version="1.6.1">
  <compounddef id="classrelDataType" kind="class" prot="public">
    <compoundname>relDataType</compoundname>
    <basecompoundref refid="classrelObject" prot="public" virt="non-virtual">relObject</basecompoundref>
    <derivedcompoundref refid="classbddRelation" prot="public" virt="non-virtual">bddRelation</derivedcompoundref>
    <derivedcompoundref refid="classrelNumber" prot="public" virt="non-virtual">relNumber</derivedcompoundref>
    <derivedcompoundref refid="classrelString" prot="public" virt="non-virtual">relString</derivedcompoundref>
    <includes refid="relDataType_8h" local="no">relDataType.h</includes>
      <sectiondef kind="public-func">
      <memberdef kind="function" id="classrelDataType_1aee1178079720d4e5b53b080a1b224ca7" prot="public" static="no" const="no" explicit="no" inline="yes" virt="non-virtual">
        <type></type>
        <definition>relDataType::relDataType</definition>
        <argsstring>()</argsstring>
        <name>relDataType</name>
        <briefdescription>
        </briefdescription>
        <detaileddescription>
        </detaileddescription>
        <inbodydescription>
        </inbodydescription>
        <location file="relDataType.h" line="41" bodyfile="relDataType.h" bodystart="40" bodyend="41"/>
      </memberdef>
      <memberdef kind="function" id="classrelDataType_1a7f4218fcb8cf987133bc92d41fcae3a5" prot="public" static="no" const="no" explicit="no" inline="yes" virt="non-virtual">
        <type></type>
        <definition>relDataType::~relDataType</definition>
        <argsstring>()</argsstring>
        <name>~relDataType</name>
        <briefdescription>
        </briefdescription>
        <detaileddescription>
        </detaileddescription>
        <inbodydescription>
        </inbodydescription>
        <location file="relDataType.h" line="44" bodyfile="relDataType.h" bodystart="43" bodyend="44"/>
      </memberdef>
      </sectiondef>
    <briefdescription>
    </briefdescription>
    <detaileddescription>
    </detaileddescription>
    <inheritancegraph>
      <node id="80">
        <label>bddRelationConst</label>
        <link refid="classbddRelationConst"/>
        <childnode refid="79" relation="public-inheritance">
        </childnode>
      </node>
      <node id="82">
        <label>relString</label>
        <link refid="classrelString"/>
        <childnode refid="77" relation="public-inheritance">
        </childnode>
      </node>
      <node id="81">
        <label>relNumber</label>
        <link refid="classrelNumber"/>
        <childnode refid="77" relation="public-inheritance">
        </childnode>
      </node>
      <node id="77">
        <label>relDataType</label>
        <link refid="classrelDataType"/>
        <childnode refid="78" relation="public-inheritance">
        </childnode>
      </node>
      <node id="78">
        <label>relObject</label>
        <link refid="classrelObject"/>
      </node>
      <node id="79">
        <label>bddRelation</label>
        <link refid="classbddRelation"/>
        <childnode refid="77" relation="public-inheritance">
        </childnode>
      </node>
    </inheritancegraph>
    <collaborationgraph>
      <node id="83">
        <label>relDataType</label>
        <link refid="classrelDataType"/>
        <childnode refid="84" relation="public-inheritance">
        </childnode>
      </node>
      <node id="84">
        <label>relObject</label>
        <link refid="classrelObject"/>
        <childnode refid="85" relation="usage">
          <edgelabel>count</edgelabel>
        </childnode>
      </node>
      <node id="85">
        <label>static long</label>
      </node>
    </collaborationgraph>
    <location file="relDataType.h" line="38" bodyfile="relDataType.h" bodystart="37" bodyend="45"/>
    <listofallmembers>
      <member refid="classrelObject_1ad987378e185fff56551fb78be0a3e971" prot="public" virt="non-virtual"><scope>relDataType</scope><name>GetCount</name></member>
      <member refid="classrelDataType_1aee1178079720d4e5b53b080a1b224ca7" prot="public" virt="non-virtual"><scope>relDataType</scope><name>relDataType</name></member>
      <member refid="classrelObject_1aa8fc3941bf9f84e8cf90a821cb0a2d15" prot="public" virt="non-virtual"><scope>relDataType</scope><name>relObject</name></member>
      <member refid="classrelObject_1a88249926871015e4149a7468ec845b99" prot="public" virt="non-virtual"><scope>relDataType</scope><name>relObject</name></member>
      <member refid="classrelDataType_1a7f4218fcb8cf987133bc92d41fcae3a5" prot="public" virt="non-virtual"><scope>relDataType</scope><name>~relDataType</name></member>
      <member refid="classrelObject_1a4fb533b43971834655cd0cb1323f979b" prot="public" virt="virtual"><scope>relDataType</scope><name>~relObject</name></member>
    </listofallmembers>
  </compounddef>
</doxygen>
