<?xml version='1.0' encoding='UTF-8' standalone='no'?>
<doxygen xmlns:xsi="http://www.w3.org/2001/XMLSchema-instance" xsi:noNamespaceSchemaLocation="compound.xsd" version="1.6.1">
  <compounddef id="classrelExprExists" kind="class" prot="public">
    <compoundname>relExprExists</compoundname>
    <basecompoundref refid="classrelExpression" prot="public" virt="non-virtual">relExpression</basecompoundref>
    <includes refid="relExpression_8h" local="no">relExpression.h</includes>
      <sectiondef kind="private-attrib">
      <memberdef kind="variable" id="classrelExprExists_1a9f60733c07f436b53d1a7c444dd45d2f" prot="private" static="no" mutable="no">
        <type>vector&lt; <ref refid="classrelTerm" kindref="compound">relTerm</ref> * &gt; *</type>
        <definition>vector&lt;relTerm*&gt;* relExprExists::mTermList</definition>
        <argsstring></argsstring>
        <name>mTermList</name>
        <briefdescription>
        </briefdescription>
        <detaileddescription>
        </detaileddescription>
        <inbodydescription>
        </inbodydescription>
        <location file="relExpression.h" line="286" bodyfile="relExpression.h" bodystart="286" bodyend="-1"/>
      </memberdef>
      <memberdef kind="variable" id="classrelExprExists_1a8437700809c11c0525e8af27876766dc" prot="private" static="no" mutable="no">
        <type><ref refid="classrelExpression" kindref="compound">relExpression</ref> *</type>
        <definition>relExpression* relExprExists::mExpr</definition>
        <argsstring></argsstring>
        <name>mExpr</name>
        <briefdescription>
        </briefdescription>
        <detaileddescription>
        </detaileddescription>
        <inbodydescription>
        </inbodydescription>
        <location file="relExpression.h" line="287" bodyfile="relExpression.h" bodystart="287" bodyend="-1"/>
      </memberdef>
      </sectiondef>
      <sectiondef kind="public-func">
      <memberdef kind="function" id="classrelExprExists_1a489abc8109a267a3e07826fd567364e4" prot="public" static="no" const="no" explicit="no" inline="yes" virt="non-virtual">
        <type></type>
        <definition>relExprExists::relExprExists</definition>
        <argsstring>(vector&lt; relTerm * &gt; *pTermList, relExpression *pExpr)</argsstring>
        <name>relExprExists</name>
        <param>
          <type>vector&lt; <ref refid="classrelTerm" kindref="compound">relTerm</ref> * &gt; *</type>
          <declname>pTermList</declname>
        </param>
        <param>
          <type><ref refid="classrelExpression" kindref="compound">relExpression</ref> *</type>
          <declname>pExpr</declname>
        </param>
        <briefdescription>
        </briefdescription>
        <detaileddescription>
        </detaileddescription>
        <inbodydescription>
        </inbodydescription>
        <location file="relExpression.h" line="293" bodyfile="relExpression.h" bodystart="290" bodyend="293"/>
      </memberdef>
      <memberdef kind="function" id="classrelExprExists_1af0885ef4756df874232527e542b5cea6" prot="public" static="no" const="no" explicit="no" inline="yes" virt="non-virtual">
        <type></type>
        <definition>relExprExists::~relExprExists</definition>
        <argsstring>()</argsstring>
        <name>~relExprExists</name>
        <briefdescription>
        </briefdescription>
        <detaileddescription>
        </detaileddescription>
        <inbodydescription>
        </inbodydescription>
        <location file="relExpression.h" line="296" bodyfile="relExpression.h" bodystart="295" bodyend="306"/>
        <references refid="classrelExprExists_1a8437700809c11c0525e8af27876766dc" compoundref="relExpression_8h" startline="287">mExpr</references>
        <references refid="classrelExprExists_1a9f60733c07f436b53d1a7c444dd45d2f" compoundref="relExpression_8h" startline="286">mTermList</references>
      </memberdef>
      <memberdef kind="function" id="classrelExprExists_1a5de6cb5f2bc11601732c4ede01497930" prot="public" static="no" const="no" explicit="no" inline="yes" virt="virtual">
        <type>set&lt; string &gt;</type>
        <definition>virtual set&lt;string&gt; relExprExists::collectFreeAttrs</definition>
        <argsstring>()</argsstring>
        <name>collectFreeAttrs</name>
        <reimplements refid="classrelExpression_1a4f5effc1cf304db906371c978d8830dc">collectFreeAttrs</reimplements>
        <briefdescription>
        </briefdescription>
        <detaileddescription>
        </detaileddescription>
        <inbodydescription>
        </inbodydescription>
        <location file="relExpression.h" line="310" bodyfile="relExpression.h" bodystart="309" bodyend="322"/>
        <references refid="classrelExpression_1a4f5effc1cf304db906371c978d8830dc">relExpression::collectFreeAttrs</references>
        <references refid="classrelExprExists_1a8437700809c11c0525e8af27876766dc" compoundref="relExpression_8h" startline="287">mExpr</references>
        <references refid="classrelExprExists_1a9f60733c07f436b53d1a7c444dd45d2f" compoundref="relExpression_8h" startline="286">mTermList</references>
      </memberdef>
      <memberdef kind="function" id="classrelExprExists_1a39fde95c7c868969aea36cbfd5088a23" prot="public" static="no" const="no" explicit="no" inline="yes" virt="virtual">
        <type><ref refid="classbddRelation" kindref="compound">bddRelation</ref></type>
        <definition>virtual bddRelation relExprExists::interpret</definition>
        <argsstring>(bddSymTab *pSymTab)</argsstring>
        <name>interpret</name>
        <reimplements refid="classrelExpression_1a2659d1b3b785d5d00993a0364577bc61">interpret</reimplements>
        <param>
          <type><ref refid="classbddSymTab" kindref="compound">bddSymTab</ref> *</type>
          <declname>pSymTab</declname>
        </param>
        <briefdescription>
        </briefdescription>
        <detaileddescription>
        </detaileddescription>
        <inbodydescription>
        </inbodydescription>
        <location file="relExpression.h" line="326" bodyfile="relExpression.h" bodystart="325" bodyend="347"/>
        <references refid="classrelExpression_1a4f5effc1cf304db906371c978d8830dc">relExpression::collectFreeAttrs</references>
        <references refid="classrelExpression_1a2659d1b3b785d5d00993a0364577bc61">relExpression::interpret</references>
        <references refid="classrelExprExists_1a8437700809c11c0525e8af27876766dc" compoundref="relExpression_8h" startline="287">mExpr</references>
        <references refid="classrelExprExists_1a9f60733c07f436b53d1a7c444dd45d2f" compoundref="relExpression_8h" startline="286">mTermList</references>
      </memberdef>
      </sectiondef>
    <briefdescription>
    </briefdescription>
    <detaileddescription>
    </detaileddescription>
    <inheritancegraph>
      <node id="125">
        <label>relExpression</label>
        <link refid="classrelExpression"/>
        <childnode refid="126" relation="public-inheritance">
        </childnode>
      </node>
      <node id="124">
        <label>relExprExists</label>
        <link refid="classrelExprExists"/>
        <childnode refid="125" relation="public-inheritance">
        </childnode>
      </node>
      <node id="126">
        <label>relObject</label>
        <link refid="classrelObject"/>
      </node>
    </inheritancegraph>
    <collaborationgraph>
      <node id="128">
        <label>relExpression</label>
        <link refid="classrelExpression"/>
        <childnode refid="129" relation="public-inheritance">
        </childnode>
      </node>
      <node id="127">
        <label>relExprExists</label>
        <link refid="classrelExprExists"/>
        <childnode refid="128" relation="public-inheritance">
        </childnode>
        <childnode refid="131" relation="usage">
          <edgelabel>mTermList</edgelabel>
        </childnode>
        <childnode refid="128" relation="usage">
          <edgelabel>mExpr</edgelabel>
        </childnode>
      </node>
      <node id="129">
        <label>relObject</label>
        <link refid="classrelObject"/>
        <childnode refid="130" relation="usage">
          <edgelabel>count</edgelabel>
        </childnode>
      </node>
      <node id="130">
        <label>static long</label>
      </node>
      <node id="131">
        <label>vector&lt; relTerm * &gt; *</label>
      </node>
    </collaborationgraph>
    <location file="relExpression.h" line="284" bodyfile="relExpression.h" bodystart="283" bodyend="348"/>
    <listofallmembers>
      <member refid="classrelExprExists_1a5de6cb5f2bc11601732c4ede01497930" prot="public" virt="virtual"><scope>relExprExists</scope><name>collectFreeAttrs</name></member>
      <member refid="classrelObject_1ad987378e185fff56551fb78be0a3e971" prot="public" virt="non-virtual"><scope>relExprExists</scope><name>GetCount</name></member>
      <member refid="classrelExprExists_1a39fde95c7c868969aea36cbfd5088a23" prot="public" virt="virtual"><scope>relExprExists</scope><name>interpret</name></member>
      <member refid="classrelExprExists_1a8437700809c11c0525e8af27876766dc" prot="private" virt="non-virtual"><scope>relExprExists</scope><name>mExpr</name></member>
      <member refid="classrelExprExists_1a9f60733c07f436b53d1a7c444dd45d2f" prot="private" virt="non-virtual"><scope>relExprExists</scope><name>mTermList</name></member>
      <member refid="classrelExprExists_1a489abc8109a267a3e07826fd567364e4" prot="public" virt="non-virtual"><scope>relExprExists</scope><name>relExprExists</name></member>
      <member refid="classrelObject_1aa8fc3941bf9f84e8cf90a821cb0a2d15" prot="public" virt="non-virtual"><scope>relExprExists</scope><name>relObject</name></member>
      <member refid="classrelObject_1a88249926871015e4149a7468ec845b99" prot="public" virt="non-virtual"><scope>relExprExists</scope><name>relObject</name></member>
      <member refid="classrelExprExists_1af0885ef4756df874232527e542b5cea6" prot="public" virt="non-virtual"><scope>relExprExists</scope><name>~relExprExists</name></member>
      <member refid="classrelObject_1a4fb533b43971834655cd0cb1323f979b" prot="public" virt="virtual"><scope>relExprExists</scope><name>~relObject</name></member>
    </listofallmembers>
  </compounddef>
</doxygen>
