<?xml version='1.0' encoding='UTF-8' standalone='no'?>
<doxygen xmlns:xsi="http://www.w3.org/2001/XMLSchema-instance" xsi:noNamespaceSchemaLocation="compound.xsd" version="1.6.1">
  <compounddef id="classrelPrintExprNodesPerVarId" kind="class" prot="public">
    <compoundname>relPrintExprNodesPerVarId</compoundname>
    <basecompoundref refid="classrelPrintExpr" prot="public" virt="non-virtual">relPrintExpr</basecompoundref>
    <includes refid="relPrintExpr_8h" local="no">relPrintExpr.h</includes>
      <sectiondef kind="private-attrib">
      <memberdef kind="variable" id="classrelPrintExprNodesPerVarId_1a547e8078e046c725c8234cc9a47710e1" prot="private" static="no" mutable="no">
        <type><ref refid="classrelExpression" kindref="compound">relExpression</ref> *</type>
        <definition>relExpression* relPrintExprNodesPerVarId::mExpr</definition>
        <argsstring></argsstring>
        <name>mExpr</name>
        <briefdescription>
        </briefdescription>
        <detaileddescription>
        </detaileddescription>
        <inbodydescription>
        </inbodydescription>
        <location file="relPrintExpr.h" line="234" bodyfile="relPrintExpr.h" bodystart="234" bodyend="-1"/>
      </memberdef>
      </sectiondef>
      <sectiondef kind="public-func">
      <memberdef kind="function" id="classrelPrintExprNodesPerVarId_1a227f1e471df6394eea09c6461731eadf" prot="public" static="no" const="no" explicit="no" inline="yes" virt="non-virtual">
        <type></type>
        <definition>relPrintExprNodesPerVarId::relPrintExprNodesPerVarId</definition>
        <argsstring>(relExpression *pExpr)</argsstring>
        <name>relPrintExprNodesPerVarId</name>
        <param>
          <type><ref refid="classrelExpression" kindref="compound">relExpression</ref> *</type>
          <declname>pExpr</declname>
        </param>
        <briefdescription>
        </briefdescription>
        <detaileddescription>
        </detaileddescription>
        <inbodydescription>
        </inbodydescription>
        <location file="relPrintExpr.h" line="239" bodyfile="relPrintExpr.h" bodystart="237" bodyend="239"/>
      </memberdef>
      <memberdef kind="function" id="classrelPrintExprNodesPerVarId_1a90589a3835cf6b937fd3bd91ed3f1fa1" prot="public" static="no" const="no" explicit="no" inline="yes" virt="non-virtual">
        <type></type>
        <definition>relPrintExprNodesPerVarId::~relPrintExprNodesPerVarId</definition>
        <argsstring>()</argsstring>
        <name>~relPrintExprNodesPerVarId</name>
        <briefdescription>
        </briefdescription>
        <detaileddescription>
        </detaileddescription>
        <inbodydescription>
        </inbodydescription>
        <location file="relPrintExpr.h" line="242" bodyfile="relPrintExpr.h" bodystart="241" bodyend="244"/>
        <references refid="classrelPrintExprNodesPerVarId_1a547e8078e046c725c8234cc9a47710e1" compoundref="relPrintExpr_8h" startline="234">mExpr</references>
      </memberdef>
      <memberdef kind="function" id="classrelPrintExprNodesPerVarId_1aa1d815b05488bcd340011df02b3cf6cf" prot="public" static="no" const="no" explicit="no" inline="yes" virt="virtual">
        <type>void</type>
        <definition>virtual void relPrintExprNodesPerVarId::interpret</definition>
        <argsstring>(bddSymTab *pSymTab, ostream *pOut)</argsstring>
        <name>interpret</name>
        <reimplements refid="classrelPrintExpr_1a4bd82c6b6b055c068997368c18930d7f">interpret</reimplements>
        <param>
          <type><ref refid="classbddSymTab" kindref="compound">bddSymTab</ref> *</type>
          <declname>pSymTab</declname>
        </param>
        <param>
          <type>ostream *</type>
          <declname>pOut</declname>
        </param>
        <briefdescription>
        </briefdescription>
        <detaileddescription>
        </detaileddescription>
        <inbodydescription>
        </inbodydescription>
        <location file="relPrintExpr.h" line="248" bodyfile="relPrintExpr.h" bodystart="247" bodyend="253"/>
        <references refid="classrelExpression_1a4f5effc1cf304db906371c978d8830dc">relExpression::collectFreeAttrs</references>
        <references refid="crocopat_8cpp_1a92c4a8dafce942b863e49715ceea637b" compoundref="crocopat_8cpp" startline="65">gAttributePrefix</references>
        <references refid="classrelExpression_1a2659d1b3b785d5d00993a0364577bc61">relExpression::interpret</references>
        <references refid="classrelPrintExprNodesPerVarId_1a547e8078e046c725c8234cc9a47710e1" compoundref="relPrintExpr_8h" startline="234">mExpr</references>
        <references refid="classbddRelation_1ad1c2ba52d549cfd725ff7bf710fadda3" compoundref="bddRelation_8h" startline="419" endline="452">bddRelation::printNodesPerVarId</references>
        <references refid="classbddSymTab_1a2d9b02e91e849f7c1efbe90f0133735d" compoundref="bddSymTab_8h" startline="232" endline="252">bddSymTab::removeUserAttributes</references>
      </memberdef>
      </sectiondef>
    <briefdescription>
    </briefdescription>
    <detaileddescription>
    </detaileddescription>
    <inheritancegraph>
      <node id="375">
        <label>relObject</label>
        <link refid="classrelObject"/>
      </node>
      <node id="373">
        <label>relPrintExprNodesPerVarId</label>
        <link refid="classrelPrintExprNodesPerVarId"/>
        <childnode refid="374" relation="public-inheritance">
        </childnode>
      </node>
      <node id="374">
        <label>relPrintExpr</label>
        <link refid="classrelPrintExpr"/>
        <childnode refid="375" relation="public-inheritance">
        </childnode>
      </node>
    </inheritancegraph>
    <collaborationgraph>
      <node id="380">
        <label>relExpression</label>
        <link refid="classrelExpression"/>
        <childnode refid="378" relation="public-inheritance">
        </childnode>
      </node>
      <node id="378">
        <label>relObject</label>
        <link refid="classrelObject"/>
        <childnode refid="379" relation="usage">
          <edgelabel>count</edgelabel>
        </childnode>
      </node>
      <node id="379">
        <label>static long</label>
      </node>
      <node id="376">
        <label>relPrintExprNodesPerVarId</label>
        <link refid="classrelPrintExprNodesPerVarId"/>
        <childnode refid="377" relation="public-inheritance">
        </childnode>
        <childnode refid="380" relation="usage">
          <edgelabel>mExpr</edgelabel>
        </childnode>
      </node>
      <node id="377">
        <label>relPrintExpr</label>
        <link refid="classrelPrintExpr"/>
        <childnode refid="378" relation="public-inheritance">
        </childnode>
      </node>
    </collaborationgraph>
    <location file="relPrintExpr.h" line="232" bodyfile="relPrintExpr.h" bodystart="231" bodyend="254"/>
    <listofallmembers>
      <member refid="classrelObject_1ad987378e185fff56551fb78be0a3e971" prot="public" virt="non-virtual"><scope>relPrintExprNodesPerVarId</scope><name>GetCount</name></member>
      <member refid="classrelPrintExprNodesPerVarId_1aa1d815b05488bcd340011df02b3cf6cf" prot="public" virt="virtual"><scope>relPrintExprNodesPerVarId</scope><name>interpret</name></member>
      <member refid="classrelPrintExprNodesPerVarId_1a547e8078e046c725c8234cc9a47710e1" prot="private" virt="non-virtual"><scope>relPrintExprNodesPerVarId</scope><name>mExpr</name></member>
      <member refid="classrelObject_1aa8fc3941bf9f84e8cf90a821cb0a2d15" prot="public" virt="non-virtual"><scope>relPrintExprNodesPerVarId</scope><name>relObject</name></member>
      <member refid="classrelObject_1a88249926871015e4149a7468ec845b99" prot="public" virt="non-virtual"><scope>relPrintExprNodesPerVarId</scope><name>relObject</name></member>
      <member refid="classrelPrintExprNodesPerVarId_1a227f1e471df6394eea09c6461731eadf" prot="public" virt="non-virtual"><scope>relPrintExprNodesPerVarId</scope><name>relPrintExprNodesPerVarId</name></member>
      <member refid="classrelObject_1a4fb533b43971834655cd0cb1323f979b" prot="public" virt="virtual"><scope>relPrintExprNodesPerVarId</scope><name>~relObject</name></member>
      <member refid="classrelPrintExprNodesPerVarId_1a90589a3835cf6b937fd3bd91ed3f1fa1" prot="public" virt="non-virtual"><scope>relPrintExprNodesPerVarId</scope><name>~relPrintExprNodesPerVarId</name></member>
    </listofallmembers>
  </compounddef>
</doxygen>
