<?xml version='1.0' encoding='UTF-8' standalone='no'?>
<doxygen xmlns:xsi="http://www.w3.org/2001/XMLSchema-instance" xsi:noNamespaceSchemaLocation="compound.xsd" version="1.6.1">
  <compounddef id="classrelStmtExec" kind="class" prot="public">
    <compoundname>relStmtExec</compoundname>
    <basecompoundref refid="classrelStatement" prot="public" virt="non-virtual">relStatement</basecompoundref>
    <includes refid="relStatement_8h" local="no">relStatement.h</includes>
      <sectiondef kind="private-attrib">
      <memberdef kind="variable" id="classrelStmtExec_1a0e070d4ab452cc771adbd56c4fdaf611" prot="private" static="no" mutable="no">
        <type><ref refid="classrelStrExpr" kindref="compound">relStrExpr</ref> *</type>
        <definition>relStrExpr* relStmtExec::mExpr</definition>
        <argsstring></argsstring>
        <name>mExpr</name>
        <briefdescription>
        </briefdescription>
        <detaileddescription>
        </detaileddescription>
        <inbodydescription>
        </inbodydescription>
        <location file="relStatement.h" line="364" bodyfile="relStatement.h" bodystart="364" bodyend="-1"/>
      </memberdef>
      </sectiondef>
      <sectiondef kind="public-func">
      <memberdef kind="function" id="classrelStmtExec_1aa18ad7e47b5a07ee16753bffd71b53d5" prot="public" static="no" const="no" explicit="no" inline="yes" virt="non-virtual">
        <type></type>
        <definition>relStmtExec::relStmtExec</definition>
        <argsstring>(relStrExpr *pExpr)</argsstring>
        <name>relStmtExec</name>
        <param>
          <type><ref refid="classrelStrExpr" kindref="compound">relStrExpr</ref> *</type>
          <declname>pExpr</declname>
        </param>
        <briefdescription>
        </briefdescription>
        <detaileddescription>
        </detaileddescription>
        <inbodydescription>
        </inbodydescription>
        <location file="relStatement.h" line="369" bodyfile="relStatement.h" bodystart="367" bodyend="369"/>
      </memberdef>
      <memberdef kind="function" id="classrelStmtExec_1a7a1d337c3cef788ce588c79b80244a62" prot="public" static="no" const="no" explicit="no" inline="yes" virt="non-virtual">
        <type></type>
        <definition>relStmtExec::~relStmtExec</definition>
        <argsstring>()</argsstring>
        <name>~relStmtExec</name>
        <briefdescription>
        </briefdescription>
        <detaileddescription>
        </detaileddescription>
        <inbodydescription>
        </inbodydescription>
        <location file="relStatement.h" line="372" bodyfile="relStatement.h" bodystart="371" bodyend="374"/>
        <references refid="classrelStmtExec_1a0e070d4ab452cc771adbd56c4fdaf611" compoundref="relStatement_8h" startline="364">mExpr</references>
      </memberdef>
      <memberdef kind="function" id="classrelStmtExec_1ad5b1c13d945bc4bc3c5b7b94c178c3a1" prot="public" static="no" const="no" explicit="no" inline="yes" virt="virtual">
        <type>void</type>
        <definition>virtual void relStmtExec::interpret</definition>
        <argsstring>(bddSymTab *pSymTab)</argsstring>
        <name>interpret</name>
        <reimplements refid="classrelStatement_1a9b50ccc1d8f5a9df3dbe754be438f8da">interpret</reimplements>
        <param>
          <type><ref refid="classbddSymTab" kindref="compound">bddSymTab</ref> *</type>
          <declname>pSymTab</declname>
        </param>
        <briefdescription>
        </briefdescription>
        <detaileddescription>
        </detaileddescription>
        <inbodydescription>
        </inbodydescription>
        <location file="relStatement.h" line="378" bodyfile="relStatement.h" bodystart="377" bodyend="392"/>
        <references refid="classrelString_1a93c23e805fb42d32daa545436bf93473" compoundref="relString_8h" startline="51" endline="54">relString::getValue</references>
        <references refid="crocopat_8cpp_1aaa4271014ffca3d5839db383c88c5ea9" compoundref="crocopat_8cpp" startline="56">gVariables</references>
        <references refid="classrelStrExpr_1a0602ca1fd170fd99c43c1d59e9180c55">relStrExpr::interpret</references>
        <references refid="classrelStmtExec_1a0e070d4ab452cc771adbd56c4fdaf611" compoundref="relStatement_8h" startline="364">mExpr</references>
        <references refid="classrelNumber_1ad87356454f06c971e7e07b983acb7e1a" compoundref="relNumber_8h" startline="56" endline="59">relNumber::setValue</references>
      </memberdef>
      </sectiondef>
    <briefdescription>
    </briefdescription>
    <detaileddescription>
    </detaileddescription>
    <inheritancegraph>
      <node id="480">
        <label>relStatement</label>
        <link refid="classrelStatement"/>
        <childnode refid="481" relation="public-inheritance">
        </childnode>
      </node>
      <node id="481">
        <label>relObject</label>
        <link refid="classrelObject"/>
      </node>
      <node id="479">
        <label>relStmtExec</label>
        <link refid="classrelStmtExec"/>
        <childnode refid="480" relation="public-inheritance">
        </childnode>
      </node>
    </inheritancegraph>
    <collaborationgraph>
      <node id="486">
        <label>relStrExpr</label>
        <link refid="classrelStrExpr"/>
        <childnode refid="484" relation="public-inheritance">
        </childnode>
      </node>
      <node id="483">
        <label>relStatement</label>
        <link refid="classrelStatement"/>
        <childnode refid="484" relation="public-inheritance">
        </childnode>
      </node>
      <node id="484">
        <label>relObject</label>
        <link refid="classrelObject"/>
        <childnode refid="485" relation="usage">
          <edgelabel>count</edgelabel>
        </childnode>
      </node>
      <node id="485">
        <label>static long</label>
      </node>
      <node id="482">
        <label>relStmtExec</label>
        <link refid="classrelStmtExec"/>
        <childnode refid="483" relation="public-inheritance">
        </childnode>
        <childnode refid="486" relation="usage">
          <edgelabel>mExpr</edgelabel>
        </childnode>
      </node>
    </collaborationgraph>
    <location file="relStatement.h" line="362" bodyfile="relStatement.h" bodystart="361" bodyend="393"/>
    <listofallmembers>
      <member refid="classrelObject_1ad987378e185fff56551fb78be0a3e971" prot="public" virt="non-virtual"><scope>relStmtExec</scope><name>GetCount</name></member>
      <member refid="classrelStmtExec_1ad5b1c13d945bc4bc3c5b7b94c178c3a1" prot="public" virt="virtual"><scope>relStmtExec</scope><name>interpret</name></member>
      <member refid="classrelStmtExec_1a0e070d4ab452cc771adbd56c4fdaf611" prot="private" virt="non-virtual"><scope>relStmtExec</scope><name>mExpr</name></member>
      <member refid="classrelObject_1aa8fc3941bf9f84e8cf90a821cb0a2d15" prot="public" virt="non-virtual"><scope>relStmtExec</scope><name>relObject</name></member>
      <member refid="classrelObject_1a88249926871015e4149a7468ec845b99" prot="public" virt="non-virtual"><scope>relStmtExec</scope><name>relObject</name></member>
      <member refid="classrelStmtExec_1aa18ad7e47b5a07ee16753bffd71b53d5" prot="public" virt="non-virtual"><scope>relStmtExec</scope><name>relStmtExec</name></member>
      <member refid="classrelObject_1a4fb533b43971834655cd0cb1323f979b" prot="public" virt="virtual"><scope>relStmtExec</scope><name>~relObject</name></member>
      <member refid="classrelStmtExec_1a7a1d337c3cef788ce588c79b80244a62" prot="public" virt="non-virtual"><scope>relStmtExec</scope><name>~relStmtExec</name></member>
    </listofallmembers>
  </compounddef>
</doxygen>
