<?xml version='1.0' encoding='UTF-8' standalone='no'?>
<doxygen xmlns:xsi="http://www.w3.org/2001/XMLSchema-instance" xsi:noNamespaceSchemaLocation="compound.xsd" version="1.6.1">
  <compounddef id="classrelStmtEmpty" kind="class" prot="public">
    <compoundname>relStmtEmpty</compoundname>
    <basecompoundref refid="classrelStatement" prot="public" virt="non-virtual">relStatement</basecompoundref>
    <includes refid="relStatement_8h" local="no">relStatement.h</includes>
      <sectiondef kind="public-func">
      <memberdef kind="function" id="classrelStmtEmpty_1ab432ecca763ae816d9113ab23991911e" prot="public" static="no" const="no" explicit="no" inline="yes" virt="non-virtual">
        <type></type>
        <definition>relStmtEmpty::relStmtEmpty</definition>
        <argsstring>()</argsstring>
        <name>relStmtEmpty</name>
        <briefdescription>
        </briefdescription>
        <detaileddescription>
        </detaileddescription>
        <inbodydescription>
        </inbodydescription>
        <location file="relStatement.h" line="577" bodyfile="relStatement.h" bodystart="576" bodyend="577"/>
      </memberdef>
      <memberdef kind="function" id="classrelStmtEmpty_1a9b045f06fa10e0248438d99ef1d398e5" prot="public" static="no" const="no" explicit="no" inline="yes" virt="non-virtual">
        <type></type>
        <definition>relStmtEmpty::~relStmtEmpty</definition>
        <argsstring>()</argsstring>
        <name>~relStmtEmpty</name>
        <briefdescription>
        </briefdescription>
        <detaileddescription>
        </detaileddescription>
        <inbodydescription>
        </inbodydescription>
        <location file="relStatement.h" line="580" bodyfile="relStatement.h" bodystart="579" bodyend="580"/>
      </memberdef>
      <memberdef kind="function" id="classrelStmtEmpty_1a941f059dfcdcc0459b5ba46a503657b3" prot="public" static="no" const="no" explicit="no" inline="yes" virt="virtual">
        <type>void</type>
        <definition>virtual void relStmtEmpty::interpret</definition>
        <argsstring>(bddSymTab *pSymTab)</argsstring>
        <name>interpret</name>
        <reimplements refid="classrelStatement_1a9b50ccc1d8f5a9df3dbe754be438f8da">interpret</reimplements>
        <param>
          <type><ref refid="classbddSymTab" kindref="compound">bddSymTab</ref> *</type>
          <declname>pSymTab</declname>
        </param>
        <briefdescription>
        </briefdescription>
        <detaileddescription>
        </detaileddescription>
        <inbodydescription>
        </inbodydescription>
        <location file="relStatement.h" line="584" bodyfile="relStatement.h" bodystart="583" bodyend="584"/>
      </memberdef>
      </sectiondef>
    <briefdescription>
    </briefdescription>
    <detaileddescription>
<para>Empty statement. </para>    </detaileddescription>
    <inheritancegraph>
      <node id="473">
        <label>relStatement</label>
        <link refid="classrelStatement"/>
        <childnode refid="474" relation="public-inheritance">
        </childnode>
      </node>
      <node id="474">
        <label>relObject</label>
        <link refid="classrelObject"/>
      </node>
      <node id="472">
        <label>relStmtEmpty</label>
        <link refid="classrelStmtEmpty"/>
        <childnode refid="473" relation="public-inheritance">
        </childnode>
      </node>
    </inheritancegraph>
    <collaborationgraph>
      <node id="476">
        <label>relStatement</label>
        <link refid="classrelStatement"/>
        <childnode refid="477" relation="public-inheritance">
        </childnode>
      </node>
      <node id="477">
        <label>relObject</label>
        <link refid="classrelObject"/>
        <childnode refid="478" relation="usage">
          <edgelabel>count</edgelabel>
        </childnode>
      </node>
      <node id="478">
        <label>static long</label>
      </node>
      <node id="475">
        <label>relStmtEmpty</label>
        <link refid="classrelStmtEmpty"/>
        <childnode refid="476" relation="public-inheritance">
        </childnode>
      </node>
    </collaborationgraph>
    <location file="relStatement.h" line="574" bodyfile="relStatement.h" bodystart="573" bodyend="585"/>
    <listofallmembers>
      <member refid="classrelObject_1ad987378e185fff56551fb78be0a3e971" prot="public" virt="non-virtual"><scope>relStmtEmpty</scope><name>GetCount</name></member>
      <member refid="classrelStmtEmpty_1a941f059dfcdcc0459b5ba46a503657b3" prot="public" virt="virtual"><scope>relStmtEmpty</scope><name>interpret</name></member>
      <member refid="classrelObject_1aa8fc3941bf9f84e8cf90a821cb0a2d15" prot="public" virt="non-virtual"><scope>relStmtEmpty</scope><name>relObject</name></member>
      <member refid="classrelObject_1a88249926871015e4149a7468ec845b99" prot="public" virt="non-virtual"><scope>relStmtEmpty</scope><name>relObject</name></member>
      <member refid="classrelStmtEmpty_1ab432ecca763ae816d9113ab23991911e" prot="public" virt="non-virtual"><scope>relStmtEmpty</scope><name>relStmtEmpty</name></member>
      <member refid="classrelObject_1a4fb533b43971834655cd0cb1323f979b" prot="public" virt="virtual"><scope>relStmtEmpty</scope><name>~relObject</name></member>
      <member refid="classrelStmtEmpty_1a9b045f06fa10e0248438d99ef1d398e5" prot="public" virt="non-virtual"><scope>relStmtEmpty</scope><name>~relStmtEmpty</name></member>
    </listofallmembers>
  </compounddef>
</doxygen>
