<?xml version='1.0' encoding='UTF-8' standalone='no'?>
<doxygen xmlns:xsi="http://www.w3.org/2001/XMLSchema-instance" xsi:noNamespaceSchemaLocation="compound.xsd" version="1.6.1">
  <compounddef id="classrelNumExprVar" kind="class" prot="public">
    <compoundname>relNumExprVar</compoundname>
    <basecompoundref refid="classrelNumExpr" prot="public" virt="non-virtual">relNumExpr</basecompoundref>
    <includes refid="relNumExpr_8h" local="no">relNumExpr.h</includes>
      <sectiondef kind="private-attrib">
      <memberdef kind="variable" id="classrelNumExprVar_1a9f82c34cbfe0e0ea94f16b76dd88a9d0" prot="private" static="no" mutable="no">
        <type>string *</type>
        <definition>string* relNumExprVar::mVar</definition>
        <argsstring></argsstring>
        <name>mVar</name>
        <briefdescription>
        </briefdescription>
        <detaileddescription>
        </detaileddescription>
        <inbodydescription>
        </inbodydescription>
        <location file="relNumExpr.h" line="62" bodyfile="relNumExpr.h" bodystart="62" bodyend="-1"/>
      </memberdef>
      </sectiondef>
      <sectiondef kind="public-func">
      <memberdef kind="function" id="classrelNumExprVar_1a402141dd1d30f4cc4c4488e949f32a2c" prot="public" static="no" const="no" explicit="no" inline="yes" virt="non-virtual">
        <type></type>
        <definition>relNumExprVar::relNumExprVar</definition>
        <argsstring>(string *pVar)</argsstring>
        <name>relNumExprVar</name>
        <param>
          <type>string *</type>
          <declname>pVar</declname>
        </param>
        <briefdescription>
        </briefdescription>
        <detaileddescription>
        </detaileddescription>
        <inbodydescription>
        </inbodydescription>
        <location file="relNumExpr.h" line="67" bodyfile="relNumExpr.h" bodystart="65" bodyend="67"/>
      </memberdef>
      <memberdef kind="function" id="classrelNumExprVar_1a801434b6584cc9b0992a23be8807f6fe" prot="public" static="no" const="no" explicit="no" inline="yes" virt="non-virtual">
        <type></type>
        <definition>relNumExprVar::~relNumExprVar</definition>
        <argsstring>()</argsstring>
        <name>~relNumExprVar</name>
        <briefdescription>
        </briefdescription>
        <detaileddescription>
        </detaileddescription>
        <inbodydescription>
        </inbodydescription>
        <location file="relNumExpr.h" line="70" bodyfile="relNumExpr.h" bodystart="69" bodyend="72"/>
        <references refid="classrelNumExprVar_1a9f82c34cbfe0e0ea94f16b76dd88a9d0" compoundref="relNumExpr_8h" startline="62">mVar</references>
      </memberdef>
      <memberdef kind="function" id="classrelNumExprVar_1aaa1b50d3d2bd8b7a00867107e4f37c26" prot="public" static="no" const="no" explicit="no" inline="yes" virt="virtual">
        <type><ref refid="classrelNumber" kindref="compound">relNumber</ref></type>
        <definition>virtual relNumber relNumExprVar::interpret</definition>
        <argsstring>(bddSymTab *pSymTab)</argsstring>
        <name>interpret</name>
        <reimplements refid="classrelNumExpr_1a7ce9c0b7d5a76a66666afba031af28f6">interpret</reimplements>
        <param>
          <type><ref refid="classbddSymTab" kindref="compound">bddSymTab</ref> *</type>
          <declname>pSymTab</declname>
        </param>
        <briefdescription>
        </briefdescription>
        <detaileddescription>
        </detaileddescription>
        <inbodydescription>
        </inbodydescription>
        <location file="relNumExpr.h" line="76" bodyfile="relNumExpr.h" bodystart="75" bodyend="85"/>
        <references refid="crocopat_8cpp_1aaa4271014ffca3d5839db383c88c5ea9" compoundref="crocopat_8cpp" startline="56">gVariables</references>
        <references refid="classrelNumExprVar_1a9f82c34cbfe0e0ea94f16b76dd88a9d0" compoundref="relNumExpr_8h" startline="62">mVar</references>
      </memberdef>
      </sectiondef>
    <briefdescription>
    </briefdescription>
    <detaileddescription>
    </detaileddescription>
    <inheritancegraph>
      <node id="256">
        <label>relNumExpr</label>
        <link refid="classrelNumExpr"/>
        <childnode refid="257" relation="public-inheritance">
        </childnode>
      </node>
      <node id="257">
        <label>relObject</label>
        <link refid="classrelObject"/>
      </node>
      <node id="255">
        <label>relNumExprVar</label>
        <link refid="classrelNumExprVar"/>
        <childnode refid="256" relation="public-inheritance">
        </childnode>
      </node>
    </inheritancegraph>
    <collaborationgraph>
      <node id="262">
        <label>string</label>
      </node>
      <node id="259">
        <label>relNumExpr</label>
        <link refid="classrelNumExpr"/>
        <childnode refid="260" relation="public-inheritance">
        </childnode>
      </node>
      <node id="260">
        <label>relObject</label>
        <link refid="classrelObject"/>
        <childnode refid="261" relation="usage">
          <edgelabel>count</edgelabel>
        </childnode>
      </node>
      <node id="261">
        <label>static long</label>
      </node>
      <node id="258">
        <label>relNumExprVar</label>
        <link refid="classrelNumExprVar"/>
        <childnode refid="259" relation="public-inheritance">
        </childnode>
        <childnode refid="262" relation="usage">
          <edgelabel>mVar</edgelabel>
        </childnode>
      </node>
    </collaborationgraph>
    <location file="relNumExpr.h" line="60" bodyfile="relNumExpr.h" bodystart="59" bodyend="86"/>
    <listofallmembers>
      <member refid="classrelObject_1ad987378e185fff56551fb78be0a3e971" prot="public" virt="non-virtual"><scope>relNumExprVar</scope><name>GetCount</name></member>
      <member refid="classrelNumExprVar_1aaa1b50d3d2bd8b7a00867107e4f37c26" prot="public" virt="virtual"><scope>relNumExprVar</scope><name>interpret</name></member>
      <member refid="classrelNumExprVar_1a9f82c34cbfe0e0ea94f16b76dd88a9d0" prot="private" virt="non-virtual"><scope>relNumExprVar</scope><name>mVar</name></member>
      <member refid="classrelNumExprVar_1a402141dd1d30f4cc4c4488e949f32a2c" prot="public" virt="non-virtual"><scope>relNumExprVar</scope><name>relNumExprVar</name></member>
      <member refid="classrelObject_1aa8fc3941bf9f84e8cf90a821cb0a2d15" prot="public" virt="non-virtual"><scope>relNumExprVar</scope><name>relObject</name></member>
      <member refid="classrelObject_1a88249926871015e4149a7468ec845b99" prot="public" virt="non-virtual"><scope>relNumExprVar</scope><name>relObject</name></member>
      <member refid="classrelNumExprVar_1a801434b6584cc9b0992a23be8807f6fe" prot="public" virt="non-virtual"><scope>relNumExprVar</scope><name>~relNumExprVar</name></member>
      <member refid="classrelObject_1a4fb533b43971834655cd0cb1323f979b" prot="public" virt="virtual"><scope>relNumExprVar</scope><name>~relObject</name></member>
    </listofallmembers>
  </compounddef>
</doxygen>
