<?xml version='1.0' encoding='UTF-8' standalone='no'?>
<doxygen xmlns:xsi="http://www.w3.org/2001/XMLSchema-instance" xsi:noNamespaceSchemaLocation="compound.xsd" version="1.6.1">
  <compounddef id="classrelStmtAssign" kind="class" prot="public">
    <compoundname>relStmtAssign</compoundname>
    <basecompoundref refid="classrelStatement" prot="public" virt="non-virtual">relStatement</basecompoundref>
    <includes refid="relStatement_8h" local="no">relStatement.h</includes>
      <sectiondef kind="private-attrib">
      <memberdef kind="variable" id="classrelStmtAssign_1a393c748e40a35fec933a31b05ca56996" prot="private" static="no" mutable="no">
        <type>string *</type>
        <definition>string* relStmtAssign::mRelVar</definition>
        <argsstring></argsstring>
        <name>mRelVar</name>
        <briefdescription>
<para>LHS. </para>        </briefdescription>
        <detaileddescription>
        </detaileddescription>
        <inbodydescription>
        </inbodydescription>
        <location file="relStatement.h" line="105" bodyfile="relStatement.h" bodystart="105" bodyend="-1"/>
      </memberdef>
      <memberdef kind="variable" id="classrelStmtAssign_1a005ccbaa3dbed1d7453e5ad45a1c36f4" prot="private" static="no" mutable="no">
        <type>vector&lt; <ref refid="classrelTerm" kindref="compound">relTerm</ref> * &gt; *</type>
        <definition>vector&lt;relTerm*&gt;* relStmtAssign::mTermList</definition>
        <argsstring></argsstring>
        <name>mTermList</name>
        <briefdescription>
        </briefdescription>
        <detaileddescription>
        </detaileddescription>
        <inbodydescription>
        </inbodydescription>
        <location file="relStatement.h" line="107" bodyfile="relStatement.h" bodystart="107" bodyend="-1"/>
      </memberdef>
      <memberdef kind="variable" id="classrelStmtAssign_1a058c2fbdb0b2c589b4df8fcdde2411fb" prot="private" static="no" mutable="no">
        <type><ref refid="classrelExpression" kindref="compound">relExpression</ref> *</type>
        <definition>relExpression* relStmtAssign::mExpr</definition>
        <argsstring></argsstring>
        <name>mExpr</name>
        <briefdescription>
        </briefdescription>
        <detaileddescription>
        </detaileddescription>
        <inbodydescription>
        </inbodydescription>
        <location file="relStatement.h" line="109" bodyfile="relStatement.h" bodystart="109" bodyend="-1"/>
      </memberdef>
      </sectiondef>
      <sectiondef kind="public-func">
      <memberdef kind="function" id="classrelStmtAssign_1ad9a3fd41116127730abdb8a294bfa8c7" prot="public" static="no" const="no" explicit="no" inline="yes" virt="non-virtual">
        <type></type>
        <definition>relStmtAssign::relStmtAssign</definition>
        <argsstring>(string *pRelVar, vector&lt; relTerm * &gt; *pTermList, relExpression *pExpr)</argsstring>
        <name>relStmtAssign</name>
        <param>
          <type>string *</type>
          <declname>pRelVar</declname>
        </param>
        <param>
          <type>vector&lt; <ref refid="classrelTerm" kindref="compound">relTerm</ref> * &gt; *</type>
          <declname>pTermList</declname>
        </param>
        <param>
          <type><ref refid="classrelExpression" kindref="compound">relExpression</ref> *</type>
          <declname>pExpr</declname>
        </param>
        <briefdescription>
        </briefdescription>
        <detaileddescription>
        </detaileddescription>
        <inbodydescription>
        </inbodydescription>
        <location file="relStatement.h" line="118" bodyfile="relStatement.h" bodystart="112" bodyend="118"/>
      </memberdef>
      <memberdef kind="function" id="classrelStmtAssign_1ad8e01ac83a90aa44d9fa129dce7e0c18" prot="public" static="no" const="no" explicit="no" inline="yes" virt="non-virtual">
        <type></type>
        <definition>relStmtAssign::~relStmtAssign</definition>
        <argsstring>()</argsstring>
        <name>~relStmtAssign</name>
        <briefdescription>
        </briefdescription>
        <detaileddescription>
        </detaileddescription>
        <inbodydescription>
        </inbodydescription>
        <location file="relStatement.h" line="121" bodyfile="relStatement.h" bodystart="120" bodyend="132"/>
        <references refid="classrelStmtAssign_1a058c2fbdb0b2c589b4df8fcdde2411fb" compoundref="relStatement_8h" startline="109">mExpr</references>
        <references refid="classrelStmtAssign_1a393c748e40a35fec933a31b05ca56996" compoundref="relStatement_8h" startline="105">mRelVar</references>
        <references refid="classrelStmtAssign_1a005ccbaa3dbed1d7453e5ad45a1c36f4" compoundref="relStatement_8h" startline="107">mTermList</references>
      </memberdef>
      <memberdef kind="function" id="classrelStmtAssign_1a51224c7ad4ce556f8d9eae288ed157ad" prot="public" static="no" const="no" explicit="no" inline="yes" virt="virtual">
        <type>void</type>
        <definition>virtual void relStmtAssign::interpret</definition>
        <argsstring>(bddSymTab *pSymTab)</argsstring>
        <name>interpret</name>
        <reimplements refid="classrelStatement_1a9b50ccc1d8f5a9df3dbe754be438f8da">interpret</reimplements>
        <param>
          <type><ref refid="classbddSymTab" kindref="compound">bddSymTab</ref> *</type>
          <declname>pSymTab</declname>
        </param>
        <briefdescription>
        </briefdescription>
        <detaileddescription>
        </detaileddescription>
        <inbodydescription>
        </inbodydescription>
        <location file="relStatement.h" line="136" bodyfile="relStatement.h" bodystart="135" bodyend="238"/>
        <references refid="classbddSymTab_1a677d202fabc72c352c25c0dd6c2ec4e6" compoundref="bddSymTab_8h" startline="197" endline="216">bddSymTab::addAttribute</references>
        <references refid="classrelExpression_1a4f5effc1cf304db906371c978d8830dc">relExpression::collectFreeAttrs</references>
        <references refid="classbddRelation_1a689ae88ba64f8e7f83bc7209593fb63d" compoundref="bddRelation_8h" startline="321" endline="323">bddRelation::complement</references>
        <references refid="crocopat_8cpp_1a92c4a8dafce942b863e49715ceea637b" compoundref="crocopat_8cpp" startline="65">gAttributePrefix</references>
        <references refid="crocopat_8cpp_1aaa4271014ffca3d5839db383c88c5ea9" compoundref="crocopat_8cpp" startline="56">gVariables</references>
        <references refid="classrelExpression_1a2659d1b3b785d5d00993a0364577bc61">relExpression::interpret</references>
        <references refid="classbddRelation_1a1b120249b8f114c58703428728a2bcb0" compoundref="bddRelation_8h" startline="331" endline="333">bddRelation::intersect</references>
        <references refid="classbddRelation_1a152e30040d4f2fe6f0cdacb669fd48c4" compoundref="bddRelation_8h" startline="189">bddRelation::mArity</references>
        <references refid="classrelStmtAssign_1a058c2fbdb0b2c589b4df8fcdde2411fb" compoundref="relStatement_8h" startline="109">mExpr</references>
        <references refid="classbddRelation_1a251b7f51e8fea65a96d02e9f55eb09d6" compoundref="bddRelation_8h" startline="166" endline="173">bddRelation::mkAttributeValue</references>
        <references refid="classrelStmtAssign_1a393c748e40a35fec933a31b05ca56996" compoundref="relStatement_8h" startline="105">mRelVar</references>
        <references refid="classrelStmtAssign_1a005ccbaa3dbed1d7453e5ad45a1c36f4" compoundref="relStatement_8h" startline="107">mTermList</references>
        <references refid="classbddSymTab_1a2d9b02e91e849f7c1efbe90f0133735d" compoundref="bddSymTab_8h" startline="232" endline="252">bddSymTab::removeUserAttributes</references>
        <references refid="classbddRelation_1aff2e779eb6e2b747451ccd1f3a90c1a4" compoundref="bddRelation_8h" startline="360" endline="397">bddRelation::rename</references>
        <references refid="classbddRelation_1a6d73f50efc75bb8e525835f8c6d1fb1b" compoundref="bddRelation_8h" startline="326" endline="328">bddRelation::unite</references>
        <references refid="bddRelation_8h_1aa01e33ba29c5513806b31599308f3ab5" compoundref="crocopat_8cpp" startline="96" endline="103">unsigned2string</references>
      </memberdef>
      </sectiondef>
    <briefdescription>
    </briefdescription>
    <detaileddescription>
    </detaileddescription>
    <inheritancegraph>
      <node id="437">
        <label>relStatement</label>
        <link refid="classrelStatement"/>
        <childnode refid="438" relation="public-inheritance">
        </childnode>
      </node>
      <node id="438">
        <label>relObject</label>
        <link refid="classrelObject"/>
      </node>
      <node id="436">
        <label>relStmtAssign</label>
        <link refid="classrelStmtAssign"/>
        <childnode refid="437" relation="public-inheritance">
        </childnode>
      </node>
    </inheritancegraph>
    <collaborationgraph>
      <node id="445">
        <label>relExpression</label>
        <link refid="classrelExpression"/>
        <childnode refid="441" relation="public-inheritance">
        </childnode>
      </node>
      <node id="443">
        <label>string</label>
      </node>
      <node id="440">
        <label>relStatement</label>
        <link refid="classrelStatement"/>
        <childnode refid="441" relation="public-inheritance">
        </childnode>
      </node>
      <node id="441">
        <label>relObject</label>
        <link refid="classrelObject"/>
        <childnode refid="442" relation="usage">
          <edgelabel>count</edgelabel>
        </childnode>
      </node>
      <node id="442">
        <label>static long</label>
      </node>
      <node id="439">
        <label>relStmtAssign</label>
        <link refid="classrelStmtAssign"/>
        <childnode refid="440" relation="public-inheritance">
        </childnode>
        <childnode refid="443" relation="usage">
          <edgelabel>mRelVar</edgelabel>
        </childnode>
        <childnode refid="444" relation="usage">
          <edgelabel>mTermList</edgelabel>
        </childnode>
        <childnode refid="445" relation="usage">
          <edgelabel>mExpr</edgelabel>
        </childnode>
      </node>
      <node id="444">
        <label>vector&lt; relTerm * &gt; *</label>
      </node>
    </collaborationgraph>
    <location file="relStatement.h" line="102" bodyfile="relStatement.h" bodystart="101" bodyend="239"/>
    <listofallmembers>
      <member refid="classrelObject_1ad987378e185fff56551fb78be0a3e971" prot="public" virt="non-virtual"><scope>relStmtAssign</scope><name>GetCount</name></member>
      <member refid="classrelStmtAssign_1a51224c7ad4ce556f8d9eae288ed157ad" prot="public" virt="virtual"><scope>relStmtAssign</scope><name>interpret</name></member>
      <member refid="classrelStmtAssign_1a058c2fbdb0b2c589b4df8fcdde2411fb" prot="private" virt="non-virtual"><scope>relStmtAssign</scope><name>mExpr</name></member>
      <member refid="classrelStmtAssign_1a393c748e40a35fec933a31b05ca56996" prot="private" virt="non-virtual"><scope>relStmtAssign</scope><name>mRelVar</name></member>
      <member refid="classrelStmtAssign_1a005ccbaa3dbed1d7453e5ad45a1c36f4" prot="private" virt="non-virtual"><scope>relStmtAssign</scope><name>mTermList</name></member>
      <member refid="classrelObject_1aa8fc3941bf9f84e8cf90a821cb0a2d15" prot="public" virt="non-virtual"><scope>relStmtAssign</scope><name>relObject</name></member>
      <member refid="classrelObject_1a88249926871015e4149a7468ec845b99" prot="public" virt="non-virtual"><scope>relStmtAssign</scope><name>relObject</name></member>
      <member refid="classrelStmtAssign_1ad9a3fd41116127730abdb8a294bfa8c7" prot="public" virt="non-virtual"><scope>relStmtAssign</scope><name>relStmtAssign</name></member>
      <member refid="classrelObject_1a4fb533b43971834655cd0cb1323f979b" prot="public" virt="virtual"><scope>relStmtAssign</scope><name>~relObject</name></member>
      <member refid="classrelStmtAssign_1ad8e01ac83a90aa44d9fa129dce7e0c18" prot="public" virt="non-virtual"><scope>relStmtAssign</scope><name>~relStmtAssign</name></member>
    </listofallmembers>
  </compounddef>
</doxygen>
