<?xml version='1.0' encoding='UTF-8' standalone='no'?>
<doxygen xmlns:xsi="http://www.w3.org/2001/XMLSchema-instance" xsi:noNamespaceSchemaLocation="compound.xsd" version="1.6.1">
  <compounddef id="classrelPrintExprRelInfo" kind="class" prot="public">
    <compoundname>relPrintExprRelInfo</compoundname>
    <basecompoundref refid="classrelPrintExpr" prot="public" virt="non-virtual">relPrintExpr</basecompoundref>
    <includes refid="relPrintExpr_8h" local="no">relPrintExpr.h</includes>
      <sectiondef kind="private-attrib">
      <memberdef kind="variable" id="classrelPrintExprRelInfo_1a865df7f84c3629b6caf54d63fdc96d23" prot="private" static="no" mutable="no">
        <type><ref refid="classrelExpression" kindref="compound">relExpression</ref> *</type>
        <definition>relExpression* relPrintExprRelInfo::mExpr</definition>
        <argsstring></argsstring>
        <name>mExpr</name>
        <briefdescription>
        </briefdescription>
        <detaileddescription>
        </detaileddescription>
        <inbodydescription>
        </inbodydescription>
        <location file="relPrintExpr.h" line="182" bodyfile="relPrintExpr.h" bodystart="182" bodyend="-1"/>
      </memberdef>
      </sectiondef>
      <sectiondef kind="public-func">
      <memberdef kind="function" id="classrelPrintExprRelInfo_1a7234c36d2cd13a718a202179c05866f7" prot="public" static="no" const="no" explicit="no" inline="yes" virt="non-virtual">
        <type></type>
        <definition>relPrintExprRelInfo::relPrintExprRelInfo</definition>
        <argsstring>(relExpression *pExpr)</argsstring>
        <name>relPrintExprRelInfo</name>
        <param>
          <type><ref refid="classrelExpression" kindref="compound">relExpression</ref> *</type>
          <declname>pExpr</declname>
        </param>
        <briefdescription>
        </briefdescription>
        <detaileddescription>
        </detaileddescription>
        <inbodydescription>
        </inbodydescription>
        <location file="relPrintExpr.h" line="187" bodyfile="relPrintExpr.h" bodystart="185" bodyend="187"/>
      </memberdef>
      <memberdef kind="function" id="classrelPrintExprRelInfo_1a7ffdda7db43a36b387fcbb9e94940372" prot="public" static="no" const="no" explicit="no" inline="yes" virt="non-virtual">
        <type></type>
        <definition>relPrintExprRelInfo::~relPrintExprRelInfo</definition>
        <argsstring>()</argsstring>
        <name>~relPrintExprRelInfo</name>
        <briefdescription>
        </briefdescription>
        <detaileddescription>
        </detaileddescription>
        <inbodydescription>
        </inbodydescription>
        <location file="relPrintExpr.h" line="190" bodyfile="relPrintExpr.h" bodystart="189" bodyend="192"/>
        <references refid="classrelPrintExprRelInfo_1a865df7f84c3629b6caf54d63fdc96d23" compoundref="relPrintExpr_8h" startline="182">mExpr</references>
      </memberdef>
      <memberdef kind="function" id="classrelPrintExprRelInfo_1a985d037c7a42df52c378bf16e9a3eab2" prot="public" static="no" const="no" explicit="no" inline="yes" virt="virtual">
        <type>void</type>
        <definition>virtual void relPrintExprRelInfo::interpret</definition>
        <argsstring>(bddSymTab *pSymTab, ostream *pOut)</argsstring>
        <name>interpret</name>
        <reimplements refid="classrelPrintExpr_1a4bd82c6b6b055c068997368c18930d7f">interpret</reimplements>
        <param>
          <type><ref refid="classbddSymTab" kindref="compound">bddSymTab</ref> *</type>
          <declname>pSymTab</declname>
        </param>
        <param>
          <type>ostream *</type>
          <declname>pOut</declname>
        </param>
        <briefdescription>
        </briefdescription>
        <detaileddescription>
        </detaileddescription>
        <inbodydescription>
        </inbodydescription>
        <location file="relPrintExpr.h" line="196" bodyfile="relPrintExpr.h" bodystart="195" bodyend="227"/>
        <references refid="classrelExpression_1a4f5effc1cf304db906371c978d8830dc">relExpression::collectFreeAttrs</references>
        <references refid="classbddSymTab_1addfb1b83129c7699fe6ac9db44889514" compoundref="bddSymTab_8h" startline="255" endline="265">bddSymTab::computeVariableOrder</references>
        <references refid="crocopat_8cpp_1a92c4a8dafce942b863e49715ceea637b" compoundref="crocopat_8cpp" startline="65">gAttributePrefix</references>
        <references refid="classbddRelation_1a0f227605dc8a79221c41640be2535123" compoundref="bddRelation_8h" startline="258" endline="290">bddRelation::getTupleNr</references>
        <references refid="classbddSymTab_1a00ec3683887e1a65bc4c7297f7dcfdfc" compoundref="bddSymTab_8h" startline="146" endline="147">bddSymTab::getUniverseSize</references>
        <references refid="classrelExpression_1a2659d1b3b785d5d00993a0364577bc61">relExpression::interpret</references>
        <references refid="classrelPrintExprRelInfo_1a865df7f84c3629b6caf54d63fdc96d23" compoundref="relPrintExpr_8h" startline="182">mExpr</references>
        <references refid="classbddRelation_1ac51e48bb916fbaec559ef2e8813d063e" compoundref="bddRelation_8h" startline="403" endline="414">bddRelation::printBddInfo</references>
        <references refid="classbddSymTab_1a2d9b02e91e849f7c1efbe90f0133735d" compoundref="bddSymTab_8h" startline="232" endline="252">bddSymTab::removeUserAttributes</references>
      </memberdef>
      </sectiondef>
    <briefdescription>
    </briefdescription>
    <detaileddescription>
    </detaileddescription>
    <inheritancegraph>
      <node id="381">
        <label>relPrintExprRelInfo</label>
        <link refid="classrelPrintExprRelInfo"/>
        <childnode refid="382" relation="public-inheritance">
        </childnode>
      </node>
      <node id="383">
        <label>relObject</label>
        <link refid="classrelObject"/>
      </node>
      <node id="382">
        <label>relPrintExpr</label>
        <link refid="classrelPrintExpr"/>
        <childnode refid="383" relation="public-inheritance">
        </childnode>
      </node>
    </inheritancegraph>
    <collaborationgraph>
      <node id="384">
        <label>relPrintExprRelInfo</label>
        <link refid="classrelPrintExprRelInfo"/>
        <childnode refid="385" relation="public-inheritance">
        </childnode>
        <childnode refid="388" relation="usage">
          <edgelabel>mExpr</edgelabel>
        </childnode>
      </node>
      <node id="388">
        <label>relExpression</label>
        <link refid="classrelExpression"/>
        <childnode refid="386" relation="public-inheritance">
        </childnode>
      </node>
      <node id="386">
        <label>relObject</label>
        <link refid="classrelObject"/>
        <childnode refid="387" relation="usage">
          <edgelabel>count</edgelabel>
        </childnode>
      </node>
      <node id="387">
        <label>static long</label>
      </node>
      <node id="385">
        <label>relPrintExpr</label>
        <link refid="classrelPrintExpr"/>
        <childnode refid="386" relation="public-inheritance">
        </childnode>
      </node>
    </collaborationgraph>
    <location file="relPrintExpr.h" line="180" bodyfile="relPrintExpr.h" bodystart="179" bodyend="228"/>
    <listofallmembers>
      <member refid="classrelObject_1ad987378e185fff56551fb78be0a3e971" prot="public" virt="non-virtual"><scope>relPrintExprRelInfo</scope><name>GetCount</name></member>
      <member refid="classrelPrintExprRelInfo_1a985d037c7a42df52c378bf16e9a3eab2" prot="public" virt="virtual"><scope>relPrintExprRelInfo</scope><name>interpret</name></member>
      <member refid="classrelPrintExprRelInfo_1a865df7f84c3629b6caf54d63fdc96d23" prot="private" virt="non-virtual"><scope>relPrintExprRelInfo</scope><name>mExpr</name></member>
      <member refid="classrelObject_1aa8fc3941bf9f84e8cf90a821cb0a2d15" prot="public" virt="non-virtual"><scope>relPrintExprRelInfo</scope><name>relObject</name></member>
      <member refid="classrelObject_1a88249926871015e4149a7468ec845b99" prot="public" virt="non-virtual"><scope>relPrintExprRelInfo</scope><name>relObject</name></member>
      <member refid="classrelPrintExprRelInfo_1a7234c36d2cd13a718a202179c05866f7" prot="public" virt="non-virtual"><scope>relPrintExprRelInfo</scope><name>relPrintExprRelInfo</name></member>
      <member refid="classrelObject_1a4fb533b43971834655cd0cb1323f979b" prot="public" virt="virtual"><scope>relPrintExprRelInfo</scope><name>~relObject</name></member>
      <member refid="classrelPrintExprRelInfo_1a7ffdda7db43a36b387fcbb9e94940372" prot="public" virt="non-virtual"><scope>relPrintExprRelInfo</scope><name>~relPrintExprRelInfo</name></member>
    </listofallmembers>
  </compounddef>
</doxygen>
