<?xml version='1.0' encoding='UTF-8' standalone='no'?>
<doxygen xmlns:xsi="http://www.w3.org/2001/XMLSchema-instance" xsi:noNamespaceSchemaLocation="compound.xsd" version="1.6.1">
  <compounddef id="classrelPrintExprValues" kind="class" prot="public">
    <compoundname>relPrintExprValues</compoundname>
    <basecompoundref refid="classrelPrintExpr" prot="public" virt="non-virtual">relPrintExpr</basecompoundref>
    <includes refid="relPrintExpr_8h" local="no">relPrintExpr.h</includes>
      <sectiondef kind="private-attrib">
      <memberdef kind="variable" id="classrelPrintExprValues_1a6801be388baa2776615e5925840d1e31" prot="private" static="no" mutable="no">
        <type><ref refid="classrelStrExpr" kindref="compound">relStrExpr</ref> *</type>
        <definition>relStrExpr* relPrintExprValues::mPrefix</definition>
        <argsstring></argsstring>
        <name>mPrefix</name>
        <briefdescription>
<para>Row prefix for RSF. </para>        </briefdescription>
        <detaileddescription>
        </detaileddescription>
        <inbodydescription>
        </inbodydescription>
        <location file="relPrintExpr.h" line="140" bodyfile="relPrintExpr.h" bodystart="140" bodyend="-1"/>
      </memberdef>
      <memberdef kind="variable" id="classrelPrintExprValues_1a79d165c1d4300ef13a2d51442a36a0b3" prot="private" static="no" mutable="no">
        <type><ref refid="classrelExpression" kindref="compound">relExpression</ref> *</type>
        <definition>relExpression* relPrintExprValues::mExpr</definition>
        <argsstring></argsstring>
        <name>mExpr</name>
        <briefdescription>
        </briefdescription>
        <detaileddescription>
        </detaileddescription>
        <inbodydescription>
        </inbodydescription>
        <location file="relPrintExpr.h" line="141" bodyfile="relPrintExpr.h" bodystart="141" bodyend="-1"/>
      </memberdef>
      </sectiondef>
      <sectiondef kind="public-func">
      <memberdef kind="function" id="classrelPrintExprValues_1a19597571e7d1d1f625b1c995082ce671" prot="public" static="no" const="no" explicit="no" inline="yes" virt="non-virtual">
        <type></type>
        <definition>relPrintExprValues::relPrintExprValues</definition>
        <argsstring>(relStrExpr *pPrefix, relExpression *pExpr)</argsstring>
        <name>relPrintExprValues</name>
        <param>
          <type><ref refid="classrelStrExpr" kindref="compound">relStrExpr</ref> *</type>
          <declname>pPrefix</declname>
        </param>
        <param>
          <type><ref refid="classrelExpression" kindref="compound">relExpression</ref> *</type>
          <declname>pExpr</declname>
        </param>
        <briefdescription>
        </briefdescription>
        <detaileddescription>
        </detaileddescription>
        <inbodydescription>
        </inbodydescription>
        <location file="relPrintExpr.h" line="148" bodyfile="relPrintExpr.h" bodystart="144" bodyend="148"/>
      </memberdef>
      <memberdef kind="function" id="classrelPrintExprValues_1a83b940552b3c9f6bfe7b91515dc45a15" prot="public" static="no" const="no" explicit="no" inline="yes" virt="non-virtual">
        <type></type>
        <definition>relPrintExprValues::~relPrintExprValues</definition>
        <argsstring>()</argsstring>
        <name>~relPrintExprValues</name>
        <briefdescription>
        </briefdescription>
        <detaileddescription>
        </detaileddescription>
        <inbodydescription>
        </inbodydescription>
        <location file="relPrintExpr.h" line="151" bodyfile="relPrintExpr.h" bodystart="150" bodyend="154"/>
        <references refid="classrelPrintExprValues_1a79d165c1d4300ef13a2d51442a36a0b3" compoundref="relPrintExpr_8h" startline="141">mExpr</references>
        <references refid="classrelPrintExprValues_1a6801be388baa2776615e5925840d1e31" compoundref="relPrintExpr_8h" startline="140">mPrefix</references>
      </memberdef>
      <memberdef kind="function" id="classrelPrintExprValues_1a9b98e9e4b159195f81cef0bbba5968dc" prot="public" static="no" const="no" explicit="no" inline="yes" virt="virtual">
        <type>void</type>
        <definition>virtual void relPrintExprValues::interpret</definition>
        <argsstring>(bddSymTab *pSymTab, ostream *pOut)</argsstring>
        <name>interpret</name>
        <reimplements refid="classrelPrintExpr_1a4bd82c6b6b055c068997368c18930d7f">interpret</reimplements>
        <param>
          <type><ref refid="classbddSymTab" kindref="compound">bddSymTab</ref> *</type>
          <declname>pSymTab</declname>
        </param>
        <param>
          <type>ostream *</type>
          <declname>pOut</declname>
        </param>
        <briefdescription>
        </briefdescription>
        <detaileddescription>
        </detaileddescription>
        <inbodydescription>
        </inbodydescription>
        <location file="relPrintExpr.h" line="158" bodyfile="relPrintExpr.h" bodystart="157" bodyend="175"/>
        <references refid="classrelExpression_1a4f5effc1cf304db906371c978d8830dc">relExpression::collectFreeAttrs</references>
        <references refid="classbddSymTab_1addfb1b83129c7699fe6ac9db44889514" compoundref="bddSymTab_8h" startline="255" endline="265">bddSymTab::computeVariableOrder</references>
        <references refid="crocopat_8cpp_1a92c4a8dafce942b863e49715ceea637b" compoundref="crocopat_8cpp" startline="65">gAttributePrefix</references>
        <references refid="classrelString_1a93c23e805fb42d32daa545436bf93473" compoundref="relString_8h" startline="51" endline="54">relString::getValue</references>
        <references refid="classrelExpression_1a2659d1b3b785d5d00993a0364577bc61">relExpression::interpret</references>
        <references refid="classrelStrExpr_1a0602ca1fd170fd99c43c1d59e9180c55">relStrExpr::interpret</references>
        <references refid="classrelPrintExprValues_1a79d165c1d4300ef13a2d51442a36a0b3" compoundref="relPrintExpr_8h" startline="141">mExpr</references>
        <references refid="classrelPrintExprValues_1a6801be388baa2776615e5925840d1e31" compoundref="relPrintExpr_8h" startline="140">mPrefix</references>
        <references refid="classbddRelation_1af3ac1cddf15fb349820e9bd0e6ae5c9a" compoundref="bddRelation_8h" startline="457" endline="503">bddRelation::printRelation</references>
        <references refid="classbddSymTab_1a2d9b02e91e849f7c1efbe90f0133735d" compoundref="bddSymTab_8h" startline="232" endline="252">bddSymTab::removeUserAttributes</references>
      </memberdef>
      </sectiondef>
    <briefdescription>
    </briefdescription>
    <detaileddescription>
    </detaileddescription>
    <inheritancegraph>
      <node id="406">
        <label>relObject</label>
        <link refid="classrelObject"/>
      </node>
      <node id="404">
        <label>relPrintExprValues</label>
        <link refid="classrelPrintExprValues"/>
        <childnode refid="405" relation="public-inheritance">
        </childnode>
      </node>
      <node id="405">
        <label>relPrintExpr</label>
        <link refid="classrelPrintExpr"/>
        <childnode refid="406" relation="public-inheritance">
        </childnode>
      </node>
    </inheritancegraph>
    <collaborationgraph>
      <node id="412">
        <label>relExpression</label>
        <link refid="classrelExpression"/>
        <childnode refid="409" relation="public-inheritance">
        </childnode>
      </node>
      <node id="411">
        <label>relStrExpr</label>
        <link refid="classrelStrExpr"/>
        <childnode refid="409" relation="public-inheritance">
        </childnode>
      </node>
      <node id="409">
        <label>relObject</label>
        <link refid="classrelObject"/>
        <childnode refid="410" relation="usage">
          <edgelabel>count</edgelabel>
        </childnode>
      </node>
      <node id="407">
        <label>relPrintExprValues</label>
        <link refid="classrelPrintExprValues"/>
        <childnode refid="408" relation="public-inheritance">
        </childnode>
        <childnode refid="411" relation="usage">
          <edgelabel>mPrefix</edgelabel>
        </childnode>
        <childnode refid="412" relation="usage">
          <edgelabel>mExpr</edgelabel>
        </childnode>
      </node>
      <node id="410">
        <label>static long</label>
      </node>
      <node id="408">
        <label>relPrintExpr</label>
        <link refid="classrelPrintExpr"/>
        <childnode refid="409" relation="public-inheritance">
        </childnode>
      </node>
    </collaborationgraph>
    <location file="relPrintExpr.h" line="137" bodyfile="relPrintExpr.h" bodystart="136" bodyend="176"/>
    <listofallmembers>
      <member refid="classrelObject_1ad987378e185fff56551fb78be0a3e971" prot="public" virt="non-virtual"><scope>relPrintExprValues</scope><name>GetCount</name></member>
      <member refid="classrelPrintExprValues_1a9b98e9e4b159195f81cef0bbba5968dc" prot="public" virt="virtual"><scope>relPrintExprValues</scope><name>interpret</name></member>
      <member refid="classrelPrintExprValues_1a79d165c1d4300ef13a2d51442a36a0b3" prot="private" virt="non-virtual"><scope>relPrintExprValues</scope><name>mExpr</name></member>
      <member refid="classrelPrintExprValues_1a6801be388baa2776615e5925840d1e31" prot="private" virt="non-virtual"><scope>relPrintExprValues</scope><name>mPrefix</name></member>
      <member refid="classrelObject_1aa8fc3941bf9f84e8cf90a821cb0a2d15" prot="public" virt="non-virtual"><scope>relPrintExprValues</scope><name>relObject</name></member>
      <member refid="classrelObject_1a88249926871015e4149a7468ec845b99" prot="public" virt="non-virtual"><scope>relPrintExprValues</scope><name>relObject</name></member>
      <member refid="classrelPrintExprValues_1a19597571e7d1d1f625b1c995082ce671" prot="public" virt="non-virtual"><scope>relPrintExprValues</scope><name>relPrintExprValues</name></member>
      <member refid="classrelObject_1a4fb533b43971834655cd0cb1323f979b" prot="public" virt="virtual"><scope>relPrintExprValues</scope><name>~relObject</name></member>
      <member refid="classrelPrintExprValues_1a83b940552b3c9f6bfe7b91515dc45a15" prot="public" virt="non-virtual"><scope>relPrintExprValues</scope><name>~relPrintExprValues</name></member>
    </listofallmembers>
  </compounddef>
</doxygen>
