<?xml version='1.0' encoding='UTF-8' standalone='no'?>
<doxygen xmlns:xsi="http://www.w3.org/2001/XMLSchema-instance" xsi:noNamespaceSchemaLocation="compound.xsd" version="1.6.1">
  <compounddef id="classrelTermStrExpr" kind="class" prot="public">
    <compoundname>relTermStrExpr</compoundname>
    <basecompoundref refid="classrelTerm" prot="public" virt="non-virtual">relTerm</basecompoundref>
    <includes refid="relTerm_8h" local="no">relTerm.h</includes>
      <sectiondef kind="private-attrib">
      <memberdef kind="variable" id="classrelTermStrExpr_1afb35cb8b3819a459cedd3b3730917ada" prot="private" static="no" mutable="no">
        <type><ref refid="classrelStrExpr" kindref="compound">relStrExpr</ref> *</type>
        <definition>relStrExpr* relTermStrExpr::mExpr</definition>
        <argsstring></argsstring>
        <name>mExpr</name>
        <briefdescription>
        </briefdescription>
        <detaileddescription>
        </detaileddescription>
        <inbodydescription>
        </inbodydescription>
        <location file="relTerm.h" line="76" bodyfile="relTerm.h" bodystart="76" bodyend="-1"/>
      </memberdef>
      </sectiondef>
      <sectiondef kind="public-func">
      <memberdef kind="function" id="classrelTermStrExpr_1a690a29da5a12ffe1b333c6989bcea983" prot="public" static="no" const="no" explicit="no" inline="yes" virt="non-virtual">
        <type></type>
        <definition>relTermStrExpr::relTermStrExpr</definition>
        <argsstring>(relStrExpr *pExpr)</argsstring>
        <name>relTermStrExpr</name>
        <param>
          <type><ref refid="classrelStrExpr" kindref="compound">relStrExpr</ref> *</type>
          <declname>pExpr</declname>
        </param>
        <briefdescription>
        </briefdescription>
        <detaileddescription>
        </detaileddescription>
        <inbodydescription>
        </inbodydescription>
        <location file="relTerm.h" line="81" bodyfile="relTerm.h" bodystart="79" bodyend="81"/>
      </memberdef>
      <memberdef kind="function" id="classrelTermStrExpr_1a525acf139494529c0a37c5b9cc33d947" prot="public" static="no" const="no" explicit="no" inline="yes" virt="non-virtual">
        <type></type>
        <definition>relTermStrExpr::~relTermStrExpr</definition>
        <argsstring>()</argsstring>
        <name>~relTermStrExpr</name>
        <briefdescription>
        </briefdescription>
        <detaileddescription>
        </detaileddescription>
        <inbodydescription>
        </inbodydescription>
        <location file="relTerm.h" line="84" bodyfile="relTerm.h" bodystart="83" bodyend="86"/>
        <references refid="classrelTermStrExpr_1afb35cb8b3819a459cedd3b3730917ada" compoundref="relTerm_8h" startline="76">mExpr</references>
      </memberdef>
      <memberdef kind="function" id="classrelTermStrExpr_1aa4beb20a5f12e98108da2c7086f0d32c" prot="public" static="no" const="no" explicit="no" inline="yes" virt="virtual">
        <type>string</type>
        <definition>virtual string relTermStrExpr::interpret</definition>
        <argsstring>(bddSymTab *pSymTab)</argsstring>
        <name>interpret</name>
        <reimplements refid="classrelTerm_1ae109241ae14902a11310a27a3fde4821">interpret</reimplements>
        <param>
          <type><ref refid="classbddSymTab" kindref="compound">bddSymTab</ref> *</type>
          <declname>pSymTab</declname>
        </param>
        <briefdescription>
        </briefdescription>
        <detaileddescription>
        </detaileddescription>
        <inbodydescription>
        </inbodydescription>
        <location file="relTerm.h" line="90" bodyfile="relTerm.h" bodystart="89" bodyend="92"/>
        <references refid="classrelString_1a93c23e805fb42d32daa545436bf93473" compoundref="relString_8h" startline="51" endline="54">relString::getValue</references>
        <references refid="classrelStrExpr_1a0602ca1fd170fd99c43c1d59e9180c55">relStrExpr::interpret</references>
        <references refid="classrelTermStrExpr_1afb35cb8b3819a459cedd3b3730917ada" compoundref="relTerm_8h" startline="76">mExpr</references>
      </memberdef>
      </sectiondef>
    <briefdescription>
    </briefdescription>
    <detaileddescription>
    </detaileddescription>
    <inheritancegraph>
      <node id="628">
        <label>relTerm</label>
        <link refid="classrelTerm"/>
        <childnode refid="629" relation="public-inheritance">
        </childnode>
      </node>
      <node id="627">
        <label>relTermStrExpr</label>
        <link refid="classrelTermStrExpr"/>
        <childnode refid="628" relation="public-inheritance">
        </childnode>
      </node>
      <node id="629">
        <label>relObject</label>
        <link refid="classrelObject"/>
      </node>
    </inheritancegraph>
    <collaborationgraph>
      <node id="631">
        <label>relTerm</label>
        <link refid="classrelTerm"/>
        <childnode refid="632" relation="public-inheritance">
        </childnode>
      </node>
      <node id="630">
        <label>relTermStrExpr</label>
        <link refid="classrelTermStrExpr"/>
        <childnode refid="631" relation="public-inheritance">
        </childnode>
        <childnode refid="634" relation="usage">
          <edgelabel>mExpr</edgelabel>
        </childnode>
      </node>
      <node id="634">
        <label>relStrExpr</label>
        <link refid="classrelStrExpr"/>
        <childnode refid="632" relation="public-inheritance">
        </childnode>
      </node>
      <node id="632">
        <label>relObject</label>
        <link refid="classrelObject"/>
        <childnode refid="633" relation="usage">
          <edgelabel>count</edgelabel>
        </childnode>
      </node>
      <node id="633">
        <label>static long</label>
      </node>
    </collaborationgraph>
    <location file="relTerm.h" line="74" bodyfile="relTerm.h" bodystart="73" bodyend="93"/>
    <listofallmembers>
      <member refid="classrelObject_1ad987378e185fff56551fb78be0a3e971" prot="public" virt="non-virtual"><scope>relTermStrExpr</scope><name>GetCount</name></member>
      <member refid="classrelTermStrExpr_1aa4beb20a5f12e98108da2c7086f0d32c" prot="public" virt="virtual"><scope>relTermStrExpr</scope><name>interpret</name></member>
      <member refid="classrelTermStrExpr_1afb35cb8b3819a459cedd3b3730917ada" prot="private" virt="non-virtual"><scope>relTermStrExpr</scope><name>mExpr</name></member>
      <member refid="classrelObject_1aa8fc3941bf9f84e8cf90a821cb0a2d15" prot="public" virt="non-virtual"><scope>relTermStrExpr</scope><name>relObject</name></member>
      <member refid="classrelObject_1a88249926871015e4149a7468ec845b99" prot="public" virt="non-virtual"><scope>relTermStrExpr</scope><name>relObject</name></member>
      <member refid="classrelTermStrExpr_1a690a29da5a12ffe1b333c6989bcea983" prot="public" virt="non-virtual"><scope>relTermStrExpr</scope><name>relTermStrExpr</name></member>
      <member refid="classrelObject_1a4fb533b43971834655cd0cb1323f979b" prot="public" virt="virtual"><scope>relTermStrExpr</scope><name>~relObject</name></member>
      <member refid="classrelTermStrExpr_1a525acf139494529c0a37c5b9cc33d947" prot="public" virt="non-virtual"><scope>relTermStrExpr</scope><name>~relTermStrExpr</name></member>
    </listofallmembers>
  </compounddef>
</doxygen>
