<?xml version='1.0' encoding='UTF-8' standalone='no'?>
<doxygen xmlns:xsi="http://www.w3.org/2001/XMLSchema-instance" xsi:noNamespaceSchemaLocation="compound.xsd" version="1.6.1">
  <compounddef id="classrelStmtExit" kind="class" prot="public">
    <compoundname>relStmtExit</compoundname>
    <basecompoundref refid="classrelStatement" prot="public" virt="non-virtual">relStatement</basecompoundref>
    <includes refid="relStatement_8h" local="no">relStatement.h</includes>
      <sectiondef kind="private-attrib">
      <memberdef kind="variable" id="classrelStmtExit_1a810300ddcf5b9b359eef4e7a1341bf0c" prot="private" static="no" mutable="no">
        <type><ref refid="classrelNumExpr" kindref="compound">relNumExpr</ref> *</type>
        <definition>relNumExpr* relStmtExit::mExitCode</definition>
        <argsstring></argsstring>
        <name>mExitCode</name>
        <briefdescription>
        </briefdescription>
        <detaileddescription>
        </detaileddescription>
        <inbodydescription>
        </inbodydescription>
        <location file="relStatement.h" line="552" bodyfile="relStatement.h" bodystart="552" bodyend="-1"/>
      </memberdef>
      </sectiondef>
      <sectiondef kind="public-func">
      <memberdef kind="function" id="classrelStmtExit_1a9a1bfb4b68d960ae2ccb4c472b8bfa6f" prot="public" static="no" const="no" explicit="no" inline="yes" virt="non-virtual">
        <type></type>
        <definition>relStmtExit::relStmtExit</definition>
        <argsstring>(relNumExpr *pExitCode)</argsstring>
        <name>relStmtExit</name>
        <param>
          <type><ref refid="classrelNumExpr" kindref="compound">relNumExpr</ref> *</type>
          <declname>pExitCode</declname>
        </param>
        <briefdescription>
        </briefdescription>
        <detaileddescription>
        </detaileddescription>
        <inbodydescription>
        </inbodydescription>
        <location file="relStatement.h" line="557" bodyfile="relStatement.h" bodystart="555" bodyend="557"/>
      </memberdef>
      <memberdef kind="function" id="classrelStmtExit_1a95dc91c38b8599356357650c32f36010" prot="public" static="no" const="no" explicit="no" inline="yes" virt="non-virtual">
        <type></type>
        <definition>relStmtExit::~relStmtExit</definition>
        <argsstring>()</argsstring>
        <name>~relStmtExit</name>
        <briefdescription>
        </briefdescription>
        <detaileddescription>
        </detaileddescription>
        <inbodydescription>
        </inbodydescription>
        <location file="relStatement.h" line="560" bodyfile="relStatement.h" bodystart="559" bodyend="562"/>
        <references refid="classrelStmtExit_1a810300ddcf5b9b359eef4e7a1341bf0c" compoundref="relStatement_8h" startline="552">mExitCode</references>
      </memberdef>
      <memberdef kind="function" id="classrelStmtExit_1ab02ddfa344349b8217be8997697ea9e3" prot="public" static="no" const="no" explicit="no" inline="yes" virt="virtual">
        <type>void</type>
        <definition>virtual void relStmtExit::interpret</definition>
        <argsstring>(bddSymTab *pSymTab)</argsstring>
        <name>interpret</name>
        <reimplements refid="classrelStatement_1a9b50ccc1d8f5a9df3dbe754be438f8da">interpret</reimplements>
        <param>
          <type><ref refid="classbddSymTab" kindref="compound">bddSymTab</ref> *</type>
          <declname>pSymTab</declname>
        </param>
        <briefdescription>
        </briefdescription>
        <detaileddescription>
        </detaileddescription>
        <inbodydescription>
        </inbodydescription>
        <location file="relStatement.h" line="566" bodyfile="relStatement.h" bodystart="565" bodyend="568"/>
        <references refid="classrelNumber_1a473ce9259c99163a37654d4051dbbd3c" compoundref="relNumber_8h" startline="51" endline="54">relNumber::getValue</references>
        <references refid="classrelNumExpr_1a7ce9c0b7d5a76a66666afba031af28f6">relNumExpr::interpret</references>
        <references refid="classrelStmtExit_1a810300ddcf5b9b359eef4e7a1341bf0c" compoundref="relStatement_8h" startline="552">mExitCode</references>
      </memberdef>
      </sectiondef>
    <briefdescription>
    </briefdescription>
    <detaileddescription>
    </detaileddescription>
    <inheritancegraph>
      <node id="487">
        <label>relStmtExit</label>
        <link refid="classrelStmtExit"/>
        <childnode refid="488" relation="public-inheritance">
        </childnode>
      </node>
      <node id="488">
        <label>relStatement</label>
        <link refid="classrelStatement"/>
        <childnode refid="489" relation="public-inheritance">
        </childnode>
      </node>
      <node id="489">
        <label>relObject</label>
        <link refid="classrelObject"/>
      </node>
    </inheritancegraph>
    <collaborationgraph>
      <node id="490">
        <label>relStmtExit</label>
        <link refid="classrelStmtExit"/>
        <childnode refid="491" relation="public-inheritance">
        </childnode>
        <childnode refid="494" relation="usage">
          <edgelabel>mExitCode</edgelabel>
        </childnode>
      </node>
      <node id="494">
        <label>relNumExpr</label>
        <link refid="classrelNumExpr"/>
        <childnode refid="492" relation="public-inheritance">
        </childnode>
      </node>
      <node id="491">
        <label>relStatement</label>
        <link refid="classrelStatement"/>
        <childnode refid="492" relation="public-inheritance">
        </childnode>
      </node>
      <node id="492">
        <label>relObject</label>
        <link refid="classrelObject"/>
        <childnode refid="493" relation="usage">
          <edgelabel>count</edgelabel>
        </childnode>
      </node>
      <node id="493">
        <label>static long</label>
      </node>
    </collaborationgraph>
    <location file="relStatement.h" line="550" bodyfile="relStatement.h" bodystart="549" bodyend="569"/>
    <listofallmembers>
      <member refid="classrelObject_1ad987378e185fff56551fb78be0a3e971" prot="public" virt="non-virtual"><scope>relStmtExit</scope><name>GetCount</name></member>
      <member refid="classrelStmtExit_1ab02ddfa344349b8217be8997697ea9e3" prot="public" virt="virtual"><scope>relStmtExit</scope><name>interpret</name></member>
      <member refid="classrelStmtExit_1a810300ddcf5b9b359eef4e7a1341bf0c" prot="private" virt="non-virtual"><scope>relStmtExit</scope><name>mExitCode</name></member>
      <member refid="classrelObject_1aa8fc3941bf9f84e8cf90a821cb0a2d15" prot="public" virt="non-virtual"><scope>relStmtExit</scope><name>relObject</name></member>
      <member refid="classrelObject_1a88249926871015e4149a7468ec845b99" prot="public" virt="non-virtual"><scope>relStmtExit</scope><name>relObject</name></member>
      <member refid="classrelStmtExit_1a9a1bfb4b68d960ae2ccb4c472b8bfa6f" prot="public" virt="non-virtual"><scope>relStmtExit</scope><name>relStmtExit</name></member>
      <member refid="classrelObject_1a4fb533b43971834655cd0cb1323f979b" prot="public" virt="virtual"><scope>relStmtExit</scope><name>~relObject</name></member>
      <member refid="classrelStmtExit_1a95dc91c38b8599356357650c32f36010" prot="public" virt="non-virtual"><scope>relStmtExit</scope><name>~relStmtExit</name></member>
    </listofallmembers>
  </compounddef>
</doxygen>
