<?xml version='1.0' encoding='UTF-8' standalone='no'?>
<doxygen xmlns:xsi="http://www.w3.org/2001/XMLSchema-instance" xsi:noNamespaceSchemaLocation="compound.xsd" version="1.6.1">
  <compounddef id="classrelPrintExprSeq" kind="class" prot="public">
    <compoundname>relPrintExprSeq</compoundname>
    <basecompoundref refid="classrelPrintExpr" prot="public" virt="non-virtual">relPrintExpr</basecompoundref>
    <includes refid="relPrintExpr_8h" local="no">relPrintExpr.h</includes>
      <sectiondef kind="private-attrib">
      <memberdef kind="variable" id="classrelPrintExprSeq_1ac598748ac49eadf5d891e40e22571d71" prot="private" static="no" mutable="no">
        <type><ref refid="classrelPrintExpr" kindref="compound">relPrintExpr</ref> *</type>
        <definition>relPrintExpr* relPrintExprSeq::mPrintExpr1</definition>
        <argsstring></argsstring>
        <name>mPrintExpr1</name>
        <briefdescription>
        </briefdescription>
        <detaileddescription>
        </detaileddescription>
        <inbodydescription>
        </inbodydescription>
        <location file="relPrintExpr.h" line="45" bodyfile="relPrintExpr.h" bodystart="45" bodyend="-1"/>
      </memberdef>
      <memberdef kind="variable" id="classrelPrintExprSeq_1a40cee833577f73d3f252f81dcb056e50" prot="private" static="no" mutable="no">
        <type><ref refid="classrelPrintExpr" kindref="compound">relPrintExpr</ref> *</type>
        <definition>relPrintExpr* relPrintExprSeq::mPrintExpr2</definition>
        <argsstring></argsstring>
        <name>mPrintExpr2</name>
        <briefdescription>
        </briefdescription>
        <detaileddescription>
        </detaileddescription>
        <inbodydescription>
        </inbodydescription>
        <location file="relPrintExpr.h" line="46" bodyfile="relPrintExpr.h" bodystart="46" bodyend="-1"/>
      </memberdef>
      </sectiondef>
      <sectiondef kind="public-func">
      <memberdef kind="function" id="classrelPrintExprSeq_1af6b753393ad9edd90b2df381a818ff02" prot="public" static="no" const="no" explicit="no" inline="yes" virt="non-virtual">
        <type></type>
        <definition>relPrintExprSeq::relPrintExprSeq</definition>
        <argsstring>(relPrintExpr *pPrintExpr1, relPrintExpr *pPrintExpr2)</argsstring>
        <name>relPrintExprSeq</name>
        <param>
          <type><ref refid="classrelPrintExpr" kindref="compound">relPrintExpr</ref> *</type>
          <declname>pPrintExpr1</declname>
        </param>
        <param>
          <type><ref refid="classrelPrintExpr" kindref="compound">relPrintExpr</ref> *</type>
          <declname>pPrintExpr2</declname>
        </param>
        <briefdescription>
        </briefdescription>
        <detaileddescription>
        </detaileddescription>
        <inbodydescription>
        </inbodydescription>
        <location file="relPrintExpr.h" line="52" bodyfile="relPrintExpr.h" bodystart="49" bodyend="52"/>
      </memberdef>
      <memberdef kind="function" id="classrelPrintExprSeq_1a1dc6025ca4c161327bc13efaed353390" prot="public" static="no" const="no" explicit="no" inline="yes" virt="non-virtual">
        <type></type>
        <definition>relPrintExprSeq::~relPrintExprSeq</definition>
        <argsstring>()</argsstring>
        <name>~relPrintExprSeq</name>
        <briefdescription>
        </briefdescription>
        <detaileddescription>
        </detaileddescription>
        <inbodydescription>
        </inbodydescription>
        <location file="relPrintExpr.h" line="55" bodyfile="relPrintExpr.h" bodystart="54" bodyend="58"/>
        <references refid="classrelPrintExprSeq_1ac598748ac49eadf5d891e40e22571d71" compoundref="relPrintExpr_8h" startline="45">mPrintExpr1</references>
        <references refid="classrelPrintExprSeq_1a40cee833577f73d3f252f81dcb056e50" compoundref="relPrintExpr_8h" startline="46">mPrintExpr2</references>
      </memberdef>
      <memberdef kind="function" id="classrelPrintExprSeq_1a55aa301899cefcfebc4a8058debd7824" prot="public" static="no" const="no" explicit="no" inline="yes" virt="virtual">
        <type>void</type>
        <definition>virtual void relPrintExprSeq::interpret</definition>
        <argsstring>(bddSymTab *pSymTab, ostream *pOut)</argsstring>
        <name>interpret</name>
        <reimplements refid="classrelPrintExpr_1a4bd82c6b6b055c068997368c18930d7f">interpret</reimplements>
        <param>
          <type><ref refid="classbddSymTab" kindref="compound">bddSymTab</ref> *</type>
          <declname>pSymTab</declname>
        </param>
        <param>
          <type>ostream *</type>
          <declname>pOut</declname>
        </param>
        <briefdescription>
        </briefdescription>
        <detaileddescription>
        </detaileddescription>
        <inbodydescription>
        </inbodydescription>
        <location file="relPrintExpr.h" line="62" bodyfile="relPrintExpr.h" bodystart="61" bodyend="65"/>
        <references refid="classrelPrintExpr_1a4bd82c6b6b055c068997368c18930d7f">relPrintExpr::interpret</references>
        <references refid="classrelPrintExprSeq_1ac598748ac49eadf5d891e40e22571d71" compoundref="relPrintExpr_8h" startline="45">mPrintExpr1</references>
        <references refid="classrelPrintExprSeq_1a40cee833577f73d3f252f81dcb056e50" compoundref="relPrintExpr_8h" startline="46">mPrintExpr2</references>
      </memberdef>
      </sectiondef>
    <briefdescription>
    </briefdescription>
    <detaileddescription>
    </detaileddescription>
    <inheritancegraph>
      <node id="389">
        <label>relPrintExprSeq</label>
        <link refid="classrelPrintExprSeq"/>
        <childnode refid="390" relation="public-inheritance">
        </childnode>
      </node>
      <node id="391">
        <label>relObject</label>
        <link refid="classrelObject"/>
      </node>
      <node id="390">
        <label>relPrintExpr</label>
        <link refid="classrelPrintExpr"/>
        <childnode refid="391" relation="public-inheritance">
        </childnode>
      </node>
    </inheritancegraph>
    <collaborationgraph>
      <node id="392">
        <label>relPrintExprSeq</label>
        <link refid="classrelPrintExprSeq"/>
        <childnode refid="393" relation="public-inheritance">
        </childnode>
        <childnode refid="393" relation="usage">
          <edgelabel>mPrintExpr1</edgelabel>
          <edgelabel>mPrintExpr2</edgelabel>
        </childnode>
      </node>
      <node id="394">
        <label>relObject</label>
        <link refid="classrelObject"/>
        <childnode refid="395" relation="usage">
          <edgelabel>count</edgelabel>
        </childnode>
      </node>
      <node id="395">
        <label>static long</label>
      </node>
      <node id="393">
        <label>relPrintExpr</label>
        <link refid="classrelPrintExpr"/>
        <childnode refid="394" relation="public-inheritance">
        </childnode>
      </node>
    </collaborationgraph>
    <location file="relPrintExpr.h" line="43" bodyfile="relPrintExpr.h" bodystart="42" bodyend="66"/>
    <listofallmembers>
      <member refid="classrelObject_1ad987378e185fff56551fb78be0a3e971" prot="public" virt="non-virtual"><scope>relPrintExprSeq</scope><name>GetCount</name></member>
      <member refid="classrelPrintExprSeq_1a55aa301899cefcfebc4a8058debd7824" prot="public" virt="virtual"><scope>relPrintExprSeq</scope><name>interpret</name></member>
      <member refid="classrelPrintExprSeq_1ac598748ac49eadf5d891e40e22571d71" prot="private" virt="non-virtual"><scope>relPrintExprSeq</scope><name>mPrintExpr1</name></member>
      <member refid="classrelPrintExprSeq_1a40cee833577f73d3f252f81dcb056e50" prot="private" virt="non-virtual"><scope>relPrintExprSeq</scope><name>mPrintExpr2</name></member>
      <member refid="classrelObject_1aa8fc3941bf9f84e8cf90a821cb0a2d15" prot="public" virt="non-virtual"><scope>relPrintExprSeq</scope><name>relObject</name></member>
      <member refid="classrelObject_1a88249926871015e4149a7468ec845b99" prot="public" virt="non-virtual"><scope>relPrintExprSeq</scope><name>relObject</name></member>
      <member refid="classrelPrintExprSeq_1af6b753393ad9edd90b2df381a818ff02" prot="public" virt="non-virtual"><scope>relPrintExprSeq</scope><name>relPrintExprSeq</name></member>
      <member refid="classrelObject_1a4fb533b43971834655cd0cb1323f979b" prot="public" virt="virtual"><scope>relPrintExprSeq</scope><name>~relObject</name></member>
      <member refid="classrelPrintExprSeq_1a1dc6025ca4c161327bc13efaed353390" prot="public" virt="non-virtual"><scope>relPrintExprSeq</scope><name>~relPrintExprSeq</name></member>
    </listofallmembers>
  </compounddef>
</doxygen>
