<?xml version='1.0' encoding='UTF-8' standalone='no'?>
<doxygen xmlns:xsi="http://www.w3.org/2001/XMLSchema-instance" xsi:noNamespaceSchemaLocation="compound.xsd" version="1.6.1">
  <compounddef id="classrelPrintExprString" kind="class" prot="public">
    <compoundname>relPrintExprString</compoundname>
    <basecompoundref refid="classrelPrintExpr" prot="public" virt="non-virtual">relPrintExpr</basecompoundref>
    <includes refid="relPrintExpr_8h" local="no">relPrintExpr.h</includes>
      <sectiondef kind="private-attrib">
      <memberdef kind="variable" id="classrelPrintExprString_1ab2660c277619d7da33173206c008b028" prot="private" static="no" mutable="no">
        <type><ref refid="classrelStrExpr" kindref="compound">relStrExpr</ref> *</type>
        <definition>relStrExpr* relPrintExprString::mExpr</definition>
        <argsstring></argsstring>
        <name>mExpr</name>
        <briefdescription>
        </briefdescription>
        <detaileddescription>
        </detaileddescription>
        <inbodydescription>
        </inbodydescription>
        <location file="relPrintExpr.h" line="91" bodyfile="relPrintExpr.h" bodystart="91" bodyend="-1"/>
      </memberdef>
      </sectiondef>
      <sectiondef kind="public-func">
      <memberdef kind="function" id="classrelPrintExprString_1abd3c8406abb7eef902ffcae28daf6776" prot="public" static="no" const="no" explicit="no" inline="yes" virt="non-virtual">
        <type></type>
        <definition>relPrintExprString::relPrintExprString</definition>
        <argsstring>(relStrExpr *pExpr)</argsstring>
        <name>relPrintExprString</name>
        <param>
          <type><ref refid="classrelStrExpr" kindref="compound">relStrExpr</ref> *</type>
          <declname>pExpr</declname>
        </param>
        <briefdescription>
        </briefdescription>
        <detaileddescription>
        </detaileddescription>
        <inbodydescription>
        </inbodydescription>
        <location file="relPrintExpr.h" line="96" bodyfile="relPrintExpr.h" bodystart="94" bodyend="96"/>
      </memberdef>
      <memberdef kind="function" id="classrelPrintExprString_1aa829742c21b19c315bdeafa4270e952a" prot="public" static="no" const="no" explicit="no" inline="yes" virt="non-virtual">
        <type></type>
        <definition>relPrintExprString::~relPrintExprString</definition>
        <argsstring>()</argsstring>
        <name>~relPrintExprString</name>
        <briefdescription>
        </briefdescription>
        <detaileddescription>
        </detaileddescription>
        <inbodydescription>
        </inbodydescription>
        <location file="relPrintExpr.h" line="99" bodyfile="relPrintExpr.h" bodystart="98" bodyend="101"/>
        <references refid="classrelPrintExprString_1ab2660c277619d7da33173206c008b028" compoundref="relPrintExpr_8h" startline="91">mExpr</references>
      </memberdef>
      <memberdef kind="function" id="classrelPrintExprString_1a27a9cc355f5f1074e179f9c272d4638a" prot="public" static="no" const="no" explicit="no" inline="yes" virt="virtual">
        <type>void</type>
        <definition>virtual void relPrintExprString::interpret</definition>
        <argsstring>(bddSymTab *pSymTab, ostream *pOut)</argsstring>
        <name>interpret</name>
        <reimplements refid="classrelPrintExpr_1a4bd82c6b6b055c068997368c18930d7f">interpret</reimplements>
        <param>
          <type><ref refid="classbddSymTab" kindref="compound">bddSymTab</ref> *</type>
          <declname>pSymTab</declname>
        </param>
        <param>
          <type>ostream *</type>
          <declname>pOut</declname>
        </param>
        <briefdescription>
        </briefdescription>
        <detaileddescription>
        </detaileddescription>
        <inbodydescription>
        </inbodydescription>
        <location file="relPrintExpr.h" line="105" bodyfile="relPrintExpr.h" bodystart="104" bodyend="108"/>
        <references refid="crocopat_8cpp_1a92c4a8dafce942b863e49715ceea637b" compoundref="crocopat_8cpp" startline="65">gAttributePrefix</references>
        <references refid="classrelString_1a93c23e805fb42d32daa545436bf93473" compoundref="relString_8h" startline="51" endline="54">relString::getValue</references>
        <references refid="classrelStrExpr_1a0602ca1fd170fd99c43c1d59e9180c55">relStrExpr::interpret</references>
        <references refid="classrelPrintExprString_1ab2660c277619d7da33173206c008b028" compoundref="relPrintExpr_8h" startline="91">mExpr</references>
        <references refid="classbddSymTab_1a2d9b02e91e849f7c1efbe90f0133735d" compoundref="bddSymTab_8h" startline="232" endline="252">bddSymTab::removeUserAttributes</references>
      </memberdef>
      </sectiondef>
    <briefdescription>
    </briefdescription>
    <detaileddescription>
    </detaileddescription>
    <inheritancegraph>
      <node id="396">
        <label>relPrintExprString</label>
        <link refid="classrelPrintExprString"/>
        <childnode refid="397" relation="public-inheritance">
        </childnode>
      </node>
      <node id="398">
        <label>relObject</label>
        <link refid="classrelObject"/>
      </node>
      <node id="397">
        <label>relPrintExpr</label>
        <link refid="classrelPrintExpr"/>
        <childnode refid="398" relation="public-inheritance">
        </childnode>
      </node>
    </inheritancegraph>
    <collaborationgraph>
      <node id="403">
        <label>relStrExpr</label>
        <link refid="classrelStrExpr"/>
        <childnode refid="401" relation="public-inheritance">
        </childnode>
      </node>
      <node id="399">
        <label>relPrintExprString</label>
        <link refid="classrelPrintExprString"/>
        <childnode refid="400" relation="public-inheritance">
        </childnode>
        <childnode refid="403" relation="usage">
          <edgelabel>mExpr</edgelabel>
        </childnode>
      </node>
      <node id="401">
        <label>relObject</label>
        <link refid="classrelObject"/>
        <childnode refid="402" relation="usage">
          <edgelabel>count</edgelabel>
        </childnode>
      </node>
      <node id="402">
        <label>static long</label>
      </node>
      <node id="400">
        <label>relPrintExpr</label>
        <link refid="classrelPrintExpr"/>
        <childnode refid="401" relation="public-inheritance">
        </childnode>
      </node>
    </collaborationgraph>
    <location file="relPrintExpr.h" line="89" bodyfile="relPrintExpr.h" bodystart="88" bodyend="109"/>
    <listofallmembers>
      <member refid="classrelObject_1ad987378e185fff56551fb78be0a3e971" prot="public" virt="non-virtual"><scope>relPrintExprString</scope><name>GetCount</name></member>
      <member refid="classrelPrintExprString_1a27a9cc355f5f1074e179f9c272d4638a" prot="public" virt="virtual"><scope>relPrintExprString</scope><name>interpret</name></member>
      <member refid="classrelPrintExprString_1ab2660c277619d7da33173206c008b028" prot="private" virt="non-virtual"><scope>relPrintExprString</scope><name>mExpr</name></member>
      <member refid="classrelObject_1aa8fc3941bf9f84e8cf90a821cb0a2d15" prot="public" virt="non-virtual"><scope>relPrintExprString</scope><name>relObject</name></member>
      <member refid="classrelObject_1a88249926871015e4149a7468ec845b99" prot="public" virt="non-virtual"><scope>relPrintExprString</scope><name>relObject</name></member>
      <member refid="classrelPrintExprString_1abd3c8406abb7eef902ffcae28daf6776" prot="public" virt="non-virtual"><scope>relPrintExprString</scope><name>relPrintExprString</name></member>
      <member refid="classrelObject_1a4fb533b43971834655cd0cb1323f979b" prot="public" virt="virtual"><scope>relPrintExprString</scope><name>~relObject</name></member>
      <member refid="classrelPrintExprString_1aa829742c21b19c315bdeafa4270e952a" prot="public" virt="non-virtual"><scope>relPrintExprString</scope><name>~relPrintExprString</name></member>
    </listofallmembers>
  </compounddef>
</doxygen>
