<?xml version='1.0' encoding='UTF-8' standalone='no'?>
<doxygen xmlns:xsi="http://www.w3.org/2001/XMLSchema-instance" xsi:noNamespaceSchemaLocation="compound.xsd" version="1.6.1">
  <compounddef id="classrelStrExprNum" kind="class" prot="public">
    <compoundname>relStrExprNum</compoundname>
    <basecompoundref refid="classrelStrExpr" prot="public" virt="non-virtual">relStrExpr</basecompoundref>
    <includes refid="relStrExpr_8h" local="no">relStrExpr.h</includes>
      <sectiondef kind="private-attrib">
      <memberdef kind="variable" id="classrelStrExprNum_1a09e0e31ca0c020800060b667b01678e6" prot="private" static="no" mutable="no">
        <type><ref refid="classrelNumExpr" kindref="compound">relNumExpr</ref> *</type>
        <definition>relNumExpr* relStrExprNum::mExpr</definition>
        <argsstring></argsstring>
        <name>mExpr</name>
        <briefdescription>
        </briefdescription>
        <detaileddescription>
        </detaileddescription>
        <inbodydescription>
        </inbodydescription>
        <location file="relStrExpr.h" line="174" bodyfile="relStrExpr.h" bodystart="174" bodyend="-1"/>
      </memberdef>
      </sectiondef>
      <sectiondef kind="public-func">
      <memberdef kind="function" id="classrelStrExprNum_1ae045ea29d2a889e5041ea52d22d64cd8" prot="public" static="no" const="no" explicit="no" inline="yes" virt="non-virtual">
        <type></type>
        <definition>relStrExprNum::relStrExprNum</definition>
        <argsstring>(relNumExpr *pExpr)</argsstring>
        <name>relStrExprNum</name>
        <param>
          <type><ref refid="classrelNumExpr" kindref="compound">relNumExpr</ref> *</type>
          <declname>pExpr</declname>
        </param>
        <briefdescription>
        </briefdescription>
        <detaileddescription>
        </detaileddescription>
        <inbodydescription>
        </inbodydescription>
        <location file="relStrExpr.h" line="179" bodyfile="relStrExpr.h" bodystart="177" bodyend="179"/>
      </memberdef>
      <memberdef kind="function" id="classrelStrExprNum_1a52569fba6bb13440af038bfeed579970" prot="public" static="no" const="no" explicit="no" inline="yes" virt="non-virtual">
        <type></type>
        <definition>relStrExprNum::~relStrExprNum</definition>
        <argsstring>()</argsstring>
        <name>~relStrExprNum</name>
        <briefdescription>
        </briefdescription>
        <detaileddescription>
        </detaileddescription>
        <inbodydescription>
        </inbodydescription>
        <location file="relStrExpr.h" line="182" bodyfile="relStrExpr.h" bodystart="181" bodyend="184"/>
        <references refid="classrelStrExprNum_1a09e0e31ca0c020800060b667b01678e6" compoundref="relStrExpr_8h" startline="174">mExpr</references>
      </memberdef>
      <memberdef kind="function" id="classrelStrExprNum_1a1e7b075d7e716506716c4434f8a0ccfd" prot="public" static="no" const="no" explicit="no" inline="yes" virt="virtual">
        <type><ref refid="classrelString" kindref="compound">relString</ref></type>
        <definition>virtual relString relStrExprNum::interpret</definition>
        <argsstring>(bddSymTab *pSymTab)</argsstring>
        <name>interpret</name>
        <reimplements refid="classrelStrExpr_1a0602ca1fd170fd99c43c1d59e9180c55">interpret</reimplements>
        <param>
          <type><ref refid="classbddSymTab" kindref="compound">bddSymTab</ref> *</type>
          <declname>pSymTab</declname>
        </param>
        <briefdescription>
        </briefdescription>
        <detaileddescription>
        </detaileddescription>
        <inbodydescription>
        </inbodydescription>
        <location file="relStrExpr.h" line="188" bodyfile="relStrExpr.h" bodystart="187" bodyend="190"/>
        <references refid="crocopat_8cpp_1a817bb33a67c398a4568ea0d74b19e7f9" compoundref="crocopat_8cpp" startline="85" endline="92">double2string</references>
        <references refid="classrelNumber_1a473ce9259c99163a37654d4051dbbd3c" compoundref="relNumber_8h" startline="51" endline="54">relNumber::getValue</references>
        <references refid="classrelNumExpr_1a7ce9c0b7d5a76a66666afba031af28f6">relNumExpr::interpret</references>
        <references refid="classrelStrExprNum_1a09e0e31ca0c020800060b667b01678e6" compoundref="relStrExpr_8h" startline="174">mExpr</references>
      </memberdef>
      </sectiondef>
    <briefdescription>
    </briefdescription>
    <detaileddescription>
    </detaileddescription>
    <inheritancegraph>
      <node id="580">
        <label>relStrExprNum</label>
        <link refid="classrelStrExprNum"/>
        <childnode refid="581" relation="public-inheritance">
        </childnode>
      </node>
      <node id="581">
        <label>relStrExpr</label>
        <link refid="classrelStrExpr"/>
        <childnode refid="582" relation="public-inheritance">
        </childnode>
      </node>
      <node id="582">
        <label>relObject</label>
        <link refid="classrelObject"/>
      </node>
    </inheritancegraph>
    <collaborationgraph>
      <node id="583">
        <label>relStrExprNum</label>
        <link refid="classrelStrExprNum"/>
        <childnode refid="584" relation="public-inheritance">
        </childnode>
        <childnode refid="587" relation="usage">
          <edgelabel>mExpr</edgelabel>
        </childnode>
      </node>
      <node id="584">
        <label>relStrExpr</label>
        <link refid="classrelStrExpr"/>
        <childnode refid="585" relation="public-inheritance">
        </childnode>
      </node>
      <node id="587">
        <label>relNumExpr</label>
        <link refid="classrelNumExpr"/>
        <childnode refid="585" relation="public-inheritance">
        </childnode>
      </node>
      <node id="585">
        <label>relObject</label>
        <link refid="classrelObject"/>
        <childnode refid="586" relation="usage">
          <edgelabel>count</edgelabel>
        </childnode>
      </node>
      <node id="586">
        <label>static long</label>
      </node>
    </collaborationgraph>
    <location file="relStrExpr.h" line="172" bodyfile="relStrExpr.h" bodystart="171" bodyend="191"/>
    <listofallmembers>
      <member refid="classrelObject_1ad987378e185fff56551fb78be0a3e971" prot="public" virt="non-virtual"><scope>relStrExprNum</scope><name>GetCount</name></member>
      <member refid="classrelStrExprNum_1a1e7b075d7e716506716c4434f8a0ccfd" prot="public" virt="virtual"><scope>relStrExprNum</scope><name>interpret</name></member>
      <member refid="classrelStrExprNum_1a09e0e31ca0c020800060b667b01678e6" prot="private" virt="non-virtual"><scope>relStrExprNum</scope><name>mExpr</name></member>
      <member refid="classrelObject_1aa8fc3941bf9f84e8cf90a821cb0a2d15" prot="public" virt="non-virtual"><scope>relStrExprNum</scope><name>relObject</name></member>
      <member refid="classrelObject_1a88249926871015e4149a7468ec845b99" prot="public" virt="non-virtual"><scope>relStrExprNum</scope><name>relObject</name></member>
      <member refid="classrelStrExprNum_1ae045ea29d2a889e5041ea52d22d64cd8" prot="public" virt="non-virtual"><scope>relStrExprNum</scope><name>relStrExprNum</name></member>
      <member refid="classrelObject_1a4fb533b43971834655cd0cb1323f979b" prot="public" virt="virtual"><scope>relStrExprNum</scope><name>~relObject</name></member>
      <member refid="classrelStrExprNum_1a52569fba6bb13440af038bfeed579970" prot="public" virt="non-virtual"><scope>relStrExprNum</scope><name>~relStrExprNum</name></member>
    </listofallmembers>
  </compounddef>
</doxygen>
