<?xml version='1.0' encoding='UTF-8' standalone='no'?>
<doxygen xmlns:xsi="http://www.w3.org/2001/XMLSchema-instance" xsi:noNamespaceSchemaLocation="compound.xsd" version="1.6.1">
  <compounddef id="classrelStmtWhile" kind="class" prot="public">
    <compoundname>relStmtWhile</compoundname>
    <basecompoundref refid="classrelStatement" prot="public" virt="non-virtual">relStatement</basecompoundref>
    <includes refid="relStatement_8h" local="no">relStatement.h</includes>
      <sectiondef kind="private-attrib">
      <memberdef kind="variable" id="classrelStmtWhile_1a2469b0c1d5611bb26ab2cfb5cddf5f09" prot="private" static="no" mutable="no">
        <type><ref refid="classrelExpression" kindref="compound">relExpression</ref> *</type>
        <definition>relExpression* relStmtWhile::mExpr</definition>
        <argsstring></argsstring>
        <name>mExpr</name>
        <briefdescription>
        </briefdescription>
        <detaileddescription>
        </detaileddescription>
        <inbodydescription>
        </inbodydescription>
        <location file="relStatement.h" line="442" bodyfile="relStatement.h" bodystart="442" bodyend="-1"/>
      </memberdef>
      <memberdef kind="variable" id="classrelStmtWhile_1a1df7b2a2e029ea856060fbc6b1439765" prot="private" static="no" mutable="no">
        <type><ref refid="classrelStatement" kindref="compound">relStatement</ref> *</type>
        <definition>relStatement* relStmtWhile::mStmt</definition>
        <argsstring></argsstring>
        <name>mStmt</name>
        <briefdescription>
        </briefdescription>
        <detaileddescription>
        </detaileddescription>
        <inbodydescription>
        </inbodydescription>
        <location file="relStatement.h" line="443" bodyfile="relStatement.h" bodystart="443" bodyend="-1"/>
      </memberdef>
      </sectiondef>
      <sectiondef kind="public-func">
      <memberdef kind="function" id="classrelStmtWhile_1a196477e87e2acfec99298a6accb5edd6" prot="public" static="no" const="no" explicit="no" inline="yes" virt="non-virtual">
        <type></type>
        <definition>relStmtWhile::relStmtWhile</definition>
        <argsstring>(relExpression *pExpr, relStatement *pStmt)</argsstring>
        <name>relStmtWhile</name>
        <param>
          <type><ref refid="classrelExpression" kindref="compound">relExpression</ref> *</type>
          <declname>pExpr</declname>
        </param>
        <param>
          <type><ref refid="classrelStatement" kindref="compound">relStatement</ref> *</type>
          <declname>pStmt</declname>
        </param>
        <briefdescription>
        </briefdescription>
        <detaileddescription>
        </detaileddescription>
        <inbodydescription>
        </inbodydescription>
        <location file="relStatement.h" line="449" bodyfile="relStatement.h" bodystart="445" bodyend="449"/>
      </memberdef>
      <memberdef kind="function" id="classrelStmtWhile_1a2be1b1365ede1c59051321934b31fddf" prot="public" static="no" const="no" explicit="no" inline="yes" virt="non-virtual">
        <type></type>
        <definition>relStmtWhile::~relStmtWhile</definition>
        <argsstring>()</argsstring>
        <name>~relStmtWhile</name>
        <briefdescription>
        </briefdescription>
        <detaileddescription>
        </detaileddescription>
        <inbodydescription>
        </inbodydescription>
        <location file="relStatement.h" line="452" bodyfile="relStatement.h" bodystart="451" bodyend="455"/>
        <references refid="classrelStmtWhile_1a2469b0c1d5611bb26ab2cfb5cddf5f09" compoundref="relStatement_8h" startline="442">mExpr</references>
        <references refid="classrelStmtWhile_1a1df7b2a2e029ea856060fbc6b1439765" compoundref="relStatement_8h" startline="443">mStmt</references>
      </memberdef>
      <memberdef kind="function" id="classrelStmtWhile_1a642b71da84c0e36f360ed3308ae44184" prot="public" static="no" const="no" explicit="no" inline="yes" virt="virtual">
        <type>void</type>
        <definition>virtual void relStmtWhile::interpret</definition>
        <argsstring>(bddSymTab *pSymTab)</argsstring>
        <name>interpret</name>
        <reimplements refid="classrelStatement_1a9b50ccc1d8f5a9df3dbe754be438f8da">interpret</reimplements>
        <param>
          <type><ref refid="classbddSymTab" kindref="compound">bddSymTab</ref> *</type>
          <declname>pSymTab</declname>
        </param>
        <briefdescription>
        </briefdescription>
        <detaileddescription>
        </detaileddescription>
        <inbodydescription>
        </inbodydescription>
        <location file="relStatement.h" line="459" bodyfile="relStatement.h" bodystart="458" bodyend="476"/>
        <references refid="crocopat_8cpp_1a92c4a8dafce942b863e49715ceea637b" compoundref="crocopat_8cpp" startline="65">gAttributePrefix</references>
        <references refid="crocopat_8cpp_1a92c8b6d3e0236f73e872068b12be9f0f" compoundref="crocopat_8cpp" startline="58">gPrintWarnings</references>
        <references refid="classrelStatement_1a9b50ccc1d8f5a9df3dbe754be438f8da">relStatement::interpret</references>
        <references refid="classrelExpression_1a2659d1b3b785d5d00993a0364577bc61">relExpression::interpret</references>
        <references refid="classrelStmtWhile_1a2469b0c1d5611bb26ab2cfb5cddf5f09" compoundref="relStatement_8h" startline="442">mExpr</references>
        <references refid="classrelStmtWhile_1a1df7b2a2e029ea856060fbc6b1439765" compoundref="relStatement_8h" startline="443">mStmt</references>
        <references refid="classbddSymTab_1a2d9b02e91e849f7c1efbe90f0133735d" compoundref="bddSymTab_8h" startline="232" endline="252">bddSymTab::removeUserAttributes</references>
        <references refid="classbddRelation_1a230afed75845fcfb9f9246c032f6e26f" compoundref="bddRelation_8h" startline="305" endline="307">bddRelation::setEqual</references>
      </memberdef>
      </sectiondef>
    <briefdescription>
    </briefdescription>
    <detaileddescription>
    </detaileddescription>
    <inheritancegraph>
      <node id="529">
        <label>relStmtWhile</label>
        <link refid="classrelStmtWhile"/>
        <childnode refid="530" relation="public-inheritance">
        </childnode>
      </node>
      <node id="530">
        <label>relStatement</label>
        <link refid="classrelStatement"/>
        <childnode refid="531" relation="public-inheritance">
        </childnode>
      </node>
      <node id="531">
        <label>relObject</label>
        <link refid="classrelObject"/>
      </node>
    </inheritancegraph>
    <collaborationgraph>
      <node id="536">
        <label>relExpression</label>
        <link refid="classrelExpression"/>
        <childnode refid="534" relation="public-inheritance">
        </childnode>
      </node>
      <node id="532">
        <label>relStmtWhile</label>
        <link refid="classrelStmtWhile"/>
        <childnode refid="533" relation="public-inheritance">
        </childnode>
        <childnode refid="533" relation="usage">
          <edgelabel>mStmt</edgelabel>
        </childnode>
        <childnode refid="536" relation="usage">
          <edgelabel>mExpr</edgelabel>
        </childnode>
      </node>
      <node id="533">
        <label>relStatement</label>
        <link refid="classrelStatement"/>
        <childnode refid="534" relation="public-inheritance">
        </childnode>
      </node>
      <node id="534">
        <label>relObject</label>
        <link refid="classrelObject"/>
        <childnode refid="535" relation="usage">
          <edgelabel>count</edgelabel>
        </childnode>
      </node>
      <node id="535">
        <label>static long</label>
      </node>
    </collaborationgraph>
    <location file="relStatement.h" line="440" bodyfile="relStatement.h" bodystart="439" bodyend="477"/>
    <listofallmembers>
      <member refid="classrelObject_1ad987378e185fff56551fb78be0a3e971" prot="public" virt="non-virtual"><scope>relStmtWhile</scope><name>GetCount</name></member>
      <member refid="classrelStmtWhile_1a642b71da84c0e36f360ed3308ae44184" prot="public" virt="virtual"><scope>relStmtWhile</scope><name>interpret</name></member>
      <member refid="classrelStmtWhile_1a2469b0c1d5611bb26ab2cfb5cddf5f09" prot="private" virt="non-virtual"><scope>relStmtWhile</scope><name>mExpr</name></member>
      <member refid="classrelStmtWhile_1a1df7b2a2e029ea856060fbc6b1439765" prot="private" virt="non-virtual"><scope>relStmtWhile</scope><name>mStmt</name></member>
      <member refid="classrelObject_1aa8fc3941bf9f84e8cf90a821cb0a2d15" prot="public" virt="non-virtual"><scope>relStmtWhile</scope><name>relObject</name></member>
      <member refid="classrelObject_1a88249926871015e4149a7468ec845b99" prot="public" virt="non-virtual"><scope>relStmtWhile</scope><name>relObject</name></member>
      <member refid="classrelStmtWhile_1a196477e87e2acfec99298a6accb5edd6" prot="public" virt="non-virtual"><scope>relStmtWhile</scope><name>relStmtWhile</name></member>
      <member refid="classrelObject_1a4fb533b43971834655cd0cb1323f979b" prot="public" virt="virtual"><scope>relStmtWhile</scope><name>~relObject</name></member>
      <member refid="classrelStmtWhile_1a2be1b1365ede1c59051321934b31fddf" prot="public" virt="non-virtual"><scope>relStmtWhile</scope><name>~relStmtWhile</name></member>
    </listofallmembers>
  </compounddef>
</doxygen>
