<?xml version='1.0' encoding='UTF-8' standalone='no'?>
<doxygen xmlns:xsi="http://www.w3.org/2001/XMLSchema-instance" xsi:noNamespaceSchemaLocation="compound.xsd" version="1.6.1">
  <compounddef id="classrelNumExpr" kind="class" prot="public">
    <compoundname>relNumExpr</compoundname>
    <basecompoundref refid="classrelObject" prot="public" virt="non-virtual">relObject</basecompoundref>
    <derivedcompoundref refid="classrelNumExprBinOp" prot="public" virt="non-virtual">relNumExprBinOp</derivedcompoundref>
    <derivedcompoundref refid="classrelNumExprConst" prot="public" virt="non-virtual">relNumExprConst</derivedcompoundref>
    <derivedcompoundref refid="classrelNumExprRound" prot="public" virt="non-virtual">relNumExprRound</derivedcompoundref>
    <derivedcompoundref refid="classrelNumExprStr" prot="public" virt="non-virtual">relNumExprStr</derivedcompoundref>
    <derivedcompoundref refid="classrelNumExprTimeElapsed" prot="public" virt="non-virtual">relNumExprTimeElapsed</derivedcompoundref>
    <derivedcompoundref refid="classrelNumExprUnOp" prot="public" virt="non-virtual">relNumExprUnOp</derivedcompoundref>
    <derivedcompoundref refid="classrelNumExprVar" prot="public" virt="non-virtual">relNumExprVar</derivedcompoundref>
    <includes refid="relNumExpr_8h" local="no">relNumExpr.h</includes>
      <sectiondef kind="public-func">
      <memberdef kind="function" id="classrelNumExpr_1a7ce9c0b7d5a76a66666afba031af28f6" prot="public" static="no" const="no" explicit="no" inline="no" virt="pure-virtual">
        <type><ref refid="classrelNumber" kindref="compound">relNumber</ref></type>
        <definition>virtual relNumber relNumExpr::interpret</definition>
        <argsstring>(bddSymTab *pSymTab)=0</argsstring>
        <name>interpret</name>
        <reimplementedby refid="classrelNumExprTimeElapsed_1acfc4864762fdb76ed637ba69df4ccc6c">interpret</reimplementedby>
        <reimplementedby refid="classrelNumExprStr_1a8a2714901aa816e05b46efc14b05e4ce">interpret</reimplementedby>
        <reimplementedby refid="classrelNumExprRound_1a799e9b57212880817b72d0a6d0c9ee43">interpret</reimplementedby>
        <reimplementedby refid="classrelNumExprBinOp_1aeddd6d6de0823c84153c381f20124dfa">interpret</reimplementedby>
        <reimplementedby refid="classrelNumExprUnOp_1aae8305e4082f0d40388e316b32f4ca32">interpret</reimplementedby>
        <reimplementedby refid="classrelNumExprConst_1afae54742ed0033e65e953559956a1cac">interpret</reimplementedby>
        <reimplementedby refid="classrelNumExprVar_1aaa1b50d3d2bd8b7a00867107e4f37c26">interpret</reimplementedby>
        <param>
          <type><ref refid="classbddSymTab" kindref="compound">bddSymTab</ref> *</type>
          <declname>pSymTab</declname>
        </param>
        <briefdescription>
        </briefdescription>
        <detaileddescription>
        </detaileddescription>
        <inbodydescription>
        </inbodydescription>
        <location file="relNumExpr.h" line="54"/>
      </memberdef>
      </sectiondef>
    <briefdescription>
    </briefdescription>
    <detaileddescription>
    </detaileddescription>
    <inheritancegraph>
      <node id="196">
        <label>relNumExpr</label>
        <link refid="classrelNumExpr"/>
        <childnode refid="197" relation="public-inheritance">
        </childnode>
      </node>
      <node id="198">
        <label>relNumExprBinOp</label>
        <link refid="classrelNumExprBinOp"/>
        <childnode refid="196" relation="public-inheritance">
        </childnode>
      </node>
      <node id="199">
        <label>relNumExprConst</label>
        <link refid="classrelNumExprConst"/>
        <childnode refid="196" relation="public-inheritance">
        </childnode>
      </node>
      <node id="201">
        <label>relNumExprStr</label>
        <link refid="classrelNumExprStr"/>
        <childnode refid="196" relation="public-inheritance">
        </childnode>
      </node>
      <node id="197">
        <label>relObject</label>
        <link refid="classrelObject"/>
      </node>
      <node id="202">
        <label>relNumExprTimeElapsed</label>
        <link refid="classrelNumExprTimeElapsed"/>
        <childnode refid="196" relation="public-inheritance">
        </childnode>
      </node>
      <node id="203">
        <label>relNumExprUnOp</label>
        <link refid="classrelNumExprUnOp"/>
        <childnode refid="196" relation="public-inheritance">
        </childnode>
      </node>
      <node id="200">
        <label>relNumExprRound</label>
        <link refid="classrelNumExprRound"/>
        <childnode refid="196" relation="public-inheritance">
        </childnode>
      </node>
      <node id="204">
        <label>relNumExprVar</label>
        <link refid="classrelNumExprVar"/>
        <childnode refid="196" relation="public-inheritance">
        </childnode>
      </node>
    </inheritancegraph>
    <collaborationgraph>
      <node id="205">
        <label>relNumExpr</label>
        <link refid="classrelNumExpr"/>
        <childnode refid="206" relation="public-inheritance">
        </childnode>
      </node>
      <node id="206">
        <label>relObject</label>
        <link refid="classrelObject"/>
        <childnode refid="207" relation="usage">
          <edgelabel>count</edgelabel>
        </childnode>
      </node>
      <node id="207">
        <label>static long</label>
      </node>
    </collaborationgraph>
    <location file="relNumExpr.h" line="51" bodyfile="relNumExpr.h" bodystart="50" bodyend="55"/>
    <listofallmembers>
      <member refid="classrelObject_1ad987378e185fff56551fb78be0a3e971" prot="public" virt="non-virtual"><scope>relNumExpr</scope><name>GetCount</name></member>
      <member refid="classrelNumExpr_1a7ce9c0b7d5a76a66666afba031af28f6" prot="public" virt="pure-virtual"><scope>relNumExpr</scope><name>interpret</name></member>
      <member refid="classrelObject_1aa8fc3941bf9f84e8cf90a821cb0a2d15" prot="public" virt="non-virtual"><scope>relNumExpr</scope><name>relObject</name></member>
      <member refid="classrelObject_1a88249926871015e4149a7468ec845b99" prot="public" virt="non-virtual"><scope>relNumExpr</scope><name>relObject</name></member>
      <member refid="classrelObject_1a4fb533b43971834655cd0cb1323f979b" prot="public" virt="virtual"><scope>relNumExpr</scope><name>~relObject</name></member>
    </listofallmembers>
  </compounddef>
</doxygen>
