<?xml version='1.0' encoding='UTF-8' standalone='no'?>
<doxygen xmlns:xsi="http://www.w3.org/2001/XMLSchema-instance" xsi:noNamespaceSchemaLocation="compound.xsd" version="1.6.1">
  <compounddef id="classrelNumExprRound" kind="class" prot="public">
    <compoundname>relNumExprRound</compoundname>
    <basecompoundref refid="classrelNumExpr" prot="public" virt="non-virtual">relNumExpr</basecompoundref>
    <includes refid="relNumExpr_8h" local="no">relNumExpr.h</includes>
      <sectiondef kind="private-attrib">
      <memberdef kind="variable" id="classrelNumExprRound_1a2c49fb1a5c639531ba2a7dca9b9d9831" prot="private" static="no" mutable="no">
        <type><ref refid="classrelNumExpr" kindref="compound">relNumExpr</ref> *</type>
        <definition>relNumExpr* relNumExprRound::mExpr</definition>
        <argsstring></argsstring>
        <name>mExpr</name>
        <briefdescription>
        </briefdescription>
        <detaileddescription>
        </detaileddescription>
        <inbodydescription>
        </inbodydescription>
        <location file="relNumExpr.h" line="184" bodyfile="relNumExpr.h" bodystart="184" bodyend="-1"/>
      </memberdef>
      </sectiondef>
      <sectiondef kind="public-func">
      <memberdef kind="function" id="classrelNumExprRound_1aa00e1e3e21751feee76e1f4833847b8c" prot="public" static="no" const="no" explicit="no" inline="yes" virt="non-virtual">
        <type></type>
        <definition>relNumExprRound::relNumExprRound</definition>
        <argsstring>(relNumExpr *pExpr)</argsstring>
        <name>relNumExprRound</name>
        <param>
          <type><ref refid="classrelNumExpr" kindref="compound">relNumExpr</ref> *</type>
          <declname>pExpr</declname>
        </param>
        <briefdescription>
        </briefdescription>
        <detaileddescription>
        </detaileddescription>
        <inbodydescription>
        </inbodydescription>
        <location file="relNumExpr.h" line="189" bodyfile="relNumExpr.h" bodystart="187" bodyend="189"/>
      </memberdef>
      <memberdef kind="function" id="classrelNumExprRound_1a2cae204683cc9256e709e394761a5a4e" prot="public" static="no" const="no" explicit="no" inline="yes" virt="non-virtual">
        <type></type>
        <definition>relNumExprRound::~relNumExprRound</definition>
        <argsstring>()</argsstring>
        <name>~relNumExprRound</name>
        <briefdescription>
        </briefdescription>
        <detaileddescription>
        </detaileddescription>
        <inbodydescription>
        </inbodydescription>
        <location file="relNumExpr.h" line="192" bodyfile="relNumExpr.h" bodystart="191" bodyend="194"/>
        <references refid="classrelNumExprRound_1a2c49fb1a5c639531ba2a7dca9b9d9831" compoundref="relNumExpr_8h" startline="184">mExpr</references>
      </memberdef>
      <memberdef kind="function" id="classrelNumExprRound_1a799e9b57212880817b72d0a6d0c9ee43" prot="public" static="no" const="no" explicit="no" inline="yes" virt="virtual">
        <type><ref refid="classrelNumber" kindref="compound">relNumber</ref></type>
        <definition>virtual relNumber relNumExprRound::interpret</definition>
        <argsstring>(bddSymTab *pSymTab)</argsstring>
        <name>interpret</name>
        <reimplements refid="classrelNumExpr_1a7ce9c0b7d5a76a66666afba031af28f6">interpret</reimplements>
        <param>
          <type><ref refid="classbddSymTab" kindref="compound">bddSymTab</ref> *</type>
          <declname>pSymTab</declname>
        </param>
        <briefdescription>
        </briefdescription>
        <detaileddescription>
        </detaileddescription>
        <inbodydescription>
        </inbodydescription>
        <location file="relNumExpr.h" line="198" bodyfile="relNumExpr.h" bodystart="197" bodyend="201"/>
        <references refid="classrelNumber_1a473ce9259c99163a37654d4051dbbd3c" compoundref="relNumber_8h" startline="51" endline="54">relNumber::getValue</references>
        <references refid="classrelNumExpr_1a7ce9c0b7d5a76a66666afba031af28f6">relNumExpr::interpret</references>
        <references refid="classrelNumExprRound_1a2c49fb1a5c639531ba2a7dca9b9d9831" compoundref="relNumExpr_8h" startline="184">mExpr</references>
      </memberdef>
      </sectiondef>
    <briefdescription>
    </briefdescription>
    <detaileddescription>
    </detaileddescription>
    <inheritancegraph>
      <node id="225">
        <label>relNumExpr</label>
        <link refid="classrelNumExpr"/>
        <childnode refid="226" relation="public-inheritance">
        </childnode>
      </node>
      <node id="226">
        <label>relObject</label>
        <link refid="classrelObject"/>
      </node>
      <node id="224">
        <label>relNumExprRound</label>
        <link refid="classrelNumExprRound"/>
        <childnode refid="225" relation="public-inheritance">
        </childnode>
      </node>
    </inheritancegraph>
    <collaborationgraph>
      <node id="228">
        <label>relNumExpr</label>
        <link refid="classrelNumExpr"/>
        <childnode refid="229" relation="public-inheritance">
        </childnode>
      </node>
      <node id="229">
        <label>relObject</label>
        <link refid="classrelObject"/>
        <childnode refid="230" relation="usage">
          <edgelabel>count</edgelabel>
        </childnode>
      </node>
      <node id="230">
        <label>static long</label>
      </node>
      <node id="227">
        <label>relNumExprRound</label>
        <link refid="classrelNumExprRound"/>
        <childnode refid="228" relation="public-inheritance">
        </childnode>
        <childnode refid="228" relation="usage">
          <edgelabel>mExpr</edgelabel>
        </childnode>
      </node>
    </collaborationgraph>
    <location file="relNumExpr.h" line="182" bodyfile="relNumExpr.h" bodystart="181" bodyend="202"/>
    <listofallmembers>
      <member refid="classrelObject_1ad987378e185fff56551fb78be0a3e971" prot="public" virt="non-virtual"><scope>relNumExprRound</scope><name>GetCount</name></member>
      <member refid="classrelNumExprRound_1a799e9b57212880817b72d0a6d0c9ee43" prot="public" virt="virtual"><scope>relNumExprRound</scope><name>interpret</name></member>
      <member refid="classrelNumExprRound_1a2c49fb1a5c639531ba2a7dca9b9d9831" prot="private" virt="non-virtual"><scope>relNumExprRound</scope><name>mExpr</name></member>
      <member refid="classrelNumExprRound_1aa00e1e3e21751feee76e1f4833847b8c" prot="public" virt="non-virtual"><scope>relNumExprRound</scope><name>relNumExprRound</name></member>
      <member refid="classrelObject_1aa8fc3941bf9f84e8cf90a821cb0a2d15" prot="public" virt="non-virtual"><scope>relNumExprRound</scope><name>relObject</name></member>
      <member refid="classrelObject_1a88249926871015e4149a7468ec845b99" prot="public" virt="non-virtual"><scope>relNumExprRound</scope><name>relObject</name></member>
      <member refid="classrelNumExprRound_1a2cae204683cc9256e709e394761a5a4e" prot="public" virt="non-virtual"><scope>relNumExprRound</scope><name>~relNumExprRound</name></member>
      <member refid="classrelObject_1a4fb533b43971834655cd0cb1323f979b" prot="public" virt="virtual"><scope>relNumExprRound</scope><name>~relObject</name></member>
    </listofallmembers>
  </compounddef>
</doxygen>
