<?xml version='1.0' encoding='UTF-8' standalone='no'?>
<doxygen xmlns:xsi="http://www.w3.org/2001/XMLSchema-instance" xsi:noNamespaceSchemaLocation="compound.xsd" version="1.6.1">
  <compounddef id="classrelPrintExpr" kind="class" prot="public">
    <compoundname>relPrintExpr</compoundname>
    <basecompoundref refid="classrelObject" prot="public" virt="non-virtual">relObject</basecompoundref>
    <derivedcompoundref refid="classrelPrintExprBDT" prot="public" virt="non-virtual">relPrintExprBDT</derivedcompoundref>
    <derivedcompoundref refid="classrelPrintExprEndLine" prot="public" virt="non-virtual">relPrintExprEndLine</derivedcompoundref>
    <derivedcompoundref refid="classrelPrintExprGraph" prot="public" virt="non-virtual">relPrintExprGraph</derivedcompoundref>
    <derivedcompoundref refid="classrelPrintExprInt" prot="public" virt="non-virtual">relPrintExprInt</derivedcompoundref>
    <derivedcompoundref refid="classrelPrintExprNodesPerVarId" prot="public" virt="non-virtual">relPrintExprNodesPerVarId</derivedcompoundref>
    <derivedcompoundref refid="classrelPrintExprRelInfo" prot="public" virt="non-virtual">relPrintExprRelInfo</derivedcompoundref>
    <derivedcompoundref refid="classrelPrintExprSeq" prot="public" virt="non-virtual">relPrintExprSeq</derivedcompoundref>
    <derivedcompoundref refid="classrelPrintExprString" prot="public" virt="non-virtual">relPrintExprString</derivedcompoundref>
    <derivedcompoundref refid="classrelPrintExprValues" prot="public" virt="non-virtual">relPrintExprValues</derivedcompoundref>
    <includes refid="relPrintExpr_8h" local="no">relPrintExpr.h</includes>
      <sectiondef kind="public-func">
      <memberdef kind="function" id="classrelPrintExpr_1a4bd82c6b6b055c068997368c18930d7f" prot="public" static="no" const="no" explicit="no" inline="no" virt="pure-virtual">
        <type>void</type>
        <definition>virtual void relPrintExpr::interpret</definition>
        <argsstring>(bddSymTab *pSymTab, ostream *pOut)=0</argsstring>
        <name>interpret</name>
        <reimplementedby refid="classrelPrintExprBDT_1a17041b082aecf80dc7a289a1d5993a87">interpret</reimplementedby>
        <reimplementedby refid="classrelPrintExprGraph_1a618ad705f75cd620949aef339bb2aa2e">interpret</reimplementedby>
        <reimplementedby refid="classrelPrintExprNodesPerVarId_1aa1d815b05488bcd340011df02b3cf6cf">interpret</reimplementedby>
        <reimplementedby refid="classrelPrintExprRelInfo_1a985d037c7a42df52c378bf16e9a3eab2">interpret</reimplementedby>
        <reimplementedby refid="classrelPrintExprValues_1a9b98e9e4b159195f81cef0bbba5968dc">interpret</reimplementedby>
        <reimplementedby refid="classrelPrintExprInt_1aceb2291ff49eeeb75cb2febeec0e9cb9">interpret</reimplementedby>
        <reimplementedby refid="classrelPrintExprString_1a27a9cc355f5f1074e179f9c272d4638a">interpret</reimplementedby>
        <reimplementedby refid="classrelPrintExprEndLine_1a76d6b76b16a446d2369b40137dab0022">interpret</reimplementedby>
        <reimplementedby refid="classrelPrintExprSeq_1a55aa301899cefcfebc4a8058debd7824">interpret</reimplementedby>
        <param>
          <type><ref refid="classbddSymTab" kindref="compound">bddSymTab</ref> *</type>
          <declname>pSymTab</declname>
        </param>
        <param>
          <type>ostream *</type>
          <declname>pOut</declname>
        </param>
        <briefdescription>
        </briefdescription>
        <detaileddescription>
        </detaileddescription>
        <inbodydescription>
        </inbodydescription>
        <location file="relPrintExpr.h" line="38"/>
      </memberdef>
      </sectiondef>
    <briefdescription>
    </briefdescription>
    <detaileddescription>
    </detaileddescription>
    <inheritancegraph>
      <node id="335">
        <label>relPrintExprRelInfo</label>
        <link refid="classrelPrintExprRelInfo"/>
        <childnode refid="328" relation="public-inheritance">
        </childnode>
      </node>
      <node id="333">
        <label>relPrintExprInt</label>
        <link refid="classrelPrintExprInt"/>
        <childnode refid="328" relation="public-inheritance">
        </childnode>
      </node>
      <node id="337">
        <label>relPrintExprString</label>
        <link refid="classrelPrintExprString"/>
        <childnode refid="328" relation="public-inheritance">
        </childnode>
      </node>
      <node id="330">
        <label>relPrintExprBDT</label>
        <link refid="classrelPrintExprBDT"/>
        <childnode refid="328" relation="public-inheritance">
        </childnode>
      </node>
      <node id="336">
        <label>relPrintExprSeq</label>
        <link refid="classrelPrintExprSeq"/>
        <childnode refid="328" relation="public-inheritance">
        </childnode>
      </node>
      <node id="329">
        <label>relObject</label>
        <link refid="classrelObject"/>
      </node>
      <node id="338">
        <label>relPrintExprValues</label>
        <link refid="classrelPrintExprValues"/>
        <childnode refid="328" relation="public-inheritance">
        </childnode>
      </node>
      <node id="334">
        <label>relPrintExprNodesPerVarId</label>
        <link refid="classrelPrintExprNodesPerVarId"/>
        <childnode refid="328" relation="public-inheritance">
        </childnode>
      </node>
      <node id="331">
        <label>relPrintExprEndLine</label>
        <link refid="classrelPrintExprEndLine"/>
        <childnode refid="328" relation="public-inheritance">
        </childnode>
      </node>
      <node id="328">
        <label>relPrintExpr</label>
        <link refid="classrelPrintExpr"/>
        <childnode refid="329" relation="public-inheritance">
        </childnode>
      </node>
      <node id="332">
        <label>relPrintExprGraph</label>
        <link refid="classrelPrintExprGraph"/>
        <childnode refid="328" relation="public-inheritance">
        </childnode>
      </node>
    </inheritancegraph>
    <collaborationgraph>
      <node id="340">
        <label>relObject</label>
        <link refid="classrelObject"/>
        <childnode refid="341" relation="usage">
          <edgelabel>count</edgelabel>
        </childnode>
      </node>
      <node id="341">
        <label>static long</label>
      </node>
      <node id="339">
        <label>relPrintExpr</label>
        <link refid="classrelPrintExpr"/>
        <childnode refid="340" relation="public-inheritance">
        </childnode>
      </node>
    </collaborationgraph>
    <location file="relPrintExpr.h" line="35" bodyfile="relPrintExpr.h" bodystart="34" bodyend="39"/>
    <listofallmembers>
      <member refid="classrelObject_1ad987378e185fff56551fb78be0a3e971" prot="public" virt="non-virtual"><scope>relPrintExpr</scope><name>GetCount</name></member>
      <member refid="classrelPrintExpr_1a4bd82c6b6b055c068997368c18930d7f" prot="public" virt="pure-virtual"><scope>relPrintExpr</scope><name>interpret</name></member>
      <member refid="classrelObject_1aa8fc3941bf9f84e8cf90a821cb0a2d15" prot="public" virt="non-virtual"><scope>relPrintExpr</scope><name>relObject</name></member>
      <member refid="classrelObject_1a88249926871015e4149a7468ec845b99" prot="public" virt="non-virtual"><scope>relPrintExpr</scope><name>relObject</name></member>
      <member refid="classrelObject_1a4fb533b43971834655cd0cb1323f979b" prot="public" virt="virtual"><scope>relPrintExpr</scope><name>~relObject</name></member>
    </listofallmembers>
  </compounddef>
</doxygen>
