<?xml version='1.0' encoding='UTF-8' standalone='no'?>
<doxygen xmlns:xsi="http://www.w3.org/2001/XMLSchema-instance" xsi:noNamespaceSchemaLocation="compound.xsd" version="1.6.1">
  <compounddef id="classrelString" kind="class" prot="public">
    <compoundname>relString</compoundname>
    <basecompoundref refid="classrelDataType" prot="public" virt="non-virtual">relDataType</basecompoundref>
    <includes refid="relString_8h" local="no">relString.h</includes>
      <sectiondef kind="private-attrib">
      <memberdef kind="variable" id="classrelString_1a568eefae67248976ba9e215c6b9a3ce9" prot="private" static="no" mutable="no">
        <type>string</type>
        <definition>string relString::mValue</definition>
        <argsstring></argsstring>
        <name>mValue</name>
        <briefdescription>
        </briefdescription>
        <detaileddescription>
        </detaileddescription>
        <inbodydescription>
        </inbodydescription>
        <location file="relString.h" line="40" bodyfile="relString.h" bodystart="40" bodyend="-1"/>
      </memberdef>
      </sectiondef>
      <sectiondef kind="public-func">
      <memberdef kind="function" id="classrelString_1aac7e785b34e85364907dfee350381680" prot="public" static="no" const="no" explicit="no" inline="yes" virt="non-virtual">
        <type></type>
        <definition>relString::relString</definition>
        <argsstring>(string pValue)</argsstring>
        <name>relString</name>
        <param>
          <type>string</type>
          <declname>pValue</declname>
        </param>
        <briefdescription>
        </briefdescription>
        <detaileddescription>
        </detaileddescription>
        <inbodydescription>
        </inbodydescription>
        <location file="relString.h" line="44" bodyfile="relString.h" bodystart="43" bodyend="46"/>
        <references refid="classrelString_1a568eefae67248976ba9e215c6b9a3ce9" compoundref="relString_8h" startline="40">mValue</references>
      </memberdef>
      <memberdef kind="function" id="classrelString_1a20d27c302e98466d588eb5b7f8627992" prot="public" static="no" const="no" explicit="no" inline="yes" virt="non-virtual">
        <type></type>
        <definition>relString::~relString</definition>
        <argsstring>()</argsstring>
        <name>~relString</name>
        <briefdescription>
        </briefdescription>
        <detaileddescription>
        </detaileddescription>
        <inbodydescription>
        </inbodydescription>
        <location file="relString.h" line="49" bodyfile="relString.h" bodystart="48" bodyend="49"/>
      </memberdef>
      <memberdef kind="function" id="classrelString_1a93c23e805fb42d32daa545436bf93473" prot="public" static="no" const="no" explicit="no" inline="yes" virt="non-virtual">
        <type>string</type>
        <definition>string relString::getValue</definition>
        <argsstring>()</argsstring>
        <name>getValue</name>
        <briefdescription>
        </briefdescription>
        <detaileddescription>
        </detaileddescription>
        <inbodydescription>
        </inbodydescription>
        <location file="relString.h" line="52" bodyfile="relString.h" bodystart="51" bodyend="54"/>
        <references refid="classrelString_1a568eefae67248976ba9e215c6b9a3ce9" compoundref="relString_8h" startline="40">mValue</references>
      </memberdef>
      <memberdef kind="function" id="classrelString_1ae870b7d7f2559320e0af94fc1da987f4" prot="public" static="no" const="no" explicit="no" inline="yes" virt="non-virtual">
        <type>void</type>
        <definition>void relString::setValue</definition>
        <argsstring>(string pValue)</argsstring>
        <name>setValue</name>
        <param>
          <type>string</type>
          <declname>pValue</declname>
        </param>
        <briefdescription>
        </briefdescription>
        <detaileddescription>
        </detaileddescription>
        <inbodydescription>
        </inbodydescription>
        <location file="relString.h" line="57" bodyfile="relString.h" bodystart="56" bodyend="59"/>
        <references refid="classrelString_1a568eefae67248976ba9e215c6b9a3ce9" compoundref="relString_8h" startline="40">mValue</references>
      </memberdef>
      </sectiondef>
    <briefdescription>
    </briefdescription>
    <detaileddescription>
    </detaileddescription>
    <inheritancegraph>
      <node id="596">
        <label>relString</label>
        <link refid="classrelString"/>
        <childnode refid="597" relation="public-inheritance">
        </childnode>
      </node>
      <node id="597">
        <label>relDataType</label>
        <link refid="classrelDataType"/>
        <childnode refid="598" relation="public-inheritance">
        </childnode>
      </node>
      <node id="598">
        <label>relObject</label>
        <link refid="classrelObject"/>
      </node>
    </inheritancegraph>
    <collaborationgraph>
      <node id="603">
        <label>string</label>
      </node>
      <node id="599">
        <label>relString</label>
        <link refid="classrelString"/>
        <childnode refid="600" relation="public-inheritance">
        </childnode>
        <childnode refid="603" relation="usage">
          <edgelabel>mValue</edgelabel>
        </childnode>
      </node>
      <node id="600">
        <label>relDataType</label>
        <link refid="classrelDataType"/>
        <childnode refid="601" relation="public-inheritance">
        </childnode>
      </node>
      <node id="601">
        <label>relObject</label>
        <link refid="classrelObject"/>
        <childnode refid="602" relation="usage">
          <edgelabel>count</edgelabel>
        </childnode>
      </node>
      <node id="602">
        <label>static long</label>
      </node>
    </collaborationgraph>
    <location file="relString.h" line="38" bodyfile="relString.h" bodystart="37" bodyend="60"/>
    <listofallmembers>
      <member refid="classrelObject_1ad987378e185fff56551fb78be0a3e971" prot="public" virt="non-virtual"><scope>relString</scope><name>GetCount</name></member>
      <member refid="classrelString_1a93c23e805fb42d32daa545436bf93473" prot="public" virt="non-virtual"><scope>relString</scope><name>getValue</name></member>
      <member refid="classrelString_1a568eefae67248976ba9e215c6b9a3ce9" prot="private" virt="non-virtual"><scope>relString</scope><name>mValue</name></member>
      <member refid="classrelDataType_1aee1178079720d4e5b53b080a1b224ca7" prot="public" virt="non-virtual"><scope>relString</scope><name>relDataType</name></member>
      <member refid="classrelObject_1aa8fc3941bf9f84e8cf90a821cb0a2d15" prot="public" virt="non-virtual"><scope>relString</scope><name>relObject</name></member>
      <member refid="classrelObject_1a88249926871015e4149a7468ec845b99" prot="public" virt="non-virtual"><scope>relString</scope><name>relObject</name></member>
      <member refid="classrelString_1aac7e785b34e85364907dfee350381680" prot="public" virt="non-virtual"><scope>relString</scope><name>relString</name></member>
      <member refid="classrelString_1ae870b7d7f2559320e0af94fc1da987f4" prot="public" virt="non-virtual"><scope>relString</scope><name>setValue</name></member>
      <member refid="classrelDataType_1a7f4218fcb8cf987133bc92d41fcae3a5" prot="public" virt="non-virtual"><scope>relString</scope><name>~relDataType</name></member>
      <member refid="classrelObject_1a4fb533b43971834655cd0cb1323f979b" prot="public" virt="virtual"><scope>relString</scope><name>~relObject</name></member>
      <member refid="classrelString_1a20d27c302e98466d588eb5b7f8627992" prot="public" virt="non-virtual"><scope>relString</scope><name>~relString</name></member>
    </listofallmembers>
  </compounddef>
</doxygen>
