<?xml version='1.0' encoding='UTF-8' standalone='no'?>
<doxygen xmlns:xsi="http://www.w3.org/2001/XMLSchema-instance" xsi:noNamespaceSchemaLocation="compound.xsd" version="1.6.1">
  <compounddef id="classrelPrintExprGraph" kind="class" prot="public">
    <compoundname>relPrintExprGraph</compoundname>
    <basecompoundref refid="classrelPrintExpr" prot="public" virt="non-virtual">relPrintExpr</basecompoundref>
    <includes refid="relPrintExpr_8h" local="no">relPrintExpr.h</includes>
      <sectiondef kind="private-attrib">
      <memberdef kind="variable" id="classrelPrintExprGraph_1aafc44ad3d8d4af498815d06a4b553be6" prot="private" static="no" mutable="no">
        <type><ref refid="classrelExpression" kindref="compound">relExpression</ref> *</type>
        <definition>relExpression* relPrintExprGraph::mExpr</definition>
        <argsstring></argsstring>
        <name>mExpr</name>
        <briefdescription>
        </briefdescription>
        <detaileddescription>
        </detaileddescription>
        <inbodydescription>
        </inbodydescription>
        <location file="relPrintExpr.h" line="260" bodyfile="relPrintExpr.h" bodystart="260" bodyend="-1"/>
      </memberdef>
      </sectiondef>
      <sectiondef kind="public-func">
      <memberdef kind="function" id="classrelPrintExprGraph_1afcdec33aeb19fcb39523dfd23927f955" prot="public" static="no" const="no" explicit="no" inline="yes" virt="non-virtual">
        <type></type>
        <definition>relPrintExprGraph::relPrintExprGraph</definition>
        <argsstring>(relExpression *pExpr)</argsstring>
        <name>relPrintExprGraph</name>
        <param>
          <type><ref refid="classrelExpression" kindref="compound">relExpression</ref> *</type>
          <declname>pExpr</declname>
        </param>
        <briefdescription>
        </briefdescription>
        <detaileddescription>
        </detaileddescription>
        <inbodydescription>
        </inbodydescription>
        <location file="relPrintExpr.h" line="265" bodyfile="relPrintExpr.h" bodystart="263" bodyend="265"/>
      </memberdef>
      <memberdef kind="function" id="classrelPrintExprGraph_1a6b43d914286a09fe549c717f518c7457" prot="public" static="no" const="no" explicit="no" inline="yes" virt="non-virtual">
        <type></type>
        <definition>relPrintExprGraph::~relPrintExprGraph</definition>
        <argsstring>()</argsstring>
        <name>~relPrintExprGraph</name>
        <briefdescription>
        </briefdescription>
        <detaileddescription>
        </detaileddescription>
        <inbodydescription>
        </inbodydescription>
        <location file="relPrintExpr.h" line="268" bodyfile="relPrintExpr.h" bodystart="267" bodyend="270"/>
        <references refid="classrelPrintExprGraph_1aafc44ad3d8d4af498815d06a4b553be6" compoundref="relPrintExpr_8h" startline="260">mExpr</references>
      </memberdef>
      <memberdef kind="function" id="classrelPrintExprGraph_1a618ad705f75cd620949aef339bb2aa2e" prot="public" static="no" const="no" explicit="no" inline="yes" virt="virtual">
        <type>void</type>
        <definition>virtual void relPrintExprGraph::interpret</definition>
        <argsstring>(bddSymTab *pSymTab, ostream *pOut)</argsstring>
        <name>interpret</name>
        <reimplements refid="classrelPrintExpr_1a4bd82c6b6b055c068997368c18930d7f">interpret</reimplements>
        <param>
          <type><ref refid="classbddSymTab" kindref="compound">bddSymTab</ref> *</type>
          <declname>pSymTab</declname>
        </param>
        <param>
          <type>ostream *</type>
          <declname>pOut</declname>
        </param>
        <briefdescription>
        </briefdescription>
        <detaileddescription>
        </detaileddescription>
        <inbodydescription>
        </inbodydescription>
        <location file="relPrintExpr.h" line="274" bodyfile="relPrintExpr.h" bodystart="273" bodyend="279"/>
        <references refid="classrelExpression_1a4f5effc1cf304db906371c978d8830dc">relExpression::collectFreeAttrs</references>
        <references refid="crocopat_8cpp_1a92c4a8dafce942b863e49715ceea637b" compoundref="crocopat_8cpp" startline="65">gAttributePrefix</references>
        <references refid="classrelExpression_1a2659d1b3b785d5d00993a0364577bc61">relExpression::interpret</references>
        <references refid="classrelPrintExprGraph_1aafc44ad3d8d4af498815d06a4b553be6" compoundref="relPrintExpr_8h" startline="260">mExpr</references>
        <references refid="classbddRelation_1a1ff8848ee58c7cdf0cc2fce43748f803" compoundref="bddRelation_8h" startline="507" endline="580">bddRelation::printGraph</references>
        <references refid="classbddSymTab_1a2d9b02e91e849f7c1efbe90f0133735d" compoundref="bddSymTab_8h" startline="232" endline="252">bddSymTab::removeUserAttributes</references>
      </memberdef>
      </sectiondef>
    <briefdescription>
    </briefdescription>
    <detaileddescription>
    </detaileddescription>
    <inheritancegraph>
      <node id="359">
        <label>relObject</label>
        <link refid="classrelObject"/>
      </node>
      <node id="358">
        <label>relPrintExpr</label>
        <link refid="classrelPrintExpr"/>
        <childnode refid="359" relation="public-inheritance">
        </childnode>
      </node>
      <node id="357">
        <label>relPrintExprGraph</label>
        <link refid="classrelPrintExprGraph"/>
        <childnode refid="358" relation="public-inheritance">
        </childnode>
      </node>
    </inheritancegraph>
    <collaborationgraph>
      <node id="364">
        <label>relExpression</label>
        <link refid="classrelExpression"/>
        <childnode refid="362" relation="public-inheritance">
        </childnode>
      </node>
      <node id="362">
        <label>relObject</label>
        <link refid="classrelObject"/>
        <childnode refid="363" relation="usage">
          <edgelabel>count</edgelabel>
        </childnode>
      </node>
      <node id="363">
        <label>static long</label>
      </node>
      <node id="361">
        <label>relPrintExpr</label>
        <link refid="classrelPrintExpr"/>
        <childnode refid="362" relation="public-inheritance">
        </childnode>
      </node>
      <node id="360">
        <label>relPrintExprGraph</label>
        <link refid="classrelPrintExprGraph"/>
        <childnode refid="361" relation="public-inheritance">
        </childnode>
        <childnode refid="364" relation="usage">
          <edgelabel>mExpr</edgelabel>
        </childnode>
      </node>
    </collaborationgraph>
    <location file="relPrintExpr.h" line="258" bodyfile="relPrintExpr.h" bodystart="257" bodyend="280"/>
    <listofallmembers>
      <member refid="classrelObject_1ad987378e185fff56551fb78be0a3e971" prot="public" virt="non-virtual"><scope>relPrintExprGraph</scope><name>GetCount</name></member>
      <member refid="classrelPrintExprGraph_1a618ad705f75cd620949aef339bb2aa2e" prot="public" virt="virtual"><scope>relPrintExprGraph</scope><name>interpret</name></member>
      <member refid="classrelPrintExprGraph_1aafc44ad3d8d4af498815d06a4b553be6" prot="private" virt="non-virtual"><scope>relPrintExprGraph</scope><name>mExpr</name></member>
      <member refid="classrelObject_1aa8fc3941bf9f84e8cf90a821cb0a2d15" prot="public" virt="non-virtual"><scope>relPrintExprGraph</scope><name>relObject</name></member>
      <member refid="classrelObject_1a88249926871015e4149a7468ec845b99" prot="public" virt="non-virtual"><scope>relPrintExprGraph</scope><name>relObject</name></member>
      <member refid="classrelPrintExprGraph_1afcdec33aeb19fcb39523dfd23927f955" prot="public" virt="non-virtual"><scope>relPrintExprGraph</scope><name>relPrintExprGraph</name></member>
      <member refid="classrelObject_1a4fb533b43971834655cd0cb1323f979b" prot="public" virt="virtual"><scope>relPrintExprGraph</scope><name>~relObject</name></member>
      <member refid="classrelPrintExprGraph_1a6b43d914286a09fe549c717f518c7457" prot="public" virt="non-virtual"><scope>relPrintExprGraph</scope><name>~relPrintExprGraph</name></member>
    </listofallmembers>
  </compounddef>
</doxygen>
