<?xml version='1.0' encoding='UTF-8' standalone='no'?>
<doxygen xmlns:xsi="http://www.w3.org/2001/XMLSchema-instance" xsi:noNamespaceSchemaLocation="compound.xsd" version="1.6.1">
  <compounddef id="classbddSymTab" kind="class" prot="public">
    <compoundname>bddSymTab</compoundname>
    <basecompoundref refid="classrelObject" prot="private" virt="non-virtual">relObject</basecompoundref>
    <includes refid="bddSymTab_8h" local="no">bddSymTab.h</includes>
      <sectiondef kind="private-attrib">
      <memberdef kind="variable" id="classbddSymTab_1ab5bfe6edbb9931bb0148d620f2585467" prot="private" static="no" mutable="no">
        <type>unsigned</type>
        <definition>unsigned bddSymTab::mBitNr</definition>
        <argsstring></argsstring>
        <name>mBitNr</name>
        <briefdescription>
        </briefdescription>
        <detaileddescription>
<para>Number of bits needed to encode the attribute (&quot;bit width&quot;). mBitNr is the smallest integer that is greater than log2(<ref refid="classbddSymTab_1a00ec3683887e1a65bc4c7297f7dcfdfc" kindref="member">getUniverseSize()</ref>-1). </para>        </detaileddescription>
        <inbodydescription>
        </inbodydescription>
        <location file="bddSymTab.h" line="68" bodyfile="bddSymTab.h" bodystart="68" bodyend="-1"/>
      </memberdef>
      <memberdef kind="variable" id="classbddSymTab_1a59e6b2fb1fbed321295449022e19e4ef" prot="private" static="no" mutable="no">
        <type>map&lt; string, unsigned &gt;</type>
        <definition>map&lt;string, unsigned&gt; bddSymTab::mAttributes</definition>
        <argsstring></argsstring>
        <name>mAttributes</name>
        <briefdescription>
        </briefdescription>
        <detaileddescription>
<para>The position of the first bit in the binary encoded tupel for every attribute is given by &apos;getAttributePos()&apos;. The following two maps just map the successive numbers. </para>        </detaileddescription>
        <inbodydescription>
        </inbodydescription>
        <location file="bddSymTab.h" line="73" bodyfile="bddSymTab.h" bodystart="73" bodyend="-1"/>
      </memberdef>
      <memberdef kind="variable" id="classbddSymTab_1a9c5f6c955c86450f2a28dbe23c939866" prot="private" static="no" mutable="no">
        <type>map&lt; unsigned, string &gt;</type>
        <definition>map&lt;unsigned, string&gt; bddSymTab::mPositions</definition>
        <argsstring></argsstring>
        <name>mPositions</name>
        <briefdescription>
<para>Reverse of the above. Simultaneously, this represents the varorder. </para>        </briefdescription>
        <detaileddescription>
        </detaileddescription>
        <inbodydescription>
        </inbodydescription>
        <location file="bddSymTab.h" line="75" bodyfile="bddSymTab.h" bodystart="75" bodyend="-1"/>
      </memberdef>
      <memberdef kind="variable" id="classbddSymTab_1a62f3a316f6c5937e65aae4f661ee1942" prot="private" static="no" mutable="no">
        <type>map&lt; string, unsigned &gt;</type>
        <definition>map&lt;string, unsigned&gt; bddSymTab::mAttributeNumbers</definition>
        <argsstring></argsstring>
        <name>mAttributeNumbers</name>
        <briefdescription>
        </briefdescription>
        <detaileddescription>
<para>This symbol table handles only one value range for all attributes. Values for attributes (Nominal scale to make the range &apos;dense&apos;). It maps the name of a value within the application (string) to a number for internal representation of the value. </para>        </detaileddescription>
        <inbodydescription>
        </inbodydescription>
        <location file="bddSymTab.h" line="81" bodyfile="bddSymTab.h" bodystart="81" bodyend="-1"/>
      </memberdef>
      <memberdef kind="variable" id="classbddSymTab_1acff445e30bde93238601d6eb682890f7" prot="private" static="no" mutable="no">
        <type>vector&lt; string &gt;</type>
        <definition>vector&lt;string&gt; bddSymTab::mAttributeValues</definition>
        <argsstring></argsstring>
        <name>mAttributeValues</name>
        <briefdescription>
<para>And the reverse mapping for output. </para>        </briefdescription>
        <detaileddescription>
        </detaileddescription>
        <inbodydescription>
        </inbodydescription>
        <location file="bddSymTab.h" line="83" bodyfile="bddSymTab.h" bodystart="83" bodyend="-1"/>
      </memberdef>
      <memberdef kind="variable" id="classbddSymTab_1a96fb0d4f484dfbd7a02bb38c2e7fb5eb" prot="private" static="no" mutable="no">
        <type>set&lt; string &gt;</type>
        <definition>set&lt;string&gt; bddSymTab::mIsQuoted</definition>
        <argsstring></argsstring>
        <name>mIsQuoted</name>
        <briefdescription>
<para>The set of quoted values (in the RSF input file). </para>        </briefdescription>
        <detaileddescription>
        </detaileddescription>
        <inbodydescription>
        </inbodydescription>
        <location file="bddSymTab.h" line="86" bodyfile="bddSymTab.h" bodystart="86" bodyend="-1"/>
      </memberdef>
      </sectiondef>
      <sectiondef kind="private-func">
      <memberdef kind="function" id="classbddSymTab_1a73f9ddaa4473d911f967d1bae8042a57" prot="private" static="no" const="no" explicit="no" inline="no" virt="non-virtual">
        <type>void</type>
        <definition>void bddSymTab::operator,</definition>
        <argsstring>(const bddSymTab &amp;)</argsstring>
        <name>operator,</name>
        <reimplements refid="classrelObject_1af7d41cbced909aad7257bf4940c1fa07">operator,</reimplements>
        <param>
          <type>const <ref refid="classbddSymTab" kindref="compound">bddSymTab</ref> &amp;</type>
        </param>
        <briefdescription>
<para>It should not be allowed to use standard operators. </para>        </briefdescription>
        <detaileddescription>
        </detaileddescription>
        <inbodydescription>
        </inbodydescription>
        <location file="bddSymTab.h" line="90"/>
      </memberdef>
      <memberdef kind="function" id="classbddSymTab_1a48ba7cc49f7b701504c9e9c142e79b8e" prot="private" static="no" const="no" explicit="no" inline="no" virt="non-virtual">
        <type>void</type>
        <definition>void bddSymTab::operator=</definition>
        <argsstring>(const bddSymTab &amp;)</argsstring>
        <name>operator=</name>
        <param>
          <type>const <ref refid="classbddSymTab" kindref="compound">bddSymTab</ref> &amp;</type>
        </param>
        <briefdescription>
        </briefdescription>
        <detaileddescription>
        </detaileddescription>
        <inbodydescription>
        </inbodydescription>
        <location file="bddSymTab.h" line="91"/>
      </memberdef>
      <memberdef kind="function" id="classbddSymTab_1a1278439587677fcd42c7741fc98b62d0" prot="private" static="no" const="no" explicit="no" inline="no" virt="non-virtual">
        <type></type>
        <definition>bddSymTab::bddSymTab</definition>
        <argsstring>(const bddSymTab &amp;)</argsstring>
        <name>bddSymTab</name>
        <param>
          <type>const <ref refid="classbddSymTab" kindref="compound">bddSymTab</ref> &amp;</type>
        </param>
        <briefdescription>
        </briefdescription>
        <detaileddescription>
        </detaileddescription>
        <inbodydescription>
        </inbodydescription>
        <location file="bddSymTab.h" line="92"/>
      </memberdef>
      </sectiondef>
      <sectiondef kind="public-func">
      <memberdef kind="function" id="classbddSymTab_1ad56a610e3a46807e592ab887687cbe99" prot="public" static="no" const="no" explicit="no" inline="yes" virt="non-virtual">
        <type></type>
        <definition>bddSymTab::bddSymTab</definition>
        <argsstring>()</argsstring>
        <name>bddSymTab</name>
        <briefdescription>
        </briefdescription>
        <detaileddescription>
        </detaileddescription>
        <inbodydescription>
        </inbodydescription>
        <location file="bddSymTab.h" line="97" bodyfile="bddSymTab.h" bodystart="96" bodyend="97"/>
      </memberdef>
      <memberdef kind="function" id="classbddSymTab_1a8a76b31b40c37297ac94b01e49abb72d" prot="public" static="no" const="no" explicit="no" inline="yes" virt="non-virtual">
        <type></type>
        <definition>bddSymTab::~bddSymTab</definition>
        <argsstring>()</argsstring>
        <name>~bddSymTab</name>
        <briefdescription>
        </briefdescription>
        <detaileddescription>
        </detaileddescription>
        <inbodydescription>
        </inbodydescription>
        <location file="bddSymTab.h" line="100" bodyfile="bddSymTab.h" bodystart="99" bodyend="100"/>
      </memberdef>
      <memberdef kind="function" id="classbddSymTab_1a84247b4b413c3e40d6a61fc8038c6d31" prot="public" static="no" const="no" explicit="no" inline="yes" virt="non-virtual">
        <type>void</type>
        <definition>void bddSymTab::initValueUniverse</definition>
        <argsstring>(set&lt; string &gt; &amp;pValueUniverse)</argsstring>
        <name>initValueUniverse</name>
        <param>
          <type>set&lt; string &gt; &amp;</type>
          <declname>pValueUniverse</declname>
        </param>
        <briefdescription>
        </briefdescription>
        <detaileddescription>
<para>See comment on top of this class. Assign the bit encodings. </para>        </detaileddescription>
        <inbodydescription>
        </inbodydescription>
        <location file="bddSymTab.h" line="109" bodyfile="bddSymTab.h" bodystart="108" bodyend="134"/>
        <references refid="classbddSymTab_1a62f3a316f6c5937e65aae4f661ee1942" compoundref="bddSymTab_8h" startline="81">mAttributeNumbers</references>
        <references refid="classbddSymTab_1acff445e30bde93238601d6eb682890f7" compoundref="bddSymTab_8h" startline="83">mAttributeValues</references>
        <references refid="classbddSymTab_1ab5bfe6edbb9931bb0148d620f2585467" compoundref="bddSymTab_8h" startline="68">mBitNr</references>
      </memberdef>
      <memberdef kind="function" id="classbddSymTab_1a5cb9ee7af96d24470c13190601f93034" prot="public" static="no" const="yes" explicit="no" inline="yes" virt="non-virtual">
        <type>unsigned</type>
        <definition>unsigned bddSymTab::getBitNr</definition>
        <argsstring>() const </argsstring>
        <name>getBitNr</name>
        <briefdescription>
<para>See comment on top of this class. </para>        </briefdescription>
        <detaileddescription>
        </detaileddescription>
        <inbodydescription>
        </inbodydescription>
        <location file="bddSymTab.h" line="142" bodyfile="bddSymTab.h" bodystart="141" bodyend="142"/>
        <references refid="classbddSymTab_1ab5bfe6edbb9931bb0148d620f2585467" compoundref="bddSymTab_8h" startline="68">mBitNr</references>
      </memberdef>
      <memberdef kind="function" id="classbddSymTab_1a00ec3683887e1a65bc4c7297f7dcfdfc" prot="public" static="no" const="yes" explicit="no" inline="yes" virt="non-virtual">
        <type>unsigned</type>
        <definition>unsigned bddSymTab::getUniverseSize</definition>
        <argsstring>() const </argsstring>
        <name>getUniverseSize</name>
        <briefdescription>
<para>See comment on top of this class. </para>        </briefdescription>
        <detaileddescription>
        </detaileddescription>
        <inbodydescription>
        </inbodydescription>
        <location file="bddSymTab.h" line="147" bodyfile="bddSymTab.h" bodystart="146" bodyend="147"/>
        <references refid="classbddSymTab_1acff445e30bde93238601d6eb682890f7" compoundref="bddSymTab_8h" startline="83">mAttributeValues</references>
      </memberdef>
      <memberdef kind="function" id="classbddSymTab_1a1451e5e2fc069290b28aaf281f66ab5c" prot="public" static="no" const="no" explicit="no" inline="yes" virt="non-virtual">
        <type>void</type>
        <definition>void bddSymTab::setQuoted</definition>
        <argsstring>(const string pAttribute)</argsstring>
        <name>setQuoted</name>
        <param>
          <type>const string</type>
          <declname>pAttribute</declname>
        </param>
        <briefdescription>
        </briefdescription>
        <detaileddescription>
        </detaileddescription>
        <inbodydescription>
        </inbodydescription>
        <location file="bddSymTab.h" line="151" bodyfile="bddSymTab.h" bodystart="150" bodyend="151"/>
        <references refid="classbddSymTab_1a96fb0d4f484dfbd7a02bb38c2e7fb5eb" compoundref="bddSymTab_8h" startline="86">mIsQuoted</references>
      </memberdef>
      <memberdef kind="function" id="classbddSymTab_1a1f1704f29c5050e35b313e853cb46fe2" prot="public" static="no" const="yes" explicit="no" inline="yes" virt="non-virtual">
        <type>bool</type>
        <definition>bool bddSymTab::isQuoted</definition>
        <argsstring>(const string pAttribute) const </argsstring>
        <name>isQuoted</name>
        <param>
          <type>const string</type>
          <declname>pAttribute</declname>
        </param>
        <briefdescription>
        </briefdescription>
        <detaileddescription>
        </detaileddescription>
        <inbodydescription>
        </inbodydescription>
        <location file="bddSymTab.h" line="155" bodyfile="bddSymTab.h" bodystart="154" bodyend="155"/>
        <references refid="classbddSymTab_1a96fb0d4f484dfbd7a02bb38c2e7fb5eb" compoundref="bddSymTab_8h" startline="86">mIsQuoted</references>
      </memberdef>
      <memberdef kind="function" id="classbddSymTab_1ad6503d2fa5b882a6da7cbba3f8d1aa75" prot="public" static="no" const="yes" explicit="no" inline="yes" virt="non-virtual">
        <type>bool</type>
        <definition>bool bddSymTab::isValueGood</definition>
        <argsstring>(const string &amp;pAttributeValue) const </argsstring>
        <name>isValueGood</name>
        <param>
          <type>const string &amp;</type>
          <declname>pAttributeValue</declname>
        </param>
        <briefdescription>
<para>Checks if &apos;pAttributeValue&apos; exists in symtab. </para>        </briefdescription>
        <detaileddescription>
        </detaileddescription>
        <inbodydescription>
        </inbodydescription>
        <location file="bddSymTab.h" line="160" bodyfile="bddSymTab.h" bodystart="159" bodyend="162"/>
        <references refid="classbddSymTab_1a62f3a316f6c5937e65aae4f661ee1942" compoundref="bddSymTab_8h" startline="81">mAttributeNumbers</references>
      </memberdef>
      <memberdef kind="function" id="classbddSymTab_1aab25df999390749492cd006895f8c93a" prot="public" static="no" const="yes" explicit="no" inline="yes" virt="non-virtual">
        <type>unsigned</type>
        <definition>unsigned bddSymTab::getAttributePos</definition>
        <argsstring>(const string &amp;pAttribute) const </argsstring>
        <name>getAttributePos</name>
        <param>
          <type>const string &amp;</type>
          <declname>pAttribute</declname>
        </param>
        <briefdescription>
        </briefdescription>
        <detaileddescription>
        </detaileddescription>
        <inbodydescription>
        </inbodydescription>
        <location file="bddSymTab.h" line="166" bodyfile="bddSymTab.h" bodystart="165" bodyend="171"/>
        <references refid="classbddSymTab_1a5cb9ee7af96d24470c13190601f93034" compoundref="bddSymTab_8h" startline="141" endline="142">getBitNr</references>
        <references refid="classbddSymTab_1a59e6b2fb1fbed321295449022e19e4ef" compoundref="bddSymTab_8h" startline="73">mAttributes</references>
      </memberdef>
      <memberdef kind="function" id="classbddSymTab_1afbcc9b7af2e1444d915461eb502b477f" prot="public" static="no" const="yes" explicit="no" inline="yes" virt="non-virtual">
        <type>unsigned</type>
        <definition>unsigned bddSymTab::getValueNum</definition>
        <argsstring>(const string &amp;pAttributeValue) const </argsstring>
        <name>getValueNum</name>
        <param>
          <type>const string &amp;</type>
          <declname>pAttributeValue</declname>
        </param>
        <briefdescription>
        </briefdescription>
        <detaileddescription>
<para>Return the number of value (pAttributeValue), i.e. its internal representation. </para>        </detaileddescription>
        <inbodydescription>
        </inbodydescription>
        <location file="bddSymTab.h" line="177" bodyfile="bddSymTab.h" bodystart="176" bodyend="183"/>
        <references refid="classbddSymTab_1a62f3a316f6c5937e65aae4f661ee1942" compoundref="bddSymTab_8h" startline="81">mAttributeNumbers</references>
      </memberdef>
      <memberdef kind="function" id="classbddSymTab_1ae5f5a2f8923ab4a20987b11fd356371b" prot="public" static="no" const="yes" explicit="no" inline="yes" virt="non-virtual">
        <type>string</type>
        <definition>string bddSymTab::getAttributeValue</definition>
        <argsstring>(unsigned pNum) const </argsstring>
        <name>getAttributeValue</name>
        <param>
          <type>unsigned</type>
          <declname>pNum</declname>
        </param>
        <briefdescription>
        </briefdescription>
        <detaileddescription>
        </detaileddescription>
        <inbodydescription>
        </inbodydescription>
        <location file="bddSymTab.h" line="187" bodyfile="bddSymTab.h" bodystart="186" bodyend="190"/>
        <references refid="classbddSymTab_1acff445e30bde93238601d6eb682890f7" compoundref="bddSymTab_8h" startline="83">mAttributeValues</references>
      </memberdef>
      <memberdef kind="function" id="classbddSymTab_1a677d202fabc72c352c25c0dd6c2ec4e6" prot="public" static="no" const="no" explicit="no" inline="yes" virt="non-virtual">
        <type>void</type>
        <definition>void bddSymTab::addAttribute</definition>
        <argsstring>(const string &amp;pAttribute)</argsstring>
        <name>addAttribute</name>
        <param>
          <type>const string &amp;</type>
          <declname>pAttribute</declname>
        </param>
        <briefdescription>
        </briefdescription>
        <detaileddescription>
<para>The method changes this symbol table! Add attribute &apos;pAttribute&apos; to SymTab. </para>        </detaileddescription>
        <inbodydescription>
        </inbodydescription>
        <location file="bddSymTab.h" line="198" bodyfile="bddSymTab.h" bodystart="197" bodyend="216"/>
        <references refid="classbddSymTab_1a59e6b2fb1fbed321295449022e19e4ef" compoundref="bddSymTab_8h" startline="73">mAttributes</references>
        <references refid="classbddSymTab_1a9c5f6c955c86450f2a28dbe23c939866" compoundref="bddSymTab_8h" startline="75">mPositions</references>
      </memberdef>
      <memberdef kind="function" id="classbddSymTab_1a1032fa2e7ea7b67d1337579b854402fd" prot="public" static="no" const="no" explicit="no" inline="yes" virt="non-virtual">
        <type>void</type>
        <definition>void bddSymTab::removeAttribute</definition>
        <argsstring>(const string &amp;pAttribute)</argsstring>
        <name>removeAttribute</name>
        <param>
          <type>const string &amp;</type>
          <declname>pAttribute</declname>
        </param>
        <briefdescription>
        </briefdescription>
        <detaileddescription>
<para>This method changes this symbol table! Remove attribute &apos;pAttribute&apos; from SymTab. </para>        </detaileddescription>
        <inbodydescription>
        </inbodydescription>
        <location file="bddSymTab.h" line="222" bodyfile="bddSymTab.h" bodystart="221" bodyend="226"/>
        <references refid="classbddSymTab_1a59e6b2fb1fbed321295449022e19e4ef" compoundref="bddSymTab_8h" startline="73">mAttributes</references>
        <references refid="classbddSymTab_1a9c5f6c955c86450f2a28dbe23c939866" compoundref="bddSymTab_8h" startline="75">mPositions</references>
      </memberdef>
      <memberdef kind="function" id="classbddSymTab_1a2d9b02e91e849f7c1efbe90f0133735d" prot="public" static="no" const="no" explicit="no" inline="yes" virt="non-virtual">
        <type>void</type>
        <definition>void bddSymTab::removeUserAttributes</definition>
        <argsstring>(const char pAttributePrefix)</argsstring>
        <name>removeUserAttributes</name>
        <param>
          <type>const char</type>
          <declname>pAttributePrefix</declname>
        </param>
        <briefdescription>
        </briefdescription>
        <detaileddescription>
<para>This method changes this symbol table! Remove all attributes from SymTab which do not start with &apos;pAttributePrefix&apos;. </para>        </detaileddescription>
        <inbodydescription>
        </inbodydescription>
        <location file="bddSymTab.h" line="233" bodyfile="bddSymTab.h" bodystart="232" bodyend="252"/>
        <references refid="classbddSymTab_1a9c5f6c955c86450f2a28dbe23c939866" compoundref="bddSymTab_8h" startline="75">mPositions</references>
        <references refid="classbddSymTab_1a1032fa2e7ea7b67d1337579b854402fd" compoundref="bddSymTab_8h" startline="221" endline="226">removeAttribute</references>
      </memberdef>
      <memberdef kind="function" id="classbddSymTab_1addfb1b83129c7699fe6ac9db44889514" prot="public" static="no" const="yes" explicit="no" inline="yes" virt="non-virtual">
        <type>const map&lt; unsigned, string &gt;</type>
        <definition>const map&lt;unsigned,string&gt; bddSymTab::computeVariableOrder</definition>
        <argsstring>(const set&lt; string &gt; &amp;pAttributes) const </argsstring>
        <name>computeVariableOrder</name>
        <param>
          <type>const set&lt; string &gt; &amp;</type>
          <declname>pAttributes</declname>
        </param>
        <briefdescription>
        </briefdescription>
        <detaileddescription>
        </detaileddescription>
        <inbodydescription>
        </inbodydescription>
        <location file="bddSymTab.h" line="256" bodyfile="bddSymTab.h" bodystart="255" bodyend="265"/>
        <references refid="classbddSymTab_1aab25df999390749492cd006895f8c93a" compoundref="bddSymTab_8h" startline="165" endline="171">getAttributePos</references>
      </memberdef>
      <memberdef kind="function" id="classbddSymTab_1aa2017d89508d6155616b7040d09881f6" prot="public" static="no" const="yes" explicit="no" inline="yes" virt="non-virtual">
        <type>void</type>
        <definition>void bddSymTab::printValueNames</definition>
        <argsstring>(ostream &amp;pS) const </argsstring>
        <name>printValueNames</name>
        <param>
          <type>ostream &amp;</type>
          <declname>pS</declname>
        </param>
        <briefdescription>
        </briefdescription>
        <detaileddescription>
        </detaileddescription>
        <inbodydescription>
        </inbodydescription>
        <location file="bddSymTab.h" line="270" bodyfile="bddSymTab.h" bodystart="269" bodyend="295"/>
        <references refid="classbddSymTab_1a62f3a316f6c5937e65aae4f661ee1942" compoundref="bddSymTab_8h" startline="81">mAttributeNumbers</references>
        <references refid="classbddSymTab_1acff445e30bde93238601d6eb682890f7" compoundref="bddSymTab_8h" startline="83">mAttributeValues</references>
      </memberdef>
      </sectiondef>
    <briefdescription>
    </briefdescription>
    <detaileddescription>
<para>Symbol table for relations to support the binary encoding of values and attributes.</para><para>Each attribute has to be represented by some binary variables. The number of binary variables depends on the number of values in the value universe (the same for all attributes). &apos;mBitNr&apos; is the number of binary variables, let&apos;s call them bits. &apos;getUniverseSize()-1&apos; is the maximal of all encoded values. Cf. comments on top of class <ref refid="classbddRelation" kindref="compound">bddRelation</ref> for that. &apos;bddSymTab&apos; is used in the following way: Initialize the symtab with a set of all the values of the universe. Attributes can be added and removed. Because the number of bits has to be assigned, the value universe has to stay fixed after the first use of the actual position, i.e. do not reinitialize the value set. </para>    </detaileddescription>
    <inheritancegraph>
      <node id="67">
        <label>bddSymTab</label>
        <link refid="classbddSymTab"/>
        <childnode refid="68" relation="private-inheritance">
        </childnode>
      </node>
      <node id="68">
        <label>relObject</label>
        <link refid="classrelObject"/>
      </node>
    </inheritancegraph>
    <collaborationgraph>
      <node id="74">
        <label>vector&lt; string &gt;</label>
      </node>
      <node id="73">
        <label>map&lt; unsigned, string &gt;</label>
      </node>
      <node id="72">
        <label>map&lt; string, unsigned &gt;</label>
      </node>
      <node id="69">
        <label>bddSymTab</label>
        <link refid="classbddSymTab"/>
        <childnode refid="70" relation="private-inheritance">
        </childnode>
        <childnode refid="72" relation="usage">
          <edgelabel>mAttributes</edgelabel>
          <edgelabel>mAttributeNumbers</edgelabel>
        </childnode>
        <childnode refid="73" relation="usage">
          <edgelabel>mPositions</edgelabel>
        </childnode>
        <childnode refid="74" relation="usage">
          <edgelabel>mAttributeValues</edgelabel>
        </childnode>
        <childnode refid="75" relation="usage">
          <edgelabel>mIsQuoted</edgelabel>
        </childnode>
        <childnode refid="76" relation="usage">
          <edgelabel>mBitNr</edgelabel>
        </childnode>
      </node>
      <node id="70">
        <label>relObject</label>
        <link refid="classrelObject"/>
        <childnode refid="71" relation="usage">
          <edgelabel>count</edgelabel>
        </childnode>
      </node>
      <node id="71">
        <label>static long</label>
      </node>
      <node id="76">
        <label>unsigned</label>
      </node>
      <node id="75">
        <label>set&lt; string &gt;</label>
      </node>
    </collaborationgraph>
    <location file="bddSymTab.h" line="62" bodyfile="bddSymTab.h" bodystart="61" bodyend="297"/>
    <listofallmembers>
      <member refid="classbddSymTab_1a677d202fabc72c352c25c0dd6c2ec4e6" prot="public" virt="non-virtual"><scope>bddSymTab</scope><name>addAttribute</name></member>
      <member refid="classbddSymTab_1a1278439587677fcd42c7741fc98b62d0" prot="private" virt="non-virtual"><scope>bddSymTab</scope><name>bddSymTab</name></member>
      <member refid="classbddSymTab_1ad56a610e3a46807e592ab887687cbe99" prot="public" virt="non-virtual"><scope>bddSymTab</scope><name>bddSymTab</name></member>
      <member refid="classbddSymTab_1addfb1b83129c7699fe6ac9db44889514" prot="public" virt="non-virtual"><scope>bddSymTab</scope><name>computeVariableOrder</name></member>
      <member refid="classbddSymTab_1aab25df999390749492cd006895f8c93a" prot="public" virt="non-virtual"><scope>bddSymTab</scope><name>getAttributePos</name></member>
      <member refid="classbddSymTab_1ae5f5a2f8923ab4a20987b11fd356371b" prot="public" virt="non-virtual"><scope>bddSymTab</scope><name>getAttributeValue</name></member>
      <member refid="classbddSymTab_1a5cb9ee7af96d24470c13190601f93034" prot="public" virt="non-virtual"><scope>bddSymTab</scope><name>getBitNr</name></member>
      <member refid="classrelObject_1ad987378e185fff56551fb78be0a3e971" prot="private" virt="non-virtual"><scope>bddSymTab</scope><name>GetCount</name></member>
      <member refid="classbddSymTab_1a00ec3683887e1a65bc4c7297f7dcfdfc" prot="public" virt="non-virtual"><scope>bddSymTab</scope><name>getUniverseSize</name></member>
      <member refid="classbddSymTab_1afbcc9b7af2e1444d915461eb502b477f" prot="public" virt="non-virtual"><scope>bddSymTab</scope><name>getValueNum</name></member>
      <member refid="classbddSymTab_1a84247b4b413c3e40d6a61fc8038c6d31" prot="public" virt="non-virtual"><scope>bddSymTab</scope><name>initValueUniverse</name></member>
      <member refid="classbddSymTab_1a1f1704f29c5050e35b313e853cb46fe2" prot="public" virt="non-virtual"><scope>bddSymTab</scope><name>isQuoted</name></member>
      <member refid="classbddSymTab_1ad6503d2fa5b882a6da7cbba3f8d1aa75" prot="public" virt="non-virtual"><scope>bddSymTab</scope><name>isValueGood</name></member>
      <member refid="classbddSymTab_1a62f3a316f6c5937e65aae4f661ee1942" prot="private" virt="non-virtual"><scope>bddSymTab</scope><name>mAttributeNumbers</name></member>
      <member refid="classbddSymTab_1a59e6b2fb1fbed321295449022e19e4ef" prot="private" virt="non-virtual"><scope>bddSymTab</scope><name>mAttributes</name></member>
      <member refid="classbddSymTab_1acff445e30bde93238601d6eb682890f7" prot="private" virt="non-virtual"><scope>bddSymTab</scope><name>mAttributeValues</name></member>
      <member refid="classbddSymTab_1ab5bfe6edbb9931bb0148d620f2585467" prot="private" virt="non-virtual"><scope>bddSymTab</scope><name>mBitNr</name></member>
      <member refid="classbddSymTab_1a96fb0d4f484dfbd7a02bb38c2e7fb5eb" prot="private" virt="non-virtual"><scope>bddSymTab</scope><name>mIsQuoted</name></member>
      <member refid="classbddSymTab_1a9c5f6c955c86450f2a28dbe23c939866" prot="private" virt="non-virtual"><scope>bddSymTab</scope><name>mPositions</name></member>
      <member refid="classbddSymTab_1a73f9ddaa4473d911f967d1bae8042a57" prot="private" virt="non-virtual"><scope>bddSymTab</scope><name>operator,</name></member>
      <member refid="classbddSymTab_1a48ba7cc49f7b701504c9e9c142e79b8e" prot="private" virt="non-virtual"><scope>bddSymTab</scope><name>operator=</name></member>
      <member refid="classbddSymTab_1aa2017d89508d6155616b7040d09881f6" prot="public" virt="non-virtual"><scope>bddSymTab</scope><name>printValueNames</name></member>
      <member refid="classrelObject_1aa8fc3941bf9f84e8cf90a821cb0a2d15" prot="private" virt="non-virtual"><scope>bddSymTab</scope><name>relObject</name></member>
      <member refid="classrelObject_1a88249926871015e4149a7468ec845b99" prot="private" virt="non-virtual"><scope>bddSymTab</scope><name>relObject</name></member>
      <member refid="classbddSymTab_1a1032fa2e7ea7b67d1337579b854402fd" prot="public" virt="non-virtual"><scope>bddSymTab</scope><name>removeAttribute</name></member>
      <member refid="classbddSymTab_1a2d9b02e91e849f7c1efbe90f0133735d" prot="public" virt="non-virtual"><scope>bddSymTab</scope><name>removeUserAttributes</name></member>
      <member refid="classbddSymTab_1a1451e5e2fc069290b28aaf281f66ab5c" prot="public" virt="non-virtual"><scope>bddSymTab</scope><name>setQuoted</name></member>
      <member refid="classbddSymTab_1a8a76b31b40c37297ac94b01e49abb72d" prot="public" virt="non-virtual"><scope>bddSymTab</scope><name>~bddSymTab</name></member>
      <member refid="classrelObject_1a4fb533b43971834655cd0cb1323f979b" prot="private" virt="virtual"><scope>bddSymTab</scope><name>~relObject</name></member>
    </listofallmembers>
  </compounddef>
</doxygen>
