<?xml version='1.0' encoding='UTF-8' standalone='no'?>
<doxygen xmlns:xsi="http://www.w3.org/2001/XMLSchema-instance" xsi:noNamespaceSchemaLocation="compound.xsd" version="1.6.1">
  <compounddef id="classrelStmtIf" kind="class" prot="public">
    <compoundname>relStmtIf</compoundname>
    <basecompoundref refid="classrelStatement" prot="public" virt="non-virtual">relStatement</basecompoundref>
    <includes refid="relStatement_8h" local="no">relStatement.h</includes>
      <sectiondef kind="private-attrib">
      <memberdef kind="variable" id="classrelStmtIf_1afb87c21430b830b3463b02ffe10e1df2" prot="private" static="no" mutable="no">
        <type><ref refid="classrelExpression" kindref="compound">relExpression</ref> *</type>
        <definition>relExpression* relStmtIf::mExpr</definition>
        <argsstring></argsstring>
        <name>mExpr</name>
        <briefdescription>
        </briefdescription>
        <detaileddescription>
        </detaileddescription>
        <inbodydescription>
        </inbodydescription>
        <location file="relStatement.h" line="399" bodyfile="relStatement.h" bodystart="399" bodyend="-1"/>
      </memberdef>
      <memberdef kind="variable" id="classrelStmtIf_1a41e3cc62337442f78d29bf69166b99df" prot="private" static="no" mutable="no">
        <type><ref refid="classrelStatement" kindref="compound">relStatement</ref> *</type>
        <definition>relStatement* relStmtIf::mStmtThen</definition>
        <argsstring></argsstring>
        <name>mStmtThen</name>
        <briefdescription>
        </briefdescription>
        <detaileddescription>
        </detaileddescription>
        <inbodydescription>
        </inbodydescription>
        <location file="relStatement.h" line="400" bodyfile="relStatement.h" bodystart="400" bodyend="-1"/>
      </memberdef>
      <memberdef kind="variable" id="classrelStmtIf_1afa430233e67775825f1855ed3373fd14" prot="private" static="no" mutable="no">
        <type><ref refid="classrelStatement" kindref="compound">relStatement</ref> *</type>
        <definition>relStatement* relStmtIf::mStmtElse</definition>
        <argsstring></argsstring>
        <name>mStmtElse</name>
        <briefdescription>
        </briefdescription>
        <detaileddescription>
        </detaileddescription>
        <inbodydescription>
        </inbodydescription>
        <location file="relStatement.h" line="401" bodyfile="relStatement.h" bodystart="401" bodyend="-1"/>
      </memberdef>
      </sectiondef>
      <sectiondef kind="public-func">
      <memberdef kind="function" id="classrelStmtIf_1afa515ec251766bb040ad0d2ab42a4d39" prot="public" static="no" const="no" explicit="no" inline="yes" virt="non-virtual">
        <type></type>
        <definition>relStmtIf::relStmtIf</definition>
        <argsstring>(relExpression *pExpr, relStatement *pStmtThen, relStatement *pStmtElse)</argsstring>
        <name>relStmtIf</name>
        <param>
          <type><ref refid="classrelExpression" kindref="compound">relExpression</ref> *</type>
          <declname>pExpr</declname>
        </param>
        <param>
          <type><ref refid="classrelStatement" kindref="compound">relStatement</ref> *</type>
          <declname>pStmtThen</declname>
        </param>
        <param>
          <type><ref refid="classrelStatement" kindref="compound">relStatement</ref> *</type>
          <declname>pStmtElse</declname>
        </param>
        <briefdescription>
        </briefdescription>
        <detaileddescription>
        </detaileddescription>
        <inbodydescription>
        </inbodydescription>
        <location file="relStatement.h" line="409" bodyfile="relStatement.h" bodystart="403" bodyend="409"/>
      </memberdef>
      <memberdef kind="function" id="classrelStmtIf_1a85fd2e5c0999a30a340b28c7ad0712b9" prot="public" static="no" const="no" explicit="no" inline="yes" virt="non-virtual">
        <type></type>
        <definition>relStmtIf::~relStmtIf</definition>
        <argsstring>()</argsstring>
        <name>~relStmtIf</name>
        <briefdescription>
        </briefdescription>
        <detaileddescription>
        </detaileddescription>
        <inbodydescription>
        </inbodydescription>
        <location file="relStatement.h" line="412" bodyfile="relStatement.h" bodystart="411" bodyend="416"/>
        <references refid="classrelStmtIf_1afb87c21430b830b3463b02ffe10e1df2" compoundref="relStatement_8h" startline="399">mExpr</references>
        <references refid="classrelStmtIf_1afa430233e67775825f1855ed3373fd14" compoundref="relStatement_8h" startline="401">mStmtElse</references>
        <references refid="classrelStmtIf_1a41e3cc62337442f78d29bf69166b99df" compoundref="relStatement_8h" startline="400">mStmtThen</references>
      </memberdef>
      <memberdef kind="function" id="classrelStmtIf_1a152ed66e4ffe978234dc78652b9bf779" prot="public" static="no" const="no" explicit="no" inline="yes" virt="virtual">
        <type>void</type>
        <definition>virtual void relStmtIf::interpret</definition>
        <argsstring>(bddSymTab *pSymTab)</argsstring>
        <name>interpret</name>
        <reimplements refid="classrelStatement_1a9b50ccc1d8f5a9df3dbe754be438f8da">interpret</reimplements>
        <param>
          <type><ref refid="classbddSymTab" kindref="compound">bddSymTab</ref> *</type>
          <declname>pSymTab</declname>
        </param>
        <briefdescription>
        </briefdescription>
        <detaileddescription>
        </detaileddescription>
        <inbodydescription>
        </inbodydescription>
        <location file="relStatement.h" line="420" bodyfile="relStatement.h" bodystart="419" bodyend="435"/>
        <references refid="crocopat_8cpp_1a92c4a8dafce942b863e49715ceea637b" compoundref="crocopat_8cpp" startline="65">gAttributePrefix</references>
        <references refid="crocopat_8cpp_1a92c8b6d3e0236f73e872068b12be9f0f" compoundref="crocopat_8cpp" startline="58">gPrintWarnings</references>
        <references refid="classrelStatement_1a9b50ccc1d8f5a9df3dbe754be438f8da">relStatement::interpret</references>
        <references refid="classrelExpression_1a2659d1b3b785d5d00993a0364577bc61">relExpression::interpret</references>
        <references refid="classrelStmtIf_1afb87c21430b830b3463b02ffe10e1df2" compoundref="relStatement_8h" startline="399">mExpr</references>
        <references refid="classrelStmtIf_1afa430233e67775825f1855ed3373fd14" compoundref="relStatement_8h" startline="401">mStmtElse</references>
        <references refid="classrelStmtIf_1a41e3cc62337442f78d29bf69166b99df" compoundref="relStatement_8h" startline="400">mStmtThen</references>
        <references refid="classbddSymTab_1a2d9b02e91e849f7c1efbe90f0133735d" compoundref="bddSymTab_8h" startline="232" endline="252">bddSymTab::removeUserAttributes</references>
        <references refid="classbddRelation_1a230afed75845fcfb9f9246c032f6e26f" compoundref="bddRelation_8h" startline="305" endline="307">bddRelation::setEqual</references>
      </memberdef>
      </sectiondef>
    <briefdescription>
    </briefdescription>
    <detaileddescription>
    </detaileddescription>
    <inheritancegraph>
      <node id="505">
        <label>relStatement</label>
        <link refid="classrelStatement"/>
        <childnode refid="506" relation="public-inheritance">
        </childnode>
      </node>
      <node id="504">
        <label>relStmtIf</label>
        <link refid="classrelStmtIf"/>
        <childnode refid="505" relation="public-inheritance">
        </childnode>
      </node>
      <node id="506">
        <label>relObject</label>
        <link refid="classrelObject"/>
      </node>
    </inheritancegraph>
    <collaborationgraph>
      <node id="511">
        <label>relExpression</label>
        <link refid="classrelExpression"/>
        <childnode refid="509" relation="public-inheritance">
        </childnode>
      </node>
      <node id="508">
        <label>relStatement</label>
        <link refid="classrelStatement"/>
        <childnode refid="509" relation="public-inheritance">
        </childnode>
      </node>
      <node id="507">
        <label>relStmtIf</label>
        <link refid="classrelStmtIf"/>
        <childnode refid="508" relation="public-inheritance">
        </childnode>
        <childnode refid="508" relation="usage">
          <edgelabel>mStmtElse</edgelabel>
          <edgelabel>mStmtThen</edgelabel>
        </childnode>
        <childnode refid="511" relation="usage">
          <edgelabel>mExpr</edgelabel>
        </childnode>
      </node>
      <node id="509">
        <label>relObject</label>
        <link refid="classrelObject"/>
        <childnode refid="510" relation="usage">
          <edgelabel>count</edgelabel>
        </childnode>
      </node>
      <node id="510">
        <label>static long</label>
      </node>
    </collaborationgraph>
    <location file="relStatement.h" line="397" bodyfile="relStatement.h" bodystart="396" bodyend="436"/>
    <listofallmembers>
      <member refid="classrelObject_1ad987378e185fff56551fb78be0a3e971" prot="public" virt="non-virtual"><scope>relStmtIf</scope><name>GetCount</name></member>
      <member refid="classrelStmtIf_1a152ed66e4ffe978234dc78652b9bf779" prot="public" virt="virtual"><scope>relStmtIf</scope><name>interpret</name></member>
      <member refid="classrelStmtIf_1afb87c21430b830b3463b02ffe10e1df2" prot="private" virt="non-virtual"><scope>relStmtIf</scope><name>mExpr</name></member>
      <member refid="classrelStmtIf_1afa430233e67775825f1855ed3373fd14" prot="private" virt="non-virtual"><scope>relStmtIf</scope><name>mStmtElse</name></member>
      <member refid="classrelStmtIf_1a41e3cc62337442f78d29bf69166b99df" prot="private" virt="non-virtual"><scope>relStmtIf</scope><name>mStmtThen</name></member>
      <member refid="classrelObject_1aa8fc3941bf9f84e8cf90a821cb0a2d15" prot="public" virt="non-virtual"><scope>relStmtIf</scope><name>relObject</name></member>
      <member refid="classrelObject_1a88249926871015e4149a7468ec845b99" prot="public" virt="non-virtual"><scope>relStmtIf</scope><name>relObject</name></member>
      <member refid="classrelStmtIf_1afa515ec251766bb040ad0d2ab42a4d39" prot="public" virt="non-virtual"><scope>relStmtIf</scope><name>relStmtIf</name></member>
      <member refid="classrelObject_1a4fb533b43971834655cd0cb1323f979b" prot="public" virt="virtual"><scope>relStmtIf</scope><name>~relObject</name></member>
      <member refid="classrelStmtIf_1a85fd2e5c0999a30a340b28c7ad0712b9" prot="public" virt="non-virtual"><scope>relStmtIf</scope><name>~relStmtIf</name></member>
    </listofallmembers>
  </compounddef>
</doxygen>
