<?xml version='1.0' encoding='UTF-8' standalone='no'?>
<doxygen xmlns:xsi="http://www.w3.org/2001/XMLSchema-instance" xsi:noNamespaceSchemaLocation="compound.xsd" version="1.6.1">
  <compounddef id="crocopat_8cpp" kind="file">
    <compoundname>crocopat.cpp</compoundname>
    <includes refid="bddBdd_8h" local="yes">bddBdd.h</includes>
    <includes refid="relStatement_8h" local="yes">relStatement.h</includes>
    <includes local="no">FlexLexer.h</includes>
    <includes refid="relReaderWriter_8h" local="yes">relReaderWriter.h</includes>
    <includes local="no">fstream</includes>
    <includes local="no">sstream</includes>
    <includes local="no">cstdlib</includes>
    <includes local="no">cstdio</includes>
    <includes local="no">cmath</includes>
    <includes local="no">csignal</includes>
    <includes local="no">unistd.h</includes>
    <includes local="no">time.h</includes>
    <includes local="no">cstring</includes>
    <incdepgraph>
      <node id="100">
        <label>FlexLexer.h</label>
      </node>
      <node id="98">
        <label>iterator</label>
      </node>
      <node id="92">
        <label>relString.h</label>
        <link refid="relString_8h"/>
        <childnode refid="89" relation="include">
        </childnode>
      </node>
      <node id="94">
        <label>relNumber.h</label>
        <link refid="relNumber_8h"/>
        <childnode refid="89" relation="include">
        </childnode>
      </node>
      <node id="95">
        <label>cmath</label>
      </node>
      <node id="80">
        <label>cassert</label>
      </node>
      <node id="90">
        <label>relTerm.h</label>
        <link refid="relTerm_8h"/>
        <childnode refid="91" relation="include">
        </childnode>
      </node>
      <node id="84">
        <label>bddRelation.h</label>
        <link refid="bddRelation_8h"/>
        <childnode refid="73" relation="include">
        </childnode>
        <childnode refid="85" relation="include">
        </childnode>
        <childnode refid="89" relation="include">
        </childnode>
      </node>
      <node id="91">
        <label>relStrExpr.h</label>
        <link refid="relStrExpr_8h"/>
        <childnode refid="92" relation="include">
        </childnode>
        <childnode refid="93" relation="include">
        </childnode>
        <childnode refid="87" relation="include">
        </childnode>
        <childnode refid="96" relation="include">
        </childnode>
      </node>
      <node id="87">
        <label>string</label>
      </node>
      <node id="79">
        <label>map</label>
      </node>
      <node id="101">
        <label>relReaderWriter.h</label>
        <link refid="relReaderWriter_8h"/>
        <childnode refid="74" relation="include">
        </childnode>
        <childnode refid="76" relation="include">
        </childnode>
      </node>
      <node id="82">
        <label>relPrintExpr.h</label>
        <link refid="relPrintExpr_8h"/>
        <childnode refid="83" relation="include">
        </childnode>
      </node>
      <node id="97">
        <label>fstream</label>
      </node>
      <node id="73">
        <label>bddBdd.h</label>
        <link refid="bddBdd_8h"/>
        <childnode refid="74" relation="include">
        </childnode>
        <childnode refid="77" relation="include">
        </childnode>
        <childnode refid="78" relation="include">
        </childnode>
        <childnode refid="79" relation="include">
        </childnode>
        <childnode refid="80" relation="include">
        </childnode>
      </node>
      <node id="85">
        <label>bddSymTab.h</label>
        <link refid="bddSymTab_8h"/>
        <childnode refid="86" relation="include">
        </childnode>
        <childnode refid="74" relation="include">
        </childnode>
        <childnode refid="87" relation="include">
        </childnode>
        <childnode refid="79" relation="include">
        </childnode>
        <childnode refid="78" relation="include">
        </childnode>
        <childnode refid="77" relation="include">
        </childnode>
        <childnode refid="80" relation="include">
        </childnode>
        <childnode refid="88" relation="include">
        </childnode>
      </node>
      <node id="72">
        <label>crocopat.cpp</label>
        <link refid="crocopat.cpp"/>
        <childnode refid="73" relation="include">
        </childnode>
        <childnode refid="81" relation="include">
        </childnode>
        <childnode refid="100" relation="include">
        </childnode>
        <childnode refid="101" relation="include">
        </childnode>
        <childnode refid="97" relation="include">
        </childnode>
        <childnode refid="96" relation="include">
        </childnode>
        <childnode refid="75" relation="include">
        </childnode>
        <childnode refid="102" relation="include">
        </childnode>
        <childnode refid="95" relation="include">
        </childnode>
        <childnode refid="103" relation="include">
        </childnode>
        <childnode refid="104" relation="include">
        </childnode>
        <childnode refid="105" relation="include">
        </childnode>
        <childnode refid="106" relation="include">
        </childnode>
      </node>
      <node id="102">
        <label>cstdio</label>
      </node>
      <node id="81">
        <label>relStatement.h</label>
        <link refid="relStatement_8h"/>
        <childnode refid="82" relation="include">
        </childnode>
      </node>
      <node id="104">
        <label>unistd.h</label>
      </node>
      <node id="77">
        <label>vector</label>
      </node>
      <node id="89">
        <label>relDataType.h</label>
        <link refid="relDataType_8h"/>
        <childnode refid="74" relation="include">
        </childnode>
      </node>
      <node id="86">
        <label>reprNUMBER.h</label>
        <link refid="reprNUMBER_8h"/>
      </node>
      <node id="96">
        <label>sstream</label>
      </node>
      <node id="83">
        <label>relExpression.h</label>
        <link refid="relExpression_8h"/>
        <childnode refid="84" relation="include">
        </childnode>
        <childnode refid="90" relation="include">
        </childnode>
        <childnode refid="87" relation="include">
        </childnode>
        <childnode refid="97" relation="include">
        </childnode>
        <childnode refid="98" relation="include">
        </childnode>
        <childnode refid="99" relation="include">
        </childnode>
      </node>
      <node id="105">
        <label>time.h</label>
      </node>
      <node id="75">
        <label>cstdlib</label>
      </node>
      <node id="76">
        <label>iostream</label>
      </node>
      <node id="74">
        <label>relObject.h</label>
        <link refid="relObject_8h"/>
        <childnode refid="75" relation="include">
        </childnode>
        <childnode refid="76" relation="include">
        </childnode>
      </node>
      <node id="88">
        <label>climits</label>
      </node>
      <node id="103">
        <label>csignal</label>
      </node>
      <node id="93">
        <label>relNumExpr.h</label>
        <link refid="relNumExpr_8h"/>
        <childnode refid="94" relation="include">
        </childnode>
        <childnode refid="85" relation="include">
        </childnode>
        <childnode refid="87" relation="include">
        </childnode>
        <childnode refid="79" relation="include">
        </childnode>
        <childnode refid="95" relation="include">
        </childnode>
      </node>
      <node id="78">
        <label>set</label>
      </node>
      <node id="99">
        <label>regex.h</label>
      </node>
      <node id="106">
        <label>cstring</label>
      </node>
    </incdepgraph>
      <sectiondef kind="define">
      <memberdef kind="define" id="crocopat_8cpp_1a6df1d22fb5f09eccc23b9f399670cfd7" prot="public" static="no">
        <name>STRINGIFY</name>
        <param><defname>x</defname></param>
        <initializer>#x</initializer>
        <briefdescription>
        </briefdescription>
        <detaileddescription>
        </detaileddescription>
        <inbodydescription>
        </inbodydescription>
        <location file="crocopat.cpp" line="287" bodyfile="crocopat.cpp" bodystart="287" bodyend="-1"/>
      </memberdef>
      <memberdef kind="define" id="crocopat_8cpp_1ae4b532a93c757194ec73b6790a3e6b1f" prot="public" static="no">
        <name>EXPAND</name>
        <param><defname>x</defname></param>
        <initializer>STRINGIFY(x)</initializer>
        <briefdescription>
        </briefdescription>
        <detaileddescription>
        </detaileddescription>
        <inbodydescription>
        </inbodydescription>
        <location file="crocopat.cpp" line="288" bodyfile="crocopat.cpp" bodystart="288" bodyend="-1"/>
      </memberdef>
      </sectiondef>
      <sectiondef kind="var">
      <memberdef kind="variable" id="crocopat_8cpp_1abfb4c6036f72b0e3613ee5bb73add512" prot="public" static="no" mutable="no">
        <type>yyFlexLexer</type>
        <definition>yyFlexLexer gScanner</definition>
        <argsstring></argsstring>
        <name>gScanner</name>
        <briefdescription>
<para>Global variables for scanner, parser, interpreter.. </para>        </briefdescription>
        <detaileddescription>
        </detaileddescription>
        <inbodydescription>
        </inbodydescription>
        <location file="crocopat.cpp" line="51" bodyfile="crocopat.cpp" bodystart="51" bodyend="-1"/>
      </memberdef>
      <memberdef kind="variable" id="crocopat_8cpp_1aa222cc6853276557bd16a1dbe4ac3106" prot="public" static="no" mutable="no">
        <type>int</type>
        <definition>int gNoParseErrs</definition>
        <argsstring></argsstring>
        <name>gNoParseErrs</name>
        <initializer> 0</initializer>
        <briefdescription>
        </briefdescription>
        <detaileddescription>
        </detaileddescription>
        <inbodydescription>
        </inbodydescription>
        <location file="crocopat.cpp" line="52" bodyfile="crocopat.cpp" bodystart="52" bodyend="-1"/>
      </memberdef>
      <memberdef kind="variable" id="crocopat_8cpp_1af510fe5274dc4b41a85148b9ceb008b1" prot="public" static="no" mutable="no">
        <type>string *</type>
        <definition>string* gLibFileName</definition>
        <argsstring></argsstring>
        <name>gLibFileName</name>
        <initializer> NULL</initializer>
        <briefdescription>
        </briefdescription>
        <detaileddescription>
        </detaileddescription>
        <inbodydescription>
        </inbodydescription>
        <location file="crocopat.cpp" line="53" bodyfile="crocopat.cpp" bodystart="53" bodyend="-1"/>
      </memberdef>
      <memberdef kind="variable" id="crocopat_8cpp_1a9be4e1f6a8e9d964f94d12debcb87df2" prot="public" static="no" mutable="no">
        <type><ref refid="classbddSymTab" kindref="compound">bddSymTab</ref> *</type>
        <definition>bddSymTab* gSymTab</definition>
        <argsstring></argsstring>
        <name>gSymTab</name>
        <initializer> NULL</initializer>
        <briefdescription>
        </briefdescription>
        <detaileddescription>
        </detaileddescription>
        <inbodydescription>
        </inbodydescription>
        <location file="crocopat.cpp" line="54" bodyfile="crocopat.cpp" bodystart="54" bodyend="-1"/>
      </memberdef>
      <memberdef kind="variable" id="crocopat_8cpp_1ae14d2a0f7e6aac9c2debdeddf87fda6b" prot="public" static="no" mutable="no">
        <type><ref refid="classrelStatement" kindref="compound">relStatement</ref> *</type>
        <definition>relStatement* gSyntaxTree</definition>
        <argsstring></argsstring>
        <name>gSyntaxTree</name>
        <initializer> NULL</initializer>
        <briefdescription>
        </briefdescription>
        <detaileddescription>
        </detaileddescription>
        <inbodydescription>
        </inbodydescription>
        <location file="crocopat.cpp" line="55" bodyfile="crocopat.cpp" bodystart="55" bodyend="-1"/>
      </memberdef>
      <memberdef kind="variable" id="crocopat_8cpp_1aaa4271014ffca3d5839db383c88c5ea9" prot="public" static="no" mutable="no">
        <type>map&lt; string, <ref refid="classrelDataType" kindref="compound">relDataType</ref> * &gt;</type>
        <definition>map&lt;string, relDataType*&gt; gVariables</definition>
        <argsstring></argsstring>
        <name>gVariables</name>
        <briefdescription>
<para>Global variables for interpreter. </para>        </briefdescription>
        <detaileddescription>
        </detaileddescription>
        <inbodydescription>
        </inbodydescription>
        <location file="crocopat.cpp" line="56" bodyfile="crocopat.cpp" bodystart="56" bodyend="-1"/>
      </memberdef>
      <memberdef kind="variable" id="crocopat_8cpp_1a07d978fcf5b95ccf4f3241c5298620f0" prot="public" static="no" mutable="no">
        <type>map&lt; string, <ref refid="classrelStatement" kindref="compound">relStatement</ref> * &gt;</type>
        <definition>map&lt;string, relStatement*&gt; gProcedures</definition>
        <argsstring></argsstring>
        <name>gProcedures</name>
        <briefdescription>
        </briefdescription>
        <detaileddescription>
        </detaileddescription>
        <inbodydescription>
        </inbodydescription>
        <location file="crocopat.cpp" line="57" bodyfile="crocopat.cpp" bodystart="57" bodyend="-1"/>
      </memberdef>
      <memberdef kind="variable" id="crocopat_8cpp_1a92c8b6d3e0236f73e872068b12be9f0f" prot="public" static="no" mutable="no">
        <type>bool</type>
        <definition>bool gPrintWarnings</definition>
        <argsstring></argsstring>
        <name>gPrintWarnings</name>
        <initializer> true</initializer>
        <briefdescription>
        </briefdescription>
        <detaileddescription>
        </detaileddescription>
        <inbodydescription>
        </inbodydescription>
        <location file="crocopat.cpp" line="58" bodyfile="crocopat.cpp" bodystart="58" bodyend="-1"/>
      </memberdef>
      <memberdef kind="variable" id="crocopat_8cpp_1a4948ffd0ac5cf91b012a5281b5d824dd" prot="public" static="no" mutable="no">
        <type>const unsigned</type>
        <definition>const unsigned gRSFLineLength</definition>
        <argsstring></argsstring>
        <name>gRSFLineLength</name>
        <initializer> 100000</initializer>
        <briefdescription>
<para>Global variable for BDD init, RSF reader, symtab init. </para>        </briefdescription>
        <detaileddescription>
        </detaileddescription>
        <inbodydescription>
        </inbodydescription>
        <location file="crocopat.cpp" line="61" bodyfile="crocopat.cpp" bodystart="61" bodyend="-1"/>
      </memberdef>
      <memberdef kind="variable" id="crocopat_8cpp_1a34af91cd90a88c18b9a4b4fee31a619f" prot="public" static="no" mutable="no">
        <type>const char *</type>
        <definition>const char* gRSFDelimiter</definition>
        <argsstring></argsstring>
        <name>gRSFDelimiter</name>
        <initializer> &quot; \t\f\r\v\n&quot;</initializer>
        <briefdescription>
        </briefdescription>
        <detaileddescription>
        </detaileddescription>
        <inbodydescription>
        </inbodydescription>
        <location file="crocopat.cpp" line="62" bodyfile="crocopat.cpp" bodystart="62" bodyend="-1"/>
      </memberdef>
      <memberdef kind="variable" id="crocopat_8cpp_1a709c111fb75182a289963927550ee07a" prot="public" static="no" mutable="no">
        <type>char *</type>
        <definition>char* gReadPos</definition>
        <argsstring></argsstring>
        <name>gReadPos</name>
        <initializer>   NULL</initializer>
        <briefdescription>
        </briefdescription>
        <detaileddescription>
        </detaileddescription>
        <inbodydescription>
        </inbodydescription>
        <location file="crocopat.cpp" line="63" bodyfile="crocopat.cpp" bodystart="63" bodyend="-1"/>
      </memberdef>
      <memberdef kind="variable" id="crocopat_8cpp_1a94bb68b440a90792dc147f319ce8f899" prot="public" static="no" mutable="no">
        <type>const unsigned</type>
        <definition>const unsigned gAttributeNum</definition>
        <argsstring></argsstring>
        <name>gAttributeNum</name>
        <initializer>   1000</initializer>
        <briefdescription>
        </briefdescription>
        <detaileddescription>
        </detaileddescription>
        <inbodydescription>
        </inbodydescription>
        <location file="crocopat.cpp" line="64" bodyfile="crocopat.cpp" bodystart="64" bodyend="-1"/>
      </memberdef>
      <memberdef kind="variable" id="crocopat_8cpp_1a92c4a8dafce942b863e49715ceea637b" prot="public" static="no" mutable="no">
        <type>const char</type>
        <definition>const char gAttributePrefix</definition>
        <argsstring></argsstring>
        <name>gAttributePrefix</name>
        <initializer>    &apos;.&apos;</initializer>
        <briefdescription>
        </briefdescription>
        <detaileddescription>
        </detaileddescription>
        <inbodydescription>
        </inbodydescription>
        <location file="crocopat.cpp" line="65" bodyfile="crocopat.cpp" bodystart="65" bodyend="-1"/>
      </memberdef>
      <memberdef kind="variable" id="crocopat_8cpp_1a848c3899102f7505c3ab45f14e0985aa" prot="public" static="no" mutable="no">
        <type>set&lt; string &gt;</type>
        <definition>set&lt;string&gt; gValueUniverse</definition>
        <argsstring></argsstring>
        <name>gValueUniverse</name>
        <briefdescription>
        </briefdescription>
        <detaileddescription>
        </detaileddescription>
        <inbodydescription>
        </inbodydescription>
        <location file="crocopat.cpp" line="66" bodyfile="crocopat.cpp" bodystart="66" bodyend="-1"/>
      </memberdef>
      <memberdef kind="variable" id="crocopat_8cpp_1ae5a17e5ac9b74e05f65b8685b8381607" prot="public" static="no" mutable="no">
        <type>clock_t</type>
        <definition>clock_t gStart</definition>
        <argsstring></argsstring>
        <name>gStart</name>
        <initializer> 0</initializer>
        <briefdescription>
<para>Time measurement. </para>        </briefdescription>
        <detaileddescription>
        </detaileddescription>
        <inbodydescription>
        </inbodydescription>
        <location file="crocopat.cpp" line="69" bodyfile="crocopat.cpp" bodystart="69" bodyend="-1"/>
      </memberdef>
      <memberdef kind="variable" id="crocopat_8cpp_1a4ab2a0bcf08ca011353b308862d6e554" prot="public" static="no" mutable="no">
        <type>char **</type>
        <definition>char** gArgv</definition>
        <argsstring></argsstring>
        <name>gArgv</name>
        <briefdescription>
<para>Cmd line arg handling for the interpreter. </para>        </briefdescription>
        <detaileddescription>
        </detaileddescription>
        <inbodydescription>
        </inbodydescription>
        <location file="crocopat.cpp" line="72" bodyfile="crocopat.cpp" bodystart="72" bodyend="-1"/>
      </memberdef>
      <memberdef kind="variable" id="crocopat_8cpp_1ae98bf8c5793e3f98589562d77b7aeadc" prot="public" static="no" mutable="no">
        <type>int</type>
        <definition>int gArgc</definition>
        <argsstring></argsstring>
        <name>gArgc</name>
        <briefdescription>
        </briefdescription>
        <detaileddescription>
        </detaileddescription>
        <inbodydescription>
        </inbodydescription>
        <location file="crocopat.cpp" line="73" bodyfile="crocopat.cpp" bodystart="73" bodyend="-1"/>
      </memberdef>
      </sectiondef>
      <sectiondef kind="func">
      <memberdef kind="function" id="crocopat_8cpp_1a847a2de5c1c28c9d7055a2b89ed7dad7" prot="public" static="no" const="no" explicit="no" inline="no" virt="non-virtual">
        <type>int</type>
        <definition>int yyparse</definition>
        <argsstring>(void)</argsstring>
        <name>yyparse</name>
        <param>
          <type>void</type>
        </param>
        <briefdescription>
<para>Global function. </para>        </briefdescription>
        <detaileddescription>
        </detaileddescription>
        <inbodydescription>
        </inbodydescription>
        <location file="crocopat.cpp" line="48"/>
      </memberdef>
      <memberdef kind="function" id="crocopat_8cpp_1ae8b5a0f8cf906555c9c4aa3a67e2ae69" prot="public" static="no" const="no" explicit="no" inline="no" virt="non-virtual">
        <type>double</type>
        <definition>double string2double</definition>
        <argsstring>(string pStr)</argsstring>
        <name>string2double</name>
        <param>
          <type>string</type>
          <declname>pStr</declname>
        </param>
        <briefdescription>
        </briefdescription>
        <detaileddescription>
        </detaileddescription>
        <inbodydescription>
        </inbodydescription>
        <location file="crocopat.cpp" line="79" bodyfile="crocopat.cpp" bodystart="78" bodyend="81"/>
      </memberdef>
      <memberdef kind="function" id="crocopat_8cpp_1a817bb33a67c398a4568ea0d74b19e7f9" prot="public" static="no" const="no" explicit="no" inline="no" virt="non-virtual">
        <type>string</type>
        <definition>string double2string</definition>
        <argsstring>(double pNum)</argsstring>
        <name>double2string</name>
        <param>
          <type>double</type>
          <declname>pNum</declname>
        </param>
        <briefdescription>
<para>Global function. </para>        </briefdescription>
        <detaileddescription>
        </detaileddescription>
        <inbodydescription>
        </inbodydescription>
        <location file="crocopat.cpp" line="86" bodyfile="crocopat.cpp" bodystart="85" bodyend="92"/>
      </memberdef>
      <memberdef kind="function" id="crocopat_8cpp_1aa01e33ba29c5513806b31599308f3ab5" prot="public" static="no" const="no" explicit="no" inline="no" virt="non-virtual">
        <type>string</type>
        <definition>string unsigned2string</definition>
        <argsstring>(unsigned pUnsigned)</argsstring>
        <name>unsigned2string</name>
        <param>
          <type>unsigned</type>
          <declname>pUnsigned</declname>
        </param>
        <briefdescription>
<para>Global functions. </para>        </briefdescription>
        <detaileddescription>
        </detaileddescription>
        <inbodydescription>
        </inbodydescription>
        <location file="crocopat.cpp" line="97" bodyfile="crocopat.cpp" bodystart="96" bodyend="103"/>
      </memberdef>
      <memberdef kind="function" id="crocopat_8cpp_1afb19d21ecfbd068a2f9c63ae52939df2" prot="public" static="no" const="no" explicit="no" inline="no" virt="non-virtual">
        <type>double</type>
        <definition>double elapsed</definition>
        <argsstring>()</argsstring>
        <name>elapsed</name>
        <briefdescription>
<para>Global function. </para>        </briefdescription>
        <detaileddescription>
<para>Measure elapsed processor time. </para>        </detaileddescription>
        <inbodydescription>
        </inbodydescription>
        <location file="crocopat.cpp" line="107" bodyfile="crocopat.cpp" bodystart="107" bodyend="112"/>
        <references refid="crocopat_8cpp_1ae5a17e5ac9b74e05f65b8685b8381607" compoundref="crocopat_8cpp" startline="69">gStart</references>
      </memberdef>
      <memberdef kind="function" id="crocopat_8cpp_1a13cddecf22da4a014dea9eb152ae5e31" prot="public" static="no" const="no" explicit="no" inline="no" virt="non-virtual">
        <type>void</type>
        <definition>void signal_handler</definition>
        <argsstring>(int pSignal)</argsstring>
        <name>signal_handler</name>
        <param>
          <type>int</type>
          <declname>pSignal</declname>
        </param>
        <briefdescription>
        </briefdescription>
        <detaileddescription>
<para>Signal handler. &apos;pSignal&apos; is the signal number to handle. Will install this signal handler for keyboard interrupt (C-c). </para>        </detaileddescription>
        <inbodydescription>
        </inbodydescription>
        <location file="crocopat.cpp" line="119" bodyfile="crocopat.cpp" bodystart="118" bodyend="123"/>
      </memberdef>
      <memberdef kind="function" id="crocopat_8cpp_1a43eb38412af188b6c83ed2b06b2ae330" prot="public" static="no" const="no" explicit="no" inline="no" virt="non-virtual">
        <type>bool</type>
        <definition>bool readValue</definition>
        <argsstring>(string &amp;pValue, int pLineNo)</argsstring>
        <name>readValue</name>
        <param>
          <type>string &amp;</type>
          <declname>pValue</declname>
        </param>
        <param>
          <type>int</type>
          <declname>pLineNo</declname>
        </param>
        <briefdescription>
        </briefdescription>
        <detaileddescription>
<para>Reads a next value into &apos;pValue&apos;, uses global configuration set by file2vector (gReadPos). Returns false, if no more values available at current line. </para>        </detaileddescription>
        <inbodydescription>
        </inbodydescription>
        <location file="crocopat.cpp" line="131" bodyfile="crocopat.cpp" bodystart="130" bodyend="168"/>
        <references refid="crocopat_8cpp_1a92c8b6d3e0236f73e872068b12be9f0f" compoundref="crocopat_8cpp" startline="58">gPrintWarnings</references>
        <references refid="crocopat_8cpp_1a709c111fb75182a289963927550ee07a" compoundref="crocopat_8cpp" startline="63">gReadPos</references>
        <references refid="crocopat_8cpp_1a34af91cd90a88c18b9a4b4fee31a619f" compoundref="crocopat_8cpp" startline="62">gRSFDelimiter</references>
      </memberdef>
      <memberdef kind="function" id="crocopat_8cpp_1af662a035b9e7713ef2c53d90ba7ddf37" prot="public" static="no" const="no" explicit="no" inline="no" virt="non-virtual">
        <type>void</type>
        <definition>void file2vector</definition>
        <argsstring>(istream &amp;pDataInStream, vector&lt; vector&lt; string &gt; &gt; &amp;pRelationVector)</argsstring>
        <name>file2vector</name>
        <param>
          <type>istream &amp;</type>
          <declname>pDataInStream</declname>
        </param>
        <param>
          <type>vector&lt; vector&lt; string &gt; &gt; &amp;</type>
          <declname>pRelationVector</declname>
        </param>
        <briefdescription>
        </briefdescription>
        <detaileddescription>
<para>Reads a relation from a stream into a vector. </para>        </detaileddescription>
        <inbodydescription>
        </inbodydescription>
        <location file="crocopat.cpp" line="174" bodyfile="crocopat.cpp" bodystart="173" bodyend="221"/>
        <references refid="crocopat_8cpp_1a709c111fb75182a289963927550ee07a" compoundref="crocopat_8cpp" startline="63">gReadPos</references>
        <references refid="crocopat_8cpp_1a4948ffd0ac5cf91b012a5281b5d824dd" compoundref="crocopat_8cpp" startline="61">gRSFLineLength</references>
        <references refid="crocopat_8cpp_1a848c3899102f7505c3ab45f14e0985aa" compoundref="crocopat_8cpp" startline="66">gValueUniverse</references>
        <references refid="crocopat_8cpp_1aaa4271014ffca3d5839db383c88c5ea9" compoundref="crocopat_8cpp" startline="56">gVariables</references>
        <references refid="crocopat_8cpp_1a43eb38412af188b6c83ed2b06b2ae330" compoundref="crocopat_8cpp" startline="130" endline="168">readValue</references>
        <references refid="classbddSymTab_1a1451e5e2fc069290b28aaf281f66ab5c" compoundref="bddSymTab_8h" startline="150" endline="151">bddSymTab::setQuoted</references>
      </memberdef>
      <memberdef kind="function" id="crocopat_8cpp_1a2314e6f14de2894c017f99ece1e40083" prot="public" static="no" const="no" explicit="no" inline="no" virt="non-virtual">
        <type>void</type>
        <definition>void createBddRelation</definition>
        <argsstring>(vector&lt; vector&lt; string &gt; &gt; &amp;pRelation)</argsstring>
        <name>createBddRelation</name>
        <param>
          <type>vector&lt; vector&lt; string &gt; &gt; &amp;</type>
          <declname>pRelation</declname>
        </param>
        <briefdescription>
        </briefdescription>
        <detaileddescription>
<para>Create BDD representation for relation. Parser already added symbols to the symbol table. Load all relations and assign them to relation variables. (pRelation) contains a set of triples of form (rel, x, y). (rel) is the name of the relation (variable name), (x, y) is the pair of the binary relation. </para>        </detaileddescription>
        <inbodydescription>
        </inbodydescription>
        <location file="crocopat.cpp" line="232" bodyfile="crocopat.cpp" bodystart="231" bodyend="284"/>
        <references refid="crocopat_8cpp_1a94bb68b440a90792dc147f319ce8f899" compoundref="crocopat_8cpp" startline="64">gAttributeNum</references>
        <references refid="crocopat_8cpp_1a92c4a8dafce942b863e49715ceea637b" compoundref="crocopat_8cpp" startline="65">gAttributePrefix</references>
        <references refid="crocopat_8cpp_1a92c8b6d3e0236f73e872068b12be9f0f" compoundref="crocopat_8cpp" startline="58">gPrintWarnings</references>
        <references refid="crocopat_8cpp_1aaa4271014ffca3d5839db383c88c5ea9" compoundref="crocopat_8cpp" startline="56">gVariables</references>
        <references refid="classbddRelation_1a1b120249b8f114c58703428728a2bcb0" compoundref="bddRelation_8h" startline="331" endline="333">bddRelation::intersect</references>
        <references refid="classbddRelation_1a152e30040d4f2fe6f0cdacb669fd48c4" compoundref="bddRelation_8h" startline="189">bddRelation::mArity</references>
        <references refid="classbddRelation_1a251b7f51e8fea65a96d02e9f55eb09d6" compoundref="bddRelation_8h" startline="166" endline="173">bddRelation::mkAttributeValue</references>
        <references refid="classbddRelation_1a6d73f50efc75bb8e525835f8c6d1fb1b" compoundref="bddRelation_8h" startline="326" endline="328">bddRelation::unite</references>
        <references refid="bddRelation_8h_1aa01e33ba29c5513806b31599308f3ab5" compoundref="crocopat_8cpp" startline="96" endline="103">unsigned2string</references>
      </memberdef>
      <memberdef kind="function" id="crocopat_8cpp_1a6ffce9764ba647abe9b3bee1aaadd3a7" prot="public" static="no" const="no" explicit="no" inline="no" virt="non-virtual">
        <type>void</type>
        <definition>void printVersion</definition>
        <argsstring>(void)</argsstring>
        <name>printVersion</name>
        <param>
          <type>void</type>
        </param>
        <briefdescription>
        </briefdescription>
        <detaileddescription>
        </detaileddescription>
        <inbodydescription>
        </inbodydescription>
        <location file="crocopat.cpp" line="291" bodyfile="crocopat.cpp" bodystart="290" bodyend="296"/>
        <references refid="crocopat_8cpp_1ae4b532a93c757194ec73b6790a3e6b1f" compoundref="crocopat_8cpp" startline="288">EXPAND</references>
      </memberdef>
      <memberdef kind="function" id="crocopat_8cpp_1ae19e0a10c9b6b5aaf1878cac27ea9541" prot="public" static="no" const="no" explicit="no" inline="no" virt="non-virtual">
        <type>void</type>
        <definition>void printHelp</definition>
        <argsstring>(void)</argsstring>
        <name>printHelp</name>
        <param>
          <type>void</type>
        </param>
        <briefdescription>
        </briefdescription>
        <detaileddescription>
<para>Print usage and info message. </para>        </detaileddescription>
        <inbodydescription>
        </inbodydescription>
        <location file="crocopat.cpp" line="302" bodyfile="crocopat.cpp" bodystart="301" bodyend="323"/>
      </memberdef>
      <memberdef kind="function" id="crocopat_8cpp_1aac3a8eaf139392cb15984e5eae28bd32" prot="public" static="no" const="no" explicit="no" inline="no" virt="non-virtual">
        <type>int</type>
        <definition>int crocopat</definition>
        <argsstring>(int argc, char *argv[])</argsstring>
        <name>crocopat</name>
        <param>
          <type>int</type>
          <declname>argc</declname>
        </param>
        <param>
          <type>char *</type>
          <declname>argv</declname>
          <array>[]</array>
        </param>
        <briefdescription>
        </briefdescription>
        <detaileddescription>
<para>Main program. </para>        </detaileddescription>
        <inbodydescription>
        </inbodydescription>
        <location file="crocopat.cpp" line="329" bodyfile="crocopat.cpp" bodystart="328" bodyend="565"/>
        <references refid="classbddSymTab_1a677d202fabc72c352c25c0dd6c2ec4e6" compoundref="bddSymTab_8h" startline="197" endline="216">bddSymTab::addAttribute</references>
        <references refid="classbddRelation_1a689ae88ba64f8e7f83bc7209593fb63d" compoundref="bddRelation_8h" startline="321" endline="323">bddRelation::complement</references>
        <references refid="crocopat_8cpp_1a2314e6f14de2894c017f99ece1e40083" compoundref="crocopat_8cpp" startline="231" endline="284">createBddRelation</references>
        <references refid="classbddBdd_1a9c2f86f19744c148fd9dd698691c6dc1" compoundref="bddBdd_8cpp" startline="791" endline="796">bddBdd::done</references>
        <references refid="crocopat_8cpp_1af662a035b9e7713ef2c53d90ba7ddf37" compoundref="crocopat_8cpp" startline="173" endline="221">file2vector</references>
        <references refid="crocopat_8cpp_1ae98bf8c5793e3f98589562d77b7aeadc" compoundref="crocopat_8cpp" startline="73">gArgc</references>
        <references refid="crocopat_8cpp_1a4ab2a0bcf08ca011353b308862d6e554" compoundref="crocopat_8cpp" startline="72">gArgv</references>
        <references refid="crocopat_8cpp_1a94bb68b440a90792dc147f319ce8f899" compoundref="crocopat_8cpp" startline="64">gAttributeNum</references>
        <references refid="crocopat_8cpp_1a92c4a8dafce942b863e49715ceea637b" compoundref="crocopat_8cpp" startline="65">gAttributePrefix</references>
        <references refid="classrelObject_1ad987378e185fff56551fb78be0a3e971" compoundref="relObject_8h" startline="46" endline="49">relObject::GetCount</references>
        <references refid="crocopat_8cpp_1af510fe5274dc4b41a85148b9ceb008b1" compoundref="crocopat_8cpp" startline="53">gLibFileName</references>
        <references refid="crocopat_8cpp_1aa222cc6853276557bd16a1dbe4ac3106" compoundref="crocopat_8cpp" startline="52">gNoParseErrs</references>
        <references refid="crocopat_8cpp_1a92c8b6d3e0236f73e872068b12be9f0f" compoundref="crocopat_8cpp" startline="58">gPrintWarnings</references>
        <references refid="crocopat_8cpp_1a07d978fcf5b95ccf4f3241c5298620f0" compoundref="crocopat_8cpp" startline="57">gProcedures</references>
        <references refid="crocopat_8cpp_1abfb4c6036f72b0e3613ee5bb73add512" compoundref="crocopat_8cpp" startline="51">gScanner</references>
        <references refid="crocopat_8cpp_1ae5a17e5ac9b74e05f65b8685b8381607" compoundref="crocopat_8cpp" startline="69">gStart</references>
        <references refid="crocopat_8cpp_1a848c3899102f7505c3ab45f14e0985aa" compoundref="crocopat_8cpp" startline="66">gValueUniverse</references>
        <references refid="crocopat_8cpp_1aaa4271014ffca3d5839db383c88c5ea9" compoundref="crocopat_8cpp" startline="56">gVariables</references>
        <references refid="classbddBdd_1aa0e6b9d0bc8f6eafa6f437cc699343ce" compoundref="bddBdd_8cpp" startline="743" endline="787">bddBdd::init</references>
        <references refid="classbddSymTab_1a84247b4b413c3e40d6a61fc8038c6d31" compoundref="bddSymTab_8h" startline="108" endline="134">bddSymTab::initValueUniverse</references>
        <references refid="classrelStatement_1a9b50ccc1d8f5a9df3dbe754be438f8da">relStatement::interpret</references>
        <references refid="classbddRelation_1a55ad765ba56d7805eefc26668ae745af" compoundref="bddRelation_8h" startline="77" endline="99">bddRelation::mkEqual</references>
        <references refid="classbddRelation_1aa6a9c5a543eb5f40fa868cfe74ad7603" compoundref="bddRelation_8h" startline="138" endline="161">bddRelation::mkLess</references>
        <references refid="crocopat_8cpp_1ae19e0a10c9b6b5aaf1878cac27ea9541" compoundref="crocopat_8cpp" startline="301" endline="323">printHelp</references>
        <references refid="crocopat_8cpp_1a6ffce9764ba647abe9b3bee1aaadd3a7" compoundref="crocopat_8cpp" startline="290" endline="296">printVersion</references>
        <references refid="crocopat_8cpp_1a13cddecf22da4a014dea9eb152ae5e31" compoundref="crocopat_8cpp" startline="118" endline="123">signal_handler</references>
        <references refid="classbddRelation_1a6d73f50efc75bb8e525835f8c6d1fb1b" compoundref="bddRelation_8h" startline="326" endline="328">bddRelation::unite</references>
        <references refid="bddRelation_8h_1aa01e33ba29c5513806b31599308f3ab5" compoundref="crocopat_8cpp" startline="96" endline="103">unsigned2string</references>
        <references refid="crocopat_8cpp_1a847a2de5c1c28c9d7055a2b89ed7dad7">yyparse</references>
      </memberdef>
      </sectiondef>
    <briefdescription>
    </briefdescription>
    <detaileddescription>
    </detaileddescription>
    <location file="crocopat.cpp"/>
  </compounddef>
</doxygen>
