<?xml version='1.0' encoding='UTF-8' standalone='no'?>
<doxygenindex xmlns:xsi="http://www.w3.org/2001/XMLSchema-instance" xsi:noNamespaceSchemaLocation="index.xsd" version="1.6.1">
  <compound refid="classbddBdd" kind="class"><name>bddBdd</name>
    <member refid="classbddBdd_1ae54b8f2e45cb2b8853e5d87f1aba7c90" kind="enum"><name>@0</name></member>
    <member refid="classbddBdd_1ae54b8f2e45cb2b8853e5d87f1aba7c90a00e7fc7e485758e81332e7a280d0177e" kind="enumvalue"><name>mComplement</name></member>
    <member refid="classbddBdd_1ae54b8f2e45cb2b8853e5d87f1aba7c90a774b8fb13878056fbb34e09a8b31d586" kind="enumvalue"><name>mRenameVars</name></member>
    <member refid="classbddBdd_1ae54b8f2e45cb2b8853e5d87f1aba7c90a1da702eb5339c4ea66b169871e069faa" kind="enumvalue"><name>mExists</name></member>
    <member refid="classbddBdd_1ae54b8f2e45cb2b8853e5d87f1aba7c90acd0aef86af78bc1bf3ce5377c1cf39c9" kind="enumvalue"><name>mUnite</name></member>
    <member refid="classbddBdd_1ae54b8f2e45cb2b8853e5d87f1aba7c90aa2301fd2fc6db682d8c30d8ba15726b3" kind="enumvalue"><name>mIntersect</name></member>
    <member refid="classbddBdd_1ae54b8f2e45cb2b8853e5d87f1aba7c90a4392221bff646f8995e3ebc2f8152721" kind="enumvalue"><name>mSetContains</name></member>
    <member refid="classbddBdd_1a602380957de956397bc3842da411dac0" kind="variable"><name>mNodes</name></member>
    <member refid="classbddBdd_1a4529cd0591ab5e82db761ad0035b58e3" kind="variable"><name>mMaxNodeNr</name></member>
    <member refid="classbddBdd_1a4476ab945fff42cc4565624d69b30974" kind="variable"><name>mFree</name></member>
    <member refid="classbddBdd_1a6b0c8e77412cced575a467d146d2df3c" kind="variable"><name>mExtRefs</name></member>
    <member refid="classbddBdd_1aecc4c7f0d421dab3a693c69f120785d6" kind="variable"><name>mUniqueHash</name></member>
    <member refid="classbddBdd_1a5738d65eed29904708e4b7884d408dc2" kind="variable"><name>mUniqueHBitNr</name></member>
    <member refid="classbddBdd_1a714ec8a8ff8ac9824e0d431697455eb3" kind="variable"><name>mBinCache</name></member>
    <member refid="classbddBdd_1ac6ced42f85c6397c851c4d59c7aed8a1" kind="variable"><name>mBinCBitNr</name></member>
    <member refid="classbddBdd_1a02e0ebc98dcae491a03e98885eaae64d" kind="variable"><name>mStatCache</name></member>
    <member refid="classbddBdd_1ae681ab9d4c9b6a8be9cb3bf7215d81f8" kind="variable"><name>mStatCBitNr</name></member>
    <member refid="classbddBdd_1afd51230a7e7b36b4613b0bd51fd25e4c" kind="variable"><name>mRenameCnt</name></member>
    <member refid="classbddBdd_1a83808ef7c975dcee64ef71db68451f81" kind="variable"><name>mRoot</name></member>
    <member refid="classbddBdd_1a6a2c4701c8645c99ec0ad6b4bbe32c80" kind="function"><name>hash</name></member>
    <member refid="classbddBdd_1a5de172ee92a13e0652ae6c14c3899bd1" kind="function"><name>hash</name></member>
    <member refid="classbddBdd_1a6119ff4a451e5d4d2f381bfbd9ebdaed" kind="function"><name>normalize</name></member>
    <member refid="classbddBdd_1a881c0180829ed41af010a197d7b2c5c5" kind="function"><name>mark</name></member>
    <member refid="classbddBdd_1acaf679a70d1b89e02f13cbc4ab2fd2be" kind="function"><name>unMark</name></member>
    <member refid="classbddBdd_1ac9182915f5b0766e32ee2794f80ead1e" kind="function"><name>gc</name></member>
    <member refid="classbddBdd_1acd3037309d3ce3eca391f6b43d19b2af" kind="function"><name>insert</name></member>
    <member refid="classbddBdd_1ae8cb7380e33a5122cbd7fa3fde82966c" kind="function"><name>getTupleNr_</name></member>
    <member refid="classbddBdd_1a3ce5fbd6b4c51d90b311b07a40b7a75c" kind="function"><name>getTuple_</name></member>
    <member refid="classbddBdd_1a38325bad72a69a09303ea9ead9e1d18c" kind="function"><name>getNodeNr_</name></member>
    <member refid="classbddBdd_1a7d9e4433838c677a2b18912d566ed534" kind="function"><name>getNodesPerVarId_</name></member>
    <member refid="classbddBdd_1a2e8e65129c2452807d34996c3c1dc867" kind="function"><name>getGraph_</name></member>
    <member refid="classbddBdd_1ad5ef50e391bbc40a3bb15541c2d61329" kind="function"><name>print_</name></member>
    <member refid="classbddBdd_1a5f0a5b9a63cb12ccd1252a58c66323f5" kind="function"><name>setContains_</name></member>
    <member refid="classbddBdd_1a22fd48053c513b1decabefc552d2ff99" kind="function"><name>complement_</name></member>
    <member refid="classbddBdd_1aadf4ebbcdc944c22503e2ab87a9b42c3" kind="function"><name>unite_</name></member>
    <member refid="classbddBdd_1a2b28f06cc8ee19ac447d84f91f7250aa" kind="function"><name>intersect_</name></member>
    <member refid="classbddBdd_1a7c161dd9d71e3d27a0c413d6e9acefec" kind="function"><name>exists_</name></member>
    <member refid="classbddBdd_1a76e3419092607d4dacb8242863cb7bd6" kind="function"><name>renameVars_</name></member>
    <member refid="classbddBdd_1ae8127cabc088d14b3c3beea7c229eff7" kind="function"><name>testVars_</name></member>
    <member refid="classbddBdd_1ab82077cf5b8c16d56dd6fe54a6ee4e9a" kind="function"><name>decRef</name></member>
    <member refid="classbddBdd_1a285830ce53f68b1ec399dbd552386903" kind="function"><name>incRef</name></member>
    <member refid="classbddBdd_1aa0e6b9d0bc8f6eafa6f437cc699343ce" kind="function"><name>init</name></member>
    <member refid="classbddBdd_1a9c2f86f19744c148fd9dd698691c6dc1" kind="function"><name>done</name></member>
    <member refid="classbddBdd_1ab3273adc7fc652eecf2bee32710f8f28" kind="function"><name>getReachNodeNr</name></member>
    <member refid="classbddBdd_1acee490e7504d3eff0a18f8fccde13474" kind="function"><name>getExtRefNr</name></member>
    <member refid="classbddBdd_1a018a85385225b46f40dd7b4ce1855d55" kind="function"><name>analyseUniqueHash</name></member>
    <member refid="classbddBdd_1a100cb89d6eeceff6e6ccfbc1bd7a6b53" kind="function"><name>bddBdd_</name></member>
    <member refid="classbddBdd_1ac2b9d5b14b84d6dc4c993a158ec1f296" kind="function"><name>bddBdd_</name></member>
    <member refid="classbddBdd_1ae4b0a2f5652d00c337da023d71e232fb" kind="function"><name>bddBdd_</name></member>
    <member refid="classbddBdd_1ab062e209d609bd069110b4e1aa4e7534" kind="function"><name>mkLessEqual</name></member>
    <member refid="classbddBdd_1a8c4ff6b845cbdc713a6f79bf5716d0b5" kind="function"><name>mkLessEqual_</name></member>
    <member refid="classbddBdd_1ad14383ecaa7e096abe332f57eb76b872" kind="function"><name>bddBdd</name></member>
    <member refid="classbddBdd_1a2fc11b1b00e36e0416caef4d747aa82a" kind="function"><name>bddBdd</name></member>
    <member refid="classbddBdd_1af978c90b1019b8cdfd559b450f951bdb" kind="function"><name>bddBdd</name></member>
    <member refid="classbddBdd_1aee37ec78f95d4a849a539f495ab1a8bd" kind="function"><name>bddBdd</name></member>
    <member refid="classbddBdd_1a84929f5bf29a97f7c4b2827dba56a635" kind="function"><name>bddBdd</name></member>
    <member refid="classbddBdd_1a98c436025b34ab21a65bf1ac50fc55cf" kind="function"><name>~bddBdd</name></member>
    <member refid="classbddBdd_1ac8b49378d240b8c42c6af3cab1a48e70" kind="function"><name>operator=</name></member>
    <member refid="classbddBdd_1a9c449907d0a7b070a4585f40f52a8ed1" kind="function"><name>testVars</name></member>
    <member refid="classbddBdd_1adcad0d9c68ee5c8dd1737415cbf7c155" kind="function"><name>getTupleNr</name></member>
    <member refid="classbddBdd_1a2a6fb93a84ade066e1dd1de981fbfa6d" kind="function"><name>getTuple</name></member>
    <member refid="classbddBdd_1a7074c4dbed53543cb515de1610196a7f" kind="function"><name>getNodeNr</name></member>
    <member refid="classbddBdd_1a8608f3ddf568bd42fc084bf997e6e331" kind="function"><name>getFreeNodeNr</name></member>
    <member refid="classbddBdd_1a569071c594fe389fbe115232b9ab30c0" kind="function"><name>getMaxNodeNr</name></member>
    <member refid="classbddBdd_1acf9f3818ea582b0135e1c989f15a2658" kind="function"><name>getNodesPerVarId</name></member>
    <member refid="classbddBdd_1a2521ccfafcbadee5ebdb397246070c5e" kind="function"><name>getGraph</name></member>
    <member refid="classbddBdd_1a5556e9d628d3d2e445892b3203301234" kind="function"><name>print</name></member>
    <member refid="classbddBdd_1a7ac3291c01feba82dd0f24481a1128bc" kind="function"><name>setEqual</name></member>
    <member refid="classbddBdd_1ac216e76db91c690efd00be1dec65fbe9" kind="function"><name>setContains</name></member>
    <member refid="classbddBdd_1a0cbae8addf608b191e019befc644177f" kind="function"><name>isEmpty</name></member>
    <member refid="classbddBdd_1a09876b59a7bddecb335ab02edb231633" kind="function"><name>complement</name></member>
    <member refid="classbddBdd_1af412faf5887caeca337ee2bef8f19ba4" kind="function"><name>unite</name></member>
    <member refid="classbddBdd_1aab86e3003cabca3a29b6d2bb5ec86924" kind="function"><name>intersect</name></member>
    <member refid="classbddBdd_1a2f45688d7cb9573518bab01842862d57" kind="function"><name>exists</name></member>
    <member refid="classbddBdd_1a223a2e821d3efe73f452d9a151ef6bb4" kind="function"><name>renameVars</name></member>
  </compound>
  <compound refid="structbddBinEntry" kind="struct"><name>bddBinEntry</name>
    <member refid="structbddBinEntry_1a6bf76ade2111a3e0517fe586dfc9441a" kind="variable"><name>op</name></member>
    <member refid="structbddBinEntry_1ac005b88570387488697f1ea67076a4a6" kind="variable"><name>root1</name></member>
    <member refid="structbddBinEntry_1a9f1a41d68795efb6cfcf6d35dee7d674" kind="variable"><name>root2</name></member>
    <member refid="structbddBinEntry_1abadb6c06ea51bf385dd673aa63cfa6f0" kind="variable"><name>result</name></member>
  </compound>
  <compound refid="structbddGraphNode" kind="struct"><name>bddGraphNode</name>
    <member refid="structbddGraphNode_1ae323125045038fee9d8507b1ee759905" kind="variable"><name>id</name></member>
    <member refid="structbddGraphNode_1aa949c5591d6d5517acd00322ef95d4fa" kind="variable"><name>var</name></member>
    <member refid="structbddGraphNode_1acc08c9e51e3118e11d34a84ffa7ad774" kind="variable"><name>low</name></member>
    <member refid="structbddGraphNode_1a15d4f3677af8f9cc2084c60b7ae18c08" kind="variable"><name>high</name></member>
  </compound>
  <compound refid="structbddNode" kind="struct"><name>bddNode</name>
    <member refid="structbddNode_1af528aa656162779575dda3f6ee8781ba" kind="variable"><name>mark</name></member>
    <member refid="structbddNode_1a7154087d01479def30dcac76fe0de743" kind="variable"><name>var</name></member>
    <member refid="structbddNode_1acee0e495c745290cae554158dd29ca4e" kind="variable"><name>low</name></member>
    <member refid="structbddNode_1a11829c01dca6ea0b638474ecb924b7f2" kind="variable"><name>high</name></member>
    <member refid="structbddNode_1ad3a3ba44aee8d409762ca50abdf2f0b3" kind="variable"><name>next</name></member>
  </compound>
  <compound refid="classbddRelation" kind="class"><name>bddRelation</name>
    <member refid="classbddRelation_1a0febd156d0cdc2cc608675708ef7fd83" kind="variable"><name>mSymTab</name></member>
    <member refid="classbddRelation_1aae61b8234174ddcedc30bc7fa31f56e9" kind="variable"><name>mBdd</name></member>
    <member refid="classbddRelation_1a152e30040d4f2fe6f0cdacb669fd48c4" kind="variable"><name>mArity</name></member>
    <member refid="classbddRelation_1a13422163533d6a22b9edc4230db2846d" kind="function"><name>mkEqualPure</name></member>
    <member refid="classbddRelation_1a55ad765ba56d7805eefc26668ae745af" kind="function"><name>mkEqual</name></member>
    <member refid="classbddRelation_1ab960101c9ef2100a8813319eb32fec52" kind="function"><name>mkRange</name></member>
    <member refid="classbddRelation_1aedbd00ff6140ed8a9b886761cc7bb7d5" kind="function"><name>mkEqual</name></member>
    <member refid="classbddRelation_1aa6a9c5a543eb5f40fa868cfe74ad7603" kind="function"><name>mkLess</name></member>
    <member refid="classbddRelation_1a251b7f51e8fea65a96d02e9f55eb09d6" kind="function"><name>mkAttributeValue</name></member>
    <member refid="classbddRelation_1ad66aabe6a5ffb2008782f6e8994daee1" kind="function"><name>bddRelation</name></member>
    <member refid="classbddRelation_1a0f227605dc8a79221c41640be2535123" kind="function"><name>getTupleNr</name></member>
    <member refid="classbddRelation_1a60eb583dff3b710664b3daf3a008d85b" kind="function"><name>getElement</name></member>
    <member refid="classbddRelation_1a230afed75845fcfb9f9246c032f6e26f" kind="function"><name>setEqual</name></member>
    <member refid="classbddRelation_1a8304d06b4943b2d7b2e111e1307e95db" kind="function"><name>setContains</name></member>
    <member refid="classbddRelation_1ae3620d86b24fa3d09b2fcb37fba6e80b" kind="function"><name>isEmpty</name></member>
    <member refid="classbddRelation_1a689ae88ba64f8e7f83bc7209593fb63d" kind="function"><name>complement</name></member>
    <member refid="classbddRelation_1a6d73f50efc75bb8e525835f8c6d1fb1b" kind="function"><name>unite</name></member>
    <member refid="classbddRelation_1a1b120249b8f114c58703428728a2bcb0" kind="function"><name>intersect</name></member>
    <member refid="classbddRelation_1afa0bfcaddb908ffde192f41335d4b450" kind="function"><name>exists</name></member>
    <member refid="classbddRelation_1a6b7d42c2feaa4a728e88b56e82d4e1ef" kind="function"><name>testVars</name></member>
    <member refid="classbddRelation_1aff2e779eb6e2b747451ccd1f3a90c1a4" kind="function"><name>rename</name></member>
    <member refid="classbddRelation_1ac51e48bb916fbaec559ef2e8813d063e" kind="function"><name>printBddInfo</name></member>
    <member refid="classbddRelation_1ad1c2ba52d549cfd725ff7bf710fadda3" kind="function"><name>printNodesPerVarId</name></member>
    <member refid="classbddRelation_1af3ac1cddf15fb349820e9bd0e6ae5c9a" kind="function"><name>printRelation</name></member>
    <member refid="classbddRelation_1a1ff8848ee58c7cdf0cc2fce43748f803" kind="function"><name>printGraph</name></member>
    <member refid="classbddRelation_1a90f72bf8ac550fce05c800a46cbb87b6" kind="function"><name>printBDT</name></member>
    <member refid="classbddRelation_1a478d5d111a9c74c22a54488a3158fd69" kind="function"><name>getTupleOf</name></member>
    <member refid="classbddRelation_1a0f1a26da0530b586c7deb1801c872618" kind="function"><name>bddRelation</name></member>
    <member refid="classbddRelation_1a136e4333054dd2db63bc743d4b543bd4" kind="function"><name>bddRelation</name></member>
    <member refid="classbddRelation_1a0adc771fb2f2bfc9573170b414aaacfd" kind="function"><name>operator,</name></member>
    <member refid="classbddRelation_1ae9febc5e510d05e54b737f004b287ea1" kind="function"><name>renameSafe</name></member>
  </compound>
  <compound refid="classbddRelationConst" kind="class"><name>bddRelationConst</name>
    <member refid="classbddRelationConst_1a4a80343e996366983be44a4d6c7678c0" kind="function"><name>bddRelationConst</name></member>
  </compound>
  <compound refid="structbddStatEntry" kind="struct"><name>bddStatEntry</name>
    <member refid="structbddStatEntry_1aaddb951c099c4c029a8b846e7edd7ef7" kind="variable"><name>root</name></member>
    <member refid="structbddStatEntry_1a21f37b2136edd97da1def27aaa5da986" kind="variable"><name>result</name></member>
  </compound>
  <compound refid="classbddSymTab" kind="class"><name>bddSymTab</name>
    <member refid="classbddSymTab_1ab5bfe6edbb9931bb0148d620f2585467" kind="variable"><name>mBitNr</name></member>
    <member refid="classbddSymTab_1a59e6b2fb1fbed321295449022e19e4ef" kind="variable"><name>mAttributes</name></member>
    <member refid="classbddSymTab_1a9c5f6c955c86450f2a28dbe23c939866" kind="variable"><name>mPositions</name></member>
    <member refid="classbddSymTab_1a62f3a316f6c5937e65aae4f661ee1942" kind="variable"><name>mAttributeNumbers</name></member>
    <member refid="classbddSymTab_1acff445e30bde93238601d6eb682890f7" kind="variable"><name>mAttributeValues</name></member>
    <member refid="classbddSymTab_1a96fb0d4f484dfbd7a02bb38c2e7fb5eb" kind="variable"><name>mIsQuoted</name></member>
    <member refid="classbddSymTab_1a73f9ddaa4473d911f967d1bae8042a57" kind="function"><name>operator,</name></member>
    <member refid="classbddSymTab_1a48ba7cc49f7b701504c9e9c142e79b8e" kind="function"><name>operator=</name></member>
    <member refid="classbddSymTab_1a1278439587677fcd42c7741fc98b62d0" kind="function"><name>bddSymTab</name></member>
    <member refid="classbddSymTab_1ad56a610e3a46807e592ab887687cbe99" kind="function"><name>bddSymTab</name></member>
    <member refid="classbddSymTab_1a8a76b31b40c37297ac94b01e49abb72d" kind="function"><name>~bddSymTab</name></member>
    <member refid="classbddSymTab_1a84247b4b413c3e40d6a61fc8038c6d31" kind="function"><name>initValueUniverse</name></member>
    <member refid="classbddSymTab_1a5cb9ee7af96d24470c13190601f93034" kind="function"><name>getBitNr</name></member>
    <member refid="classbddSymTab_1a00ec3683887e1a65bc4c7297f7dcfdfc" kind="function"><name>getUniverseSize</name></member>
    <member refid="classbddSymTab_1a1451e5e2fc069290b28aaf281f66ab5c" kind="function"><name>setQuoted</name></member>
    <member refid="classbddSymTab_1a1f1704f29c5050e35b313e853cb46fe2" kind="function"><name>isQuoted</name></member>
    <member refid="classbddSymTab_1ad6503d2fa5b882a6da7cbba3f8d1aa75" kind="function"><name>isValueGood</name></member>
    <member refid="classbddSymTab_1aab25df999390749492cd006895f8c93a" kind="function"><name>getAttributePos</name></member>
    <member refid="classbddSymTab_1afbcc9b7af2e1444d915461eb502b477f" kind="function"><name>getValueNum</name></member>
    <member refid="classbddSymTab_1ae5f5a2f8923ab4a20987b11fd356371b" kind="function"><name>getAttributeValue</name></member>
    <member refid="classbddSymTab_1a677d202fabc72c352c25c0dd6c2ec4e6" kind="function"><name>addAttribute</name></member>
    <member refid="classbddSymTab_1a1032fa2e7ea7b67d1337579b854402fd" kind="function"><name>removeAttribute</name></member>
    <member refid="classbddSymTab_1a2d9b02e91e849f7c1efbe90f0133735d" kind="function"><name>removeUserAttributes</name></member>
    <member refid="classbddSymTab_1addfb1b83129c7699fe6ac9db44889514" kind="function"><name>computeVariableOrder</name></member>
    <member refid="classbddSymTab_1aa2017d89508d6155616b7040d09881f6" kind="function"><name>printValueNames</name></member>
  </compound>
  <compound refid="classrelDataType" kind="class"><name>relDataType</name>
    <member refid="classrelDataType_1aee1178079720d4e5b53b080a1b224ca7" kind="function"><name>relDataType</name></member>
    <member refid="classrelDataType_1a7f4218fcb8cf987133bc92d41fcae3a5" kind="function"><name>~relDataType</name></member>
  </compound>
  <compound refid="classrelExprAnd" kind="class"><name>relExprAnd</name>
    <member refid="classrelExprAnd_1a51b3e15c5cdb24e23ec529b8ff1e04e2" kind="variable"><name>mExpr1</name></member>
    <member refid="classrelExprAnd_1a33598f176dcb5f9abf091a5101c7c2bd" kind="variable"><name>mExpr2</name></member>
    <member refid="classrelExprAnd_1ab08f6f4b56eb36c45fd4f1be7a54ee55" kind="function"><name>relExprAnd</name></member>
    <member refid="classrelExprAnd_1a5001c80ac1cc3bfd61298ed2761fa937" kind="function"><name>~relExprAnd</name></member>
    <member refid="classrelExprAnd_1aba11c50820834ac14c243dfb22f19f35" kind="function"><name>collectFreeAttrs</name></member>
    <member refid="classrelExprAnd_1a0cfe9520ffb22b19e55d2ed7cb5a44db" kind="function"><name>interpret</name></member>
  </compound>
  <compound refid="classrelExprClosure" kind="class"><name>relExprClosure</name>
    <member refid="classrelExprClosure_1ab186ddcc2b1e30fe49bf286c71020f75" kind="enum"><name>relTCAlg</name></member>
    <member refid="classrelExprClosure_1ab186ddcc2b1e30fe49bf286c71020f75ac3c2783af2e5c6ad8f5510b45bafb253" kind="enumvalue"><name>EXPTRAVERS</name></member>
    <member refid="classrelExprClosure_1ab186ddcc2b1e30fe49bf286c71020f75a7d4c8f94c0790de465fa354b5194d41d" kind="enumvalue"><name>WARSHALLII</name></member>
    <member refid="classrelExprClosure_1a473b2a582629c711f347df2c537e3e36" kind="variable"><name>mExpr</name></member>
    <member refid="classrelExprClosure_1ade36481dc3d5902411b345c725c179c8" kind="variable"><name>mAlg</name></member>
    <member refid="classrelExprClosure_1a8b333953fe23a903c3aed988172e5f17" kind="function"><name>relExprClosure</name></member>
    <member refid="classrelExprClosure_1aa956fb1ee848a339d05ff4b8234fef74" kind="function"><name>~relExprClosure</name></member>
    <member refid="classrelExprClosure_1ac94a4425fb731222b71c2eab4e99fb4d" kind="function"><name>collectFreeAttrs</name></member>
    <member refid="classrelExprClosure_1abc6f9797722dcdaf5030aadb536f76a1" kind="function"><name>interpret</name></member>
  </compound>
  <compound refid="classrelExprEquiv" kind="class"><name>relExprEquiv</name>
    <member refid="classrelExprEquiv_1aeac8f34a16cf725d9425fe7910fce1a2" kind="variable"><name>mExpr1</name></member>
    <member refid="classrelExprEquiv_1acefbf6d88b4a253d3c53890ea0605d62" kind="variable"><name>mExpr2</name></member>
    <member refid="classrelExprEquiv_1a278e3edc928b1caf77477971001e75b4" kind="function"><name>relExprEquiv</name></member>
    <member refid="classrelExprEquiv_1a11bc39a460835806ce833323986fef6a" kind="function"><name>~relExprEquiv</name></member>
    <member refid="classrelExprEquiv_1a48deef8135063519e6bbdfaea6392495" kind="function"><name>collectFreeAttrs</name></member>
    <member refid="classrelExprEquiv_1a1ea7ba566ca06144d487f830bc6dc9d4" kind="function"><name>interpret</name></member>
  </compound>
  <compound refid="classrelExpression" kind="class"><name>relExpression</name>
    <member refid="classrelExpression_1a4f5effc1cf304db906371c978d8830dc" kind="function"><name>collectFreeAttrs</name></member>
    <member refid="classrelExpression_1a2659d1b3b785d5d00993a0364577bc61" kind="function"><name>interpret</name></member>
  </compound>
  <compound refid="classrelExprExists" kind="class"><name>relExprExists</name>
    <member refid="classrelExprExists_1a9f60733c07f436b53d1a7c444dd45d2f" kind="variable"><name>mTermList</name></member>
    <member refid="classrelExprExists_1a8437700809c11c0525e8af27876766dc" kind="variable"><name>mExpr</name></member>
    <member refid="classrelExprExists_1a489abc8109a267a3e07826fd567364e4" kind="function"><name>relExprExists</name></member>
    <member refid="classrelExprExists_1af0885ef4756df874232527e542b5cea6" kind="function"><name>~relExprExists</name></member>
    <member refid="classrelExprExists_1a5de6cb5f2bc11601732c4ede01497930" kind="function"><name>collectFreeAttrs</name></member>
    <member refid="classrelExprExists_1a39fde95c7c868969aea36cbfd5088a23" kind="function"><name>interpret</name></member>
  </compound>
  <compound refid="classrelExprNot" kind="class"><name>relExprNot</name>
    <member refid="classrelExprNot_1a9fb3dd24b31cdc87010a94deef52d180" kind="variable"><name>mExpr</name></member>
    <member refid="classrelExprNot_1a24f2148d42d4d941ea7166ede6e18320" kind="function"><name>relExprNot</name></member>
    <member refid="classrelExprNot_1a3fa83c43b92e855a581198babb8d154e" kind="function"><name>~relExprNot</name></member>
    <member refid="classrelExprNot_1a7301f0f14f4751f1b314f5af12d6794d" kind="function"><name>collectFreeAttrs</name></member>
    <member refid="classrelExprNot_1a1432a85a183cf3b924423f2a35ce7b90" kind="function"><name>interpret</name></member>
  </compound>
  <compound refid="classrelExprOr" kind="class"><name>relExprOr</name>
    <member refid="classrelExprOr_1a70afc30d7d5b7dcb764ed80cd41d13be" kind="variable"><name>mExpr1</name></member>
    <member refid="classrelExprOr_1a57c9f7ce606dc2f194e4ab6abcf4b179" kind="variable"><name>mExpr2</name></member>
    <member refid="classrelExprOr_1a51cc53e4d441b25418feb502d1d2260e" kind="function"><name>relExprOr</name></member>
    <member refid="classrelExprOr_1ace5f0e325fb6c8be56b06e6041ffa05c" kind="function"><name>~relExprOr</name></member>
    <member refid="classrelExprOr_1ad78312d18b5fda0e4ed47e6e27716e9a" kind="function"><name>collectFreeAttrs</name></member>
    <member refid="classrelExprOr_1abaf21810614db367c1c5681d4db343bb" kind="function"><name>interpret</name></member>
  </compound>
  <compound refid="classrelExprRegExTerm" kind="class"><name>relExprRegExTerm</name>
    <member refid="classrelExprRegExTerm_1ad9394507ad66febe10d2abfaa2071c4d" kind="variable"><name>mRegExString</name></member>
    <member refid="classrelExprRegExTerm_1ad8db8374d159024a734fd2c692307079" kind="variable"><name>mTerm</name></member>
    <member refid="classrelExprRegExTerm_1a2cd6d866c22b918b998b2b3d72a80a05" kind="function"><name>relExprRegExTerm</name></member>
    <member refid="classrelExprRegExTerm_1aae0f435bfb142f8b2cf02544c3887603" kind="function"><name>~relExprRegExTerm</name></member>
    <member refid="classrelExprRegExTerm_1a8abcd01a587b230fda9774558c20bbda" kind="function"><name>collectFreeAttrs</name></member>
    <member refid="classrelExprRegExTerm_1aa453e285795e10b05ccfa447802f045f" kind="function"><name>errorproc</name></member>
    <member refid="classrelExprRegExTerm_1ab0febdec95e85e2ca4627186e2bd3fdd" kind="function"><name>regexmatch</name></member>
    <member refid="classrelExprRegExTerm_1a77a5b5aae4f8a16d10bb0604e611e989" kind="function"><name>interpret</name></member>
  </compound>
  <compound refid="classrelExprRelNumCmp" kind="class"><name>relExprRelNumCmp</name>
    <member refid="classrelExprRelNumCmp_1a021161ba1a8679559ed80b835435073b" kind="variable"><name>mRelSym</name></member>
    <member refid="classrelExprRelNumCmp_1aba91a6d07ec03eba3e0371a7ab0990fe" kind="variable"><name>mNumExpr1</name></member>
    <member refid="classrelExprRelNumCmp_1a49731252e4efb27cc4ad4d2873dc13f3" kind="variable"><name>mNumExpr2</name></member>
    <member refid="classrelExprRelNumCmp_1adc91c0b925c87482b138d52cfca4574a" kind="function"><name>relExprRelNumCmp</name></member>
    <member refid="classrelExprRelNumCmp_1a80683f6942fea5664ff850c911984b4c" kind="function"><name>~relExprRelNumCmp</name></member>
    <member refid="classrelExprRelNumCmp_1a46a887e389c1b0dbf7c30f38b5a3bf71" kind="function"><name>collectFreeAttrs</name></member>
    <member refid="classrelExprRelNumCmp_1a3a770c8e6ea193d5ad574466ace5e122" kind="function"><name>interpret</name></member>
  </compound>
  <compound refid="classrelExprRelOp" kind="class"><name>relExprRelOp</name>
    <member refid="classrelExprRelOp_1aaefc0a1648a8e5277f875f10fc066282" kind="variable"><name>mExpr1</name></member>
    <member refid="classrelExprRelOp_1ab14ab1ff96adc234eba3acf62044c858" kind="variable"><name>mRelOp</name></member>
    <member refid="classrelExprRelOp_1a981c701834912aa7900ccd34a7dfe35d" kind="variable"><name>mExpr2</name></member>
    <member refid="classrelExprRelOp_1a397870ec9b750fa84345a91891763f8f" kind="function"><name>relExprRelOp</name></member>
    <member refid="classrelExprRelOp_1adad955a3416ef09f6cccac89c644b3b2" kind="function"><name>~relExprRelOp</name></member>
    <member refid="classrelExprRelOp_1ae7dbae94228627f4c5f1978ffbb2b1de" kind="function"><name>collectFreeAttrs</name></member>
    <member refid="classrelExprRelOp_1a8be2d83b5aa975cf28b2d8a00bdfecf8" kind="function"><name>interpret</name></member>
  </compound>
  <compound refid="classrelExprRelVar" kind="class"><name>relExprRelVar</name>
    <member refid="classrelExprRelVar_1a7a6d2d3a98598cf90ae8e67fc523fa78" kind="variable"><name>mRelVar</name></member>
    <member refid="classrelExprRelVar_1ae1bf3bd8185e2a5bb9ec4ac0fb6dff19" kind="variable"><name>mTermList</name></member>
    <member refid="classrelExprRelVar_1a5e6290d1b2536a4610768e0059238097" kind="function"><name>relExprRelVar</name></member>
    <member refid="classrelExprRelVar_1a67bfff84b9a1e0c4fd7129c7fe2c27ac" kind="function"><name>~relExprRelVar</name></member>
    <member refid="classrelExprRelVar_1aee6e34d4c519adef3f8f9ad5b15bd2d2" kind="function"><name>collectFreeAttrs</name></member>
    <member refid="classrelExprRelVar_1a5470f24eafb11d589c40ffec35a77002" kind="function"><name>interpret</name></member>
  </compound>
  <compound refid="classrelExprTupleOf" kind="class"><name>relExprTupleOf</name>
    <member refid="classrelExprTupleOf_1a0fb9229d98af924706371a660c5703bd" kind="variable"><name>mExpr</name></member>
    <member refid="classrelExprTupleOf_1a96bb599876c4ae204f6351cfa174db30" kind="function"><name>relExprTupleOf</name></member>
    <member refid="classrelExprTupleOf_1a753f40e99ce562b5f70448c828664493" kind="function"><name>~relExprTupleOf</name></member>
    <member refid="classrelExprTupleOf_1a0dc14b5614a2821cbee4bbb062e27855" kind="function"><name>collectFreeAttrs</name></member>
    <member refid="classrelExprTupleOf_1a66bf7c99a56accb2d10232edd5e06f34" kind="function"><name>interpret</name></member>
  </compound>
  <compound refid="classrelNumber" kind="class"><name>relNumber</name>
    <member refid="classrelNumber_1aa78277aa6eb0cfa6df466afe5a6f1f5d" kind="variable"><name>mValue</name></member>
    <member refid="classrelNumber_1a9bc98e7fe48ee83f5e6758244a5d75f7" kind="function"><name>relNumber</name></member>
    <member refid="classrelNumber_1a6601ca559b15efacd9f92268037cb518" kind="function"><name>~relNumber</name></member>
    <member refid="classrelNumber_1a473ce9259c99163a37654d4051dbbd3c" kind="function"><name>getValue</name></member>
    <member refid="classrelNumber_1ad87356454f06c971e7e07b983acb7e1a" kind="function"><name>setValue</name></member>
  </compound>
  <compound refid="classrelNumExpr" kind="class"><name>relNumExpr</name>
    <member refid="classrelNumExpr_1a7ce9c0b7d5a76a66666afba031af28f6" kind="function"><name>interpret</name></member>
  </compound>
  <compound refid="classrelNumExprBinOp" kind="class"><name>relNumExprBinOp</name>
    <member refid="classrelNumExprBinOp_1a7c6ba64bd1fdbbd18f789f050568262a" kind="enum"><name>relNumOP</name></member>
    <member refid="classrelNumExprBinOp_1a7c6ba64bd1fdbbd18f789f050568262aab532a14b23fb8969d9e3c3db28d16d2c" kind="enumvalue"><name>PLUS</name></member>
    <member refid="classrelNumExprBinOp_1a7c6ba64bd1fdbbd18f789f050568262aa44fcf6488c3bda3a296a4f9a4ad52bce" kind="enumvalue"><name>MINUS</name></member>
    <member refid="classrelNumExprBinOp_1a7c6ba64bd1fdbbd18f789f050568262aa42b8c2454e6fdc239d16789e26edd9e7" kind="enumvalue"><name>MULT</name></member>
    <member refid="classrelNumExprBinOp_1a7c6ba64bd1fdbbd18f789f050568262aaaf7ffe83b751b89b396fe90b090e38d3" kind="enumvalue"><name>DDIV</name></member>
    <member refid="classrelNumExprBinOp_1a7c6ba64bd1fdbbd18f789f050568262aa88456b4a928806f32a3a48d886571a7e" kind="enumvalue"><name>IDIV</name></member>
    <member refid="classrelNumExprBinOp_1a7c6ba64bd1fdbbd18f789f050568262aa455ffe52eeb8a8f45fee9f5b6e8df8a9" kind="enumvalue"><name>MOD</name></member>
    <member refid="classrelNumExprBinOp_1a7c6ba64bd1fdbbd18f789f050568262aada02aef4361e40978b076f893d97d21a" kind="enumvalue"><name>POW</name></member>
    <member refid="classrelNumExprBinOp_1ac6791fa5ce19ae6de84aa232f8d49afb" kind="variable"><name>mExpr1</name></member>
    <member refid="classrelNumExprBinOp_1ac9350412fd104e961c2cbf07210a3543" kind="variable"><name>mOp</name></member>
    <member refid="classrelNumExprBinOp_1af93e6ddb03aa601f1f57ecdd8f7902ab" kind="variable"><name>mExpr2</name></member>
    <member refid="classrelNumExprBinOp_1ade56e625ea43619d601edb9def9d27ba" kind="function"><name>relNumExprBinOp</name></member>
    <member refid="classrelNumExprBinOp_1a5521188c55886d88704ac15cef2d4ae9" kind="function"><name>~relNumExprBinOp</name></member>
    <member refid="classrelNumExprBinOp_1aeddd6d6de0823c84153c381f20124dfa" kind="function"><name>interpret</name></member>
  </compound>
  <compound refid="classrelNumExprConst" kind="class"><name>relNumExprConst</name>
    <member refid="classrelNumExprConst_1ad33dd1ec6793b2e9a84f31eb2377cca9" kind="variable"><name>mVal</name></member>
    <member refid="classrelNumExprConst_1adec8ef451e9de38917c26071aaee1fc1" kind="function"><name>relNumExprConst</name></member>
    <member refid="classrelNumExprConst_1afdb504c35f067a43f0b46d72bd019c45" kind="function"><name>~relNumExprConst</name></member>
    <member refid="classrelNumExprConst_1afae54742ed0033e65e953559956a1cac" kind="function"><name>interpret</name></member>
  </compound>
  <compound refid="classrelNumExprRound" kind="class"><name>relNumExprRound</name>
    <member refid="classrelNumExprRound_1a2c49fb1a5c639531ba2a7dca9b9d9831" kind="variable"><name>mExpr</name></member>
    <member refid="classrelNumExprRound_1aa00e1e3e21751feee76e1f4833847b8c" kind="function"><name>relNumExprRound</name></member>
    <member refid="classrelNumExprRound_1a2cae204683cc9256e709e394761a5a4e" kind="function"><name>~relNumExprRound</name></member>
    <member refid="classrelNumExprRound_1a799e9b57212880817b72d0a6d0c9ee43" kind="function"><name>interpret</name></member>
  </compound>
  <compound refid="classrelNumExprStr" kind="class"><name>relNumExprStr</name>
    <member refid="classrelNumExprStr_1a59bc0db3062dadfedcbd127c36c24037" kind="variable"><name>mExpr</name></member>
    <member refid="classrelNumExprStr_1a2d90983cd60d05acd147171251bb0f5e" kind="function"><name>relNumExprStr</name></member>
    <member refid="classrelNumExprStr_1aba81541d1c3fbe58b4e70d03976cc552" kind="function"><name>~relNumExprStr</name></member>
    <member refid="classrelNumExprStr_1a8a2714901aa816e05b46efc14b05e4ce" kind="function"><name>interpret</name></member>
  </compound>
  <compound refid="classrelNumExprTimeElapsed" kind="class"><name>relNumExprTimeElapsed</name>
    <member refid="classrelNumExprTimeElapsed_1ab7766ea0b9e7f076171e0ca41e73a20d" kind="function"><name>relNumExprTimeElapsed</name></member>
    <member refid="classrelNumExprTimeElapsed_1a0bb4713bfcd43af5dab681f641d8e526" kind="function"><name>~relNumExprTimeElapsed</name></member>
    <member refid="classrelNumExprTimeElapsed_1acfc4864762fdb76ed637ba69df4ccc6c" kind="function"><name>interpret</name></member>
  </compound>
  <compound refid="classrelNumExprUnOp" kind="class"><name>relNumExprUnOp</name>
    <member refid="classrelNumExprUnOp_1a73ee59d35d6929fb72d4dd06b942555c" kind="enum"><name>relNumOP</name></member>
    <member refid="classrelNumExprUnOp_1a73ee59d35d6929fb72d4dd06b942555ca6b0fa480b479a71725d6fcbe7b00565a" kind="enumvalue"><name>CARD</name></member>
    <member refid="classrelNumExprUnOp_1a73ee59d35d6929fb72d4dd06b942555ca06df398ec51d95e22626b6d310c57592" kind="enumvalue"><name>MIN</name></member>
    <member refid="classrelNumExprUnOp_1a73ee59d35d6929fb72d4dd06b942555ca3c901a29cbf780c97b1ae9f053b85479" kind="enumvalue"><name>MAX</name></member>
    <member refid="classrelNumExprUnOp_1a73ee59d35d6929fb72d4dd06b942555caa28b414a781f3db5188cbdacef1ccbd5" kind="enumvalue"><name>SUM</name></member>
    <member refid="classrelNumExprUnOp_1a73ee59d35d6929fb72d4dd06b942555ca0706c2dda38ca4ef436122812c78f1f7" kind="enumvalue"><name>AVG</name></member>
    <member refid="classrelNumExprUnOp_1a0c03aaa68cc976b811f79f12418d3128" kind="variable"><name>mExpr</name></member>
    <member refid="classrelNumExprUnOp_1a6284310a5c22248b56afdafd86dda9ce" kind="variable"><name>mOp</name></member>
    <member refid="classrelNumExprUnOp_1a5ea4104ae0cf1eae387c972aecd93680" kind="function"><name>relNumExprUnOp</name></member>
    <member refid="classrelNumExprUnOp_1a717d350405e28a95fbdc8d2f4a36e3d2" kind="function"><name>~relNumExprUnOp</name></member>
    <member refid="classrelNumExprUnOp_1aae8305e4082f0d40388e316b32f4ca32" kind="function"><name>interpret</name></member>
  </compound>
  <compound refid="classrelNumExprVar" kind="class"><name>relNumExprVar</name>
    <member refid="classrelNumExprVar_1a9f82c34cbfe0e0ea94f16b76dd88a9d0" kind="variable"><name>mVar</name></member>
    <member refid="classrelNumExprVar_1a402141dd1d30f4cc4c4488e949f32a2c" kind="function"><name>relNumExprVar</name></member>
    <member refid="classrelNumExprVar_1a801434b6584cc9b0992a23be8807f6fe" kind="function"><name>~relNumExprVar</name></member>
    <member refid="classrelNumExprVar_1aaa1b50d3d2bd8b7a00867107e4f37c26" kind="function"><name>interpret</name></member>
  </compound>
  <compound refid="classrelObject" kind="class"><name>relObject</name>
    <member refid="classrelObject_1a1e5f7fb888583d56e9f4b6e247030e35" kind="variable"><name>count</name></member>
    <member refid="classrelObject_1ad987378e185fff56551fb78be0a3e971" kind="function"><name>GetCount</name></member>
    <member refid="classrelObject_1af7d41cbced909aad7257bf4940c1fa07" kind="function"><name>operator,</name></member>
    <member refid="classrelObject_1aa8fc3941bf9f84e8cf90a821cb0a2d15" kind="function"><name>relObject</name></member>
    <member refid="classrelObject_1a88249926871015e4149a7468ec845b99" kind="function"><name>relObject</name></member>
    <member refid="classrelObject_1a4fb533b43971834655cd0cb1323f979b" kind="function"><name>~relObject</name></member>
  </compound>
  <compound refid="classrelPrintExpr" kind="class"><name>relPrintExpr</name>
    <member refid="classrelPrintExpr_1a4bd82c6b6b055c068997368c18930d7f" kind="function"><name>interpret</name></member>
  </compound>
  <compound refid="classrelPrintExprBDT" kind="class"><name>relPrintExprBDT</name>
    <member refid="classrelPrintExprBDT_1a51645de2e280a55ecc07f60cb861ee51" kind="variable"><name>mExpr</name></member>
    <member refid="classrelPrintExprBDT_1a6497a9b3270e55240c93afb9610b4a0a" kind="function"><name>relPrintExprBDT</name></member>
    <member refid="classrelPrintExprBDT_1abaeb276ae517904e4124b1c6009ab34e" kind="function"><name>~relPrintExprBDT</name></member>
    <member refid="classrelPrintExprBDT_1a17041b082aecf80dc7a289a1d5993a87" kind="function"><name>interpret</name></member>
  </compound>
  <compound refid="classrelPrintExprEndLine" kind="class"><name>relPrintExprEndLine</name>
    <member refid="classrelPrintExprEndLine_1a948467ca236a822f64a53473ffbabcaa" kind="function"><name>relPrintExprEndLine</name></member>
    <member refid="classrelPrintExprEndLine_1aa29c369d4cb070ccf8f8dbf17cbbe961" kind="function"><name>~relPrintExprEndLine</name></member>
    <member refid="classrelPrintExprEndLine_1a76d6b76b16a446d2369b40137dab0022" kind="function"><name>interpret</name></member>
  </compound>
  <compound refid="classrelPrintExprGraph" kind="class"><name>relPrintExprGraph</name>
    <member refid="classrelPrintExprGraph_1aafc44ad3d8d4af498815d06a4b553be6" kind="variable"><name>mExpr</name></member>
    <member refid="classrelPrintExprGraph_1afcdec33aeb19fcb39523dfd23927f955" kind="function"><name>relPrintExprGraph</name></member>
    <member refid="classrelPrintExprGraph_1a6b43d914286a09fe549c717f518c7457" kind="function"><name>~relPrintExprGraph</name></member>
    <member refid="classrelPrintExprGraph_1a618ad705f75cd620949aef339bb2aa2e" kind="function"><name>interpret</name></member>
  </compound>
  <compound refid="classrelPrintExprInt" kind="class"><name>relPrintExprInt</name>
    <member refid="classrelPrintExprInt_1a53d2d7aa37d0e8d5815df7e36f8ed328" kind="variable"><name>mExpr</name></member>
    <member refid="classrelPrintExprInt_1a250d1946bd8f8e901f863732b9a37d23" kind="function"><name>relPrintExprInt</name></member>
    <member refid="classrelPrintExprInt_1a957329490bebe6fe52e977f2243e6e8d" kind="function"><name>~relPrintExprInt</name></member>
    <member refid="classrelPrintExprInt_1aceb2291ff49eeeb75cb2febeec0e9cb9" kind="function"><name>interpret</name></member>
  </compound>
  <compound refid="classrelPrintExprNodesPerVarId" kind="class"><name>relPrintExprNodesPerVarId</name>
    <member refid="classrelPrintExprNodesPerVarId_1a547e8078e046c725c8234cc9a47710e1" kind="variable"><name>mExpr</name></member>
    <member refid="classrelPrintExprNodesPerVarId_1a227f1e471df6394eea09c6461731eadf" kind="function"><name>relPrintExprNodesPerVarId</name></member>
    <member refid="classrelPrintExprNodesPerVarId_1a90589a3835cf6b937fd3bd91ed3f1fa1" kind="function"><name>~relPrintExprNodesPerVarId</name></member>
    <member refid="classrelPrintExprNodesPerVarId_1aa1d815b05488bcd340011df02b3cf6cf" kind="function"><name>interpret</name></member>
  </compound>
  <compound refid="classrelPrintExprRelInfo" kind="class"><name>relPrintExprRelInfo</name>
    <member refid="classrelPrintExprRelInfo_1a865df7f84c3629b6caf54d63fdc96d23" kind="variable"><name>mExpr</name></member>
    <member refid="classrelPrintExprRelInfo_1a7234c36d2cd13a718a202179c05866f7" kind="function"><name>relPrintExprRelInfo</name></member>
    <member refid="classrelPrintExprRelInfo_1a7ffdda7db43a36b387fcbb9e94940372" kind="function"><name>~relPrintExprRelInfo</name></member>
    <member refid="classrelPrintExprRelInfo_1a985d037c7a42df52c378bf16e9a3eab2" kind="function"><name>interpret</name></member>
  </compound>
  <compound refid="classrelPrintExprSeq" kind="class"><name>relPrintExprSeq</name>
    <member refid="classrelPrintExprSeq_1ac598748ac49eadf5d891e40e22571d71" kind="variable"><name>mPrintExpr1</name></member>
    <member refid="classrelPrintExprSeq_1a40cee833577f73d3f252f81dcb056e50" kind="variable"><name>mPrintExpr2</name></member>
    <member refid="classrelPrintExprSeq_1af6b753393ad9edd90b2df381a818ff02" kind="function"><name>relPrintExprSeq</name></member>
    <member refid="classrelPrintExprSeq_1a1dc6025ca4c161327bc13efaed353390" kind="function"><name>~relPrintExprSeq</name></member>
    <member refid="classrelPrintExprSeq_1a55aa301899cefcfebc4a8058debd7824" kind="function"><name>interpret</name></member>
  </compound>
  <compound refid="classrelPrintExprString" kind="class"><name>relPrintExprString</name>
    <member refid="classrelPrintExprString_1ab2660c277619d7da33173206c008b028" kind="variable"><name>mExpr</name></member>
    <member refid="classrelPrintExprString_1abd3c8406abb7eef902ffcae28daf6776" kind="function"><name>relPrintExprString</name></member>
    <member refid="classrelPrintExprString_1aa829742c21b19c315bdeafa4270e952a" kind="function"><name>~relPrintExprString</name></member>
    <member refid="classrelPrintExprString_1a27a9cc355f5f1074e179f9c272d4638a" kind="function"><name>interpret</name></member>
  </compound>
  <compound refid="classrelPrintExprValues" kind="class"><name>relPrintExprValues</name>
    <member refid="classrelPrintExprValues_1a6801be388baa2776615e5925840d1e31" kind="variable"><name>mPrefix</name></member>
    <member refid="classrelPrintExprValues_1a79d165c1d4300ef13a2d51442a36a0b3" kind="variable"><name>mExpr</name></member>
    <member refid="classrelPrintExprValues_1a19597571e7d1d1f625b1c995082ce671" kind="function"><name>relPrintExprValues</name></member>
    <member refid="classrelPrintExprValues_1a83b940552b3c9f6bfe7b91515dc45a15" kind="function"><name>~relPrintExprValues</name></member>
    <member refid="classrelPrintExprValues_1a9b98e9e4b159195f81cef0bbba5968dc" kind="function"><name>interpret</name></member>
  </compound>
  <compound refid="classrelReaderWriter" kind="class"><name>relReaderWriter</name>
    <member refid="classrelReaderWriter_1a7be957f62c0d2e31f94a39a020a99ab9" kind="variable"><name>mCurrDataOutStream</name></member>
    <member refid="classrelReaderWriter_1a8f279d5488c6ab986026e71b7895e65a" kind="function"><name>getCurrDataOutStream</name></member>
    <member refid="classrelReaderWriter_1ae196c3f67538fa4409c15e23afc58bf3" kind="function"><name>setCurrDataOutStream</name></member>
  </compound>
  <compound refid="classrelStatement" kind="class"><name>relStatement</name>
    <member refid="classrelStatement_1a9b50ccc1d8f5a9df3dbe754be438f8da" kind="function"><name>interpret</name></member>
  </compound>
  <compound refid="classrelStmtAssign" kind="class"><name>relStmtAssign</name>
    <member refid="classrelStmtAssign_1a393c748e40a35fec933a31b05ca56996" kind="variable"><name>mRelVar</name></member>
    <member refid="classrelStmtAssign_1a005ccbaa3dbed1d7453e5ad45a1c36f4" kind="variable"><name>mTermList</name></member>
    <member refid="classrelStmtAssign_1a058c2fbdb0b2c589b4df8fcdde2411fb" kind="variable"><name>mExpr</name></member>
    <member refid="classrelStmtAssign_1ad9a3fd41116127730abdb8a294bfa8c7" kind="function"><name>relStmtAssign</name></member>
    <member refid="classrelStmtAssign_1ad8e01ac83a90aa44d9fa129dce7e0c18" kind="function"><name>~relStmtAssign</name></member>
    <member refid="classrelStmtAssign_1a51224c7ad4ce556f8d9eae288ed157ad" kind="function"><name>interpret</name></member>
  </compound>
  <compound refid="classrelStmtAssignNum" kind="class"><name>relStmtAssignNum</name>
    <member refid="classrelStmtAssignNum_1a00a80dfe1f94d5fd6a636f79f6728b72" kind="variable"><name>mVar</name></member>
    <member refid="classrelStmtAssignNum_1a0968394c1ababda146b1a74614dfb411" kind="variable"><name>mExpr</name></member>
    <member refid="classrelStmtAssignNum_1aafe424933ddbd6e231095b558714ecbe" kind="function"><name>relStmtAssignNum</name></member>
    <member refid="classrelStmtAssignNum_1a2cbc0a3dddf7813d9e6450eb90afbfa4" kind="function"><name>~relStmtAssignNum</name></member>
    <member refid="classrelStmtAssignNum_1a92d05018dd637d43c5ae65247b92a1c7" kind="function"><name>interpret</name></member>
  </compound>
  <compound refid="classrelStmtAssignStr" kind="class"><name>relStmtAssignStr</name>
    <member refid="classrelStmtAssignStr_1aec88a255f4a245f25f32913226848369" kind="variable"><name>mVar</name></member>
    <member refid="classrelStmtAssignStr_1a6464f02739da1ba60d0bd2334396afe9" kind="variable"><name>mExpr</name></member>
    <member refid="classrelStmtAssignStr_1ace16f3613dc7a41d01b414695d7619f6" kind="function"><name>relStmtAssignStr</name></member>
    <member refid="classrelStmtAssignStr_1af462ea38207e6786ea793de9271ab66b" kind="function"><name>~relStmtAssignStr</name></member>
    <member refid="classrelStmtAssignStr_1a2fcf592a597a26caad3c2abc8192bcc8" kind="function"><name>interpret</name></member>
  </compound>
  <compound refid="classrelStmtCall" kind="class"><name>relStmtCall</name>
    <member refid="classrelStmtCall_1a698ac32cb25e498c55cc1782a23f1ce6" kind="variable"><name>mProcName</name></member>
    <member refid="classrelStmtCall_1a1dc90cf0fb0bd02479d9b6255339ba25" kind="function"><name>relStmtCall</name></member>
    <member refid="classrelStmtCall_1ac61a32e601f3a3f07b2eb3739826a3f3" kind="function"><name>~relStmtCall</name></member>
    <member refid="classrelStmtCall_1a0d875d392eafe386cf6cf573a9b9818c" kind="function"><name>interpret</name></member>
  </compound>
  <compound refid="classrelStmtEmpty" kind="class"><name>relStmtEmpty</name>
    <member refid="classrelStmtEmpty_1ab432ecca763ae816d9113ab23991911e" kind="function"><name>relStmtEmpty</name></member>
    <member refid="classrelStmtEmpty_1a9b045f06fa10e0248438d99ef1d398e5" kind="function"><name>~relStmtEmpty</name></member>
    <member refid="classrelStmtEmpty_1a941f059dfcdcc0459b5ba46a503657b3" kind="function"><name>interpret</name></member>
  </compound>
  <compound refid="classrelStmtExec" kind="class"><name>relStmtExec</name>
    <member refid="classrelStmtExec_1a0e070d4ab452cc771adbd56c4fdaf611" kind="variable"><name>mExpr</name></member>
    <member refid="classrelStmtExec_1aa18ad7e47b5a07ee16753bffd71b53d5" kind="function"><name>relStmtExec</name></member>
    <member refid="classrelStmtExec_1a7a1d337c3cef788ce588c79b80244a62" kind="function"><name>~relStmtExec</name></member>
    <member refid="classrelStmtExec_1ad5b1c13d945bc4bc3c5b7b94c178c3a1" kind="function"><name>interpret</name></member>
  </compound>
  <compound refid="classrelStmtExit" kind="class"><name>relStmtExit</name>
    <member refid="classrelStmtExit_1a810300ddcf5b9b359eef4e7a1341bf0c" kind="variable"><name>mExitCode</name></member>
    <member refid="classrelStmtExit_1a9a1bfb4b68d960ae2ccb4c472b8bfa6f" kind="function"><name>relStmtExit</name></member>
    <member refid="classrelStmtExit_1a95dc91c38b8599356357650c32f36010" kind="function"><name>~relStmtExit</name></member>
    <member refid="classrelStmtExit_1ab02ddfa344349b8217be8997697ea9e3" kind="function"><name>interpret</name></member>
  </compound>
  <compound refid="classrelStmtFor" kind="class"><name>relStmtFor</name>
    <member refid="classrelStmtFor_1a2aa42b68890a6ea82a63ef1b6d9a2839" kind="variable"><name>mStrVar</name></member>
    <member refid="classrelStmtFor_1a23566ee42bba2e9febaffef2a057b08e" kind="variable"><name>mExpr</name></member>
    <member refid="classrelStmtFor_1a7135fa516e568355aad2ac68edc30526" kind="variable"><name>mStmt</name></member>
    <member refid="classrelStmtFor_1a1404aadff9044bcc7a853483819c69e6" kind="function"><name>relStmtFor</name></member>
    <member refid="classrelStmtFor_1aeea12774c3a42ec63a3c37e5369d566b" kind="function"><name>~relStmtFor</name></member>
    <member refid="classrelStmtFor_1aa6b901895ef33618ac1d7ca5cb0c9e6b" kind="function"><name>interpret</name></member>
  </compound>
  <compound refid="classrelStmtIf" kind="class"><name>relStmtIf</name>
    <member refid="classrelStmtIf_1afb87c21430b830b3463b02ffe10e1df2" kind="variable"><name>mExpr</name></member>
    <member refid="classrelStmtIf_1a41e3cc62337442f78d29bf69166b99df" kind="variable"><name>mStmtThen</name></member>
    <member refid="classrelStmtIf_1afa430233e67775825f1855ed3373fd14" kind="variable"><name>mStmtElse</name></member>
    <member refid="classrelStmtIf_1afa515ec251766bb040ad0d2ab42a4d39" kind="function"><name>relStmtIf</name></member>
    <member refid="classrelStmtIf_1a85fd2e5c0999a30a340b28c7ad0712b9" kind="function"><name>~relStmtIf</name></member>
    <member refid="classrelStmtIf_1a152ed66e4ffe978234dc78652b9bf779" kind="function"><name>interpret</name></member>
  </compound>
  <compound refid="classrelStmtPrint" kind="class"><name>relStmtPrint</name>
    <member refid="classrelStmtPrint_1a72149dd4413431c5819d512fcb253b14" kind="variable"><name>mPrintExpr</name></member>
    <member refid="classrelStmtPrint_1a2fa4d999c1e16e43488d63768cf81854" kind="variable"><name>mOut</name></member>
    <member refid="classrelStmtPrint_1acf7443fe1ce05d2cf1f61bceaaa54940" kind="variable"><name>mFilename</name></member>
    <member refid="classrelStmtPrint_1a02ec1c0bd23f6c105ba365d9bc47781d" kind="function"><name>relStmtPrint</name></member>
    <member refid="classrelStmtPrint_1aa2075a712643789b33d21fc1718af9a4" kind="function"><name>~relStmtPrint</name></member>
    <member refid="classrelStmtPrint_1a47ca7f44780a912e70c12050fe7056ea" kind="function"><name>interpret</name></member>
  </compound>
  <compound refid="classrelStmtSeq" kind="class"><name>relStmtSeq</name>
    <member refid="classrelStmtSeq_1a86ddcaafc7f949acfc0117b952ba674a" kind="variable"><name>mStmt1</name></member>
    <member refid="classrelStmtSeq_1ad1c0b99dda55f16e099799165b16c66c" kind="variable"><name>mStmt2</name></member>
    <member refid="classrelStmtSeq_1a7b16d99321ea23c7e3e34dea7b7eb898" kind="function"><name>relStmtSeq</name></member>
    <member refid="classrelStmtSeq_1afa088b7a464d2cb3f6213c1850f56f15" kind="function"><name>~relStmtSeq</name></member>
    <member refid="classrelStmtSeq_1a319095b0c663429b813a2fe1ec6ae47c" kind="function"><name>interpret</name></member>
  </compound>
  <compound refid="classrelStmtWhile" kind="class"><name>relStmtWhile</name>
    <member refid="classrelStmtWhile_1a2469b0c1d5611bb26ab2cfb5cddf5f09" kind="variable"><name>mExpr</name></member>
    <member refid="classrelStmtWhile_1a1df7b2a2e029ea856060fbc6b1439765" kind="variable"><name>mStmt</name></member>
    <member refid="classrelStmtWhile_1a196477e87e2acfec99298a6accb5edd6" kind="function"><name>relStmtWhile</name></member>
    <member refid="classrelStmtWhile_1a2be1b1365ede1c59051321934b31fddf" kind="function"><name>~relStmtWhile</name></member>
    <member refid="classrelStmtWhile_1a642b71da84c0e36f360ed3308ae44184" kind="function"><name>interpret</name></member>
  </compound>
  <compound refid="classrelStrCmdArg" kind="class"><name>relStrCmdArg</name>
    <member refid="classrelStrCmdArg_1a03e5cf56e8d135267a0bcdb572f2810f" kind="variable"><name>mExpr</name></member>
    <member refid="classrelStrCmdArg_1a913a0858b1a77a82cb3b8ad1ff96d774" kind="function"><name>relStrCmdArg</name></member>
    <member refid="classrelStrCmdArg_1ac41666020e61e4040e309cd76106a845" kind="function"><name>~relStrCmdArg</name></member>
    <member refid="classrelStrCmdArg_1af6746b7d84e39cb98160dbe399b83521" kind="function"><name>interpret</name></member>
  </compound>
  <compound refid="classrelStrExpr" kind="class"><name>relStrExpr</name>
    <member refid="classrelStrExpr_1a0602ca1fd170fd99c43c1d59e9180c55" kind="function"><name>interpret</name></member>
  </compound>
  <compound refid="classrelStrExprBinOp" kind="class"><name>relStrExprBinOp</name>
    <member refid="classrelStrExprBinOp_1a47cb9b884dfd2d101e526908e4257f04" kind="enum"><name>relStrOP</name></member>
    <member refid="classrelStrExprBinOp_1a47cb9b884dfd2d101e526908e4257f04a9740eb99d8ebc4fc8ee95274ac2371ae" kind="enumvalue"><name>CONCAT</name></member>
    <member refid="classrelStrExprBinOp_1a767bd5cea941d8dae83dbd3828158736" kind="variable"><name>mExpr1</name></member>
    <member refid="classrelStrExprBinOp_1a58160d431fbe73c27fed9e1c3549701e" kind="variable"><name>mOp</name></member>
    <member refid="classrelStrExprBinOp_1a5c2ecdb29ddd93a4cf5c53f616fc493d" kind="variable"><name>mExpr2</name></member>
    <member refid="classrelStrExprBinOp_1aa827ad644b27e3790e3174c3ffab5b09" kind="function"><name>relStrExprBinOp</name></member>
    <member refid="classrelStrExprBinOp_1a557d59474937afd9f7fe236c208f7649" kind="function"><name>~relStrExprBinOp</name></member>
    <member refid="classrelStrExprBinOp_1a30607bc09ac0fe6d737116f8a4358fc4" kind="function"><name>interpret</name></member>
  </compound>
  <compound refid="classrelStrExprConst" kind="class"><name>relStrExprConst</name>
    <member refid="classrelStrExprConst_1a8ca15148703c57f4bf42fe8e715d59b7" kind="variable"><name>mVal</name></member>
    <member refid="classrelStrExprConst_1a62da1303b6904cb569336dbb26c7ca95" kind="function"><name>relStrExprConst</name></member>
    <member refid="classrelStrExprConst_1afee2cdf775d428ece4b844ab6c9b53be" kind="function"><name>~relStrExprConst</name></member>
    <member refid="classrelStrExprConst_1a37b5b85b1dce686bb01afeee32ff3c78" kind="function"><name>interpret</name></member>
  </compound>
  <compound refid="classrelStrExprElem" kind="class"><name>relStrExprElem</name>
    <member refid="classrelStrExprElem_1ac50810a941c918430f51937b5bc52939" kind="variable"><name>mExpr</name></member>
    <member refid="classrelStrExprElem_1ab8b4ab716f6dfc9079ae57b968040479" kind="function"><name>relStrExprElem</name></member>
    <member refid="classrelStrExprElem_1acf86ed7d65786758a1d4f4286e598550" kind="function"><name>~relStrExprElem</name></member>
    <member refid="classrelStrExprElem_1ac1cc2e1d3b6ee6162ce97d4168dd5d18" kind="function"><name>interpret</name></member>
  </compound>
  <compound refid="classrelStrExprNum" kind="class"><name>relStrExprNum</name>
    <member refid="classrelStrExprNum_1a09e0e31ca0c020800060b667b01678e6" kind="variable"><name>mExpr</name></member>
    <member refid="classrelStrExprNum_1ae045ea29d2a889e5041ea52d22d64cd8" kind="function"><name>relStrExprNum</name></member>
    <member refid="classrelStrExprNum_1a52569fba6bb13440af038bfeed579970" kind="function"><name>~relStrExprNum</name></member>
    <member refid="classrelStrExprNum_1a1e7b075d7e716506716c4434f8a0ccfd" kind="function"><name>interpret</name></member>
  </compound>
  <compound refid="classrelStrExprVar" kind="class"><name>relStrExprVar</name>
    <member refid="classrelStrExprVar_1a64963fd8980a69930da369e9804561a9" kind="variable"><name>mVar</name></member>
    <member refid="classrelStrExprVar_1a54e98476289fd62ec6b9fc1ec6300fa0" kind="function"><name>relStrExprVar</name></member>
    <member refid="classrelStrExprVar_1aece3699fbe1f92e3c20bae2611107841" kind="function"><name>~relStrExprVar</name></member>
    <member refid="classrelStrExprVar_1af0e08135088ee862341a1ae1531f36bb" kind="function"><name>interpret</name></member>
  </compound>
  <compound refid="classrelString" kind="class"><name>relString</name>
    <member refid="classrelString_1a568eefae67248976ba9e215c6b9a3ce9" kind="variable"><name>mValue</name></member>
    <member refid="classrelString_1aac7e785b34e85364907dfee350381680" kind="function"><name>relString</name></member>
    <member refid="classrelString_1a20d27c302e98466d588eb5b7f8627992" kind="function"><name>~relString</name></member>
    <member refid="classrelString_1a93c23e805fb42d32daa545436bf93473" kind="function"><name>getValue</name></member>
    <member refid="classrelString_1ae870b7d7f2559320e0af94fc1da987f4" kind="function"><name>setValue</name></member>
  </compound>
  <compound refid="classrelTerm" kind="class"><name>relTerm</name>
    <member refid="classrelTerm_1ae109241ae14902a11310a27a3fde4821" kind="function"><name>interpret</name></member>
  </compound>
  <compound refid="classrelTermAttribute" kind="class"><name>relTermAttribute</name>
    <member refid="classrelTermAttribute_1aede36d3b7a16a6326119452ddf1fbbc6" kind="variable"><name>mAttribute</name></member>
    <member refid="classrelTermAttribute_1a5ee1a6367579076284b8a83253511516" kind="function"><name>relTermAttribute</name></member>
    <member refid="classrelTermAttribute_1a6e49e946cdb2014919779c6b0ef5db4c" kind="function"><name>~relTermAttribute</name></member>
    <member refid="classrelTermAttribute_1a1cc9ac4b55e486a87e9e0f11d632f786" kind="function"><name>interpret</name></member>
  </compound>
  <compound refid="classrelTermExists" kind="class"><name>relTermExists</name>
    <member refid="classrelTermExists_1a24120c2899d9f5100755b1ad93ba1967" kind="function"><name>relTermExists</name></member>
    <member refid="classrelTermExists_1adb35df7c8a30d080d284b8752b37f2c3" kind="function"><name>~relTermExists</name></member>
    <member refid="classrelTermExists_1a0c8c795c7ab79705a18f8cb306a3b3da" kind="function"><name>interpret</name></member>
  </compound>
  <compound refid="classrelTermStrExpr" kind="class"><name>relTermStrExpr</name>
    <member refid="classrelTermStrExpr_1afb35cb8b3819a459cedd3b3730917ada" kind="variable"><name>mExpr</name></member>
    <member refid="classrelTermStrExpr_1a690a29da5a12ffe1b333c6989bcea983" kind="function"><name>relTermStrExpr</name></member>
    <member refid="classrelTermStrExpr_1a525acf139494529c0a37c5b9cc33d947" kind="function"><name>~relTermStrExpr</name></member>
    <member refid="classrelTermStrExpr_1aa4beb20a5f12e98108da2c7086f0d32c" kind="function"><name>interpret</name></member>
  </compound>
  <compound refid="namespacestd" kind="namespace"><name>std</name>
  </compound>
  <compound refid="bddBdd_8cpp" kind="file"><name>bddBdd.cpp</name>
  </compound>
  <compound refid="bddBdd_8h" kind="file"><name>bddBdd.h</name>
  </compound>
  <compound refid="bddRelation_8h" kind="file"><name>bddRelation.h</name>
    <member refid="bddRelation_8h_1aa01e33ba29c5513806b31599308f3ab5" kind="function"><name>unsigned2string</name></member>
  </compound>
  <compound refid="bddSymTab_8h" kind="file"><name>bddSymTab.h</name>
  </compound>
  <compound refid="crocopat_8cpp" kind="file"><name>crocopat.cpp</name>
    <member refid="crocopat_8cpp_1a6df1d22fb5f09eccc23b9f399670cfd7" kind="define"><name>STRINGIFY</name></member>
    <member refid="crocopat_8cpp_1ae4b532a93c757194ec73b6790a3e6b1f" kind="define"><name>EXPAND</name></member>
    <member refid="crocopat_8cpp_1abfb4c6036f72b0e3613ee5bb73add512" kind="variable"><name>gScanner</name></member>
    <member refid="crocopat_8cpp_1aa222cc6853276557bd16a1dbe4ac3106" kind="variable"><name>gNoParseErrs</name></member>
    <member refid="crocopat_8cpp_1af510fe5274dc4b41a85148b9ceb008b1" kind="variable"><name>gLibFileName</name></member>
    <member refid="crocopat_8cpp_1a9be4e1f6a8e9d964f94d12debcb87df2" kind="variable"><name>gSymTab</name></member>
    <member refid="crocopat_8cpp_1ae14d2a0f7e6aac9c2debdeddf87fda6b" kind="variable"><name>gSyntaxTree</name></member>
    <member refid="crocopat_8cpp_1aaa4271014ffca3d5839db383c88c5ea9" kind="variable"><name>gVariables</name></member>
    <member refid="crocopat_8cpp_1a07d978fcf5b95ccf4f3241c5298620f0" kind="variable"><name>gProcedures</name></member>
    <member refid="crocopat_8cpp_1a92c8b6d3e0236f73e872068b12be9f0f" kind="variable"><name>gPrintWarnings</name></member>
    <member refid="crocopat_8cpp_1a4948ffd0ac5cf91b012a5281b5d824dd" kind="variable"><name>gRSFLineLength</name></member>
    <member refid="crocopat_8cpp_1a34af91cd90a88c18b9a4b4fee31a619f" kind="variable"><name>gRSFDelimiter</name></member>
    <member refid="crocopat_8cpp_1a709c111fb75182a289963927550ee07a" kind="variable"><name>gReadPos</name></member>
    <member refid="crocopat_8cpp_1a94bb68b440a90792dc147f319ce8f899" kind="variable"><name>gAttributeNum</name></member>
    <member refid="crocopat_8cpp_1a92c4a8dafce942b863e49715ceea637b" kind="variable"><name>gAttributePrefix</name></member>
    <member refid="crocopat_8cpp_1a848c3899102f7505c3ab45f14e0985aa" kind="variable"><name>gValueUniverse</name></member>
    <member refid="crocopat_8cpp_1ae5a17e5ac9b74e05f65b8685b8381607" kind="variable"><name>gStart</name></member>
    <member refid="crocopat_8cpp_1a4ab2a0bcf08ca011353b308862d6e554" kind="variable"><name>gArgv</name></member>
    <member refid="crocopat_8cpp_1ae98bf8c5793e3f98589562d77b7aeadc" kind="variable"><name>gArgc</name></member>
    <member refid="crocopat_8cpp_1a847a2de5c1c28c9d7055a2b89ed7dad7" kind="function"><name>yyparse</name></member>
    <member refid="crocopat_8cpp_1ae8b5a0f8cf906555c9c4aa3a67e2ae69" kind="function"><name>string2double</name></member>
    <member refid="crocopat_8cpp_1a817bb33a67c398a4568ea0d74b19e7f9" kind="function"><name>double2string</name></member>
    <member refid="crocopat_8cpp_1aa01e33ba29c5513806b31599308f3ab5" kind="function"><name>unsigned2string</name></member>
    <member refid="crocopat_8cpp_1afb19d21ecfbd068a2f9c63ae52939df2" kind="function"><name>elapsed</name></member>
    <member refid="crocopat_8cpp_1a13cddecf22da4a014dea9eb152ae5e31" kind="function"><name>signal_handler</name></member>
    <member refid="crocopat_8cpp_1a43eb38412af188b6c83ed2b06b2ae330" kind="function"><name>readValue</name></member>
    <member refid="crocopat_8cpp_1af662a035b9e7713ef2c53d90ba7ddf37" kind="function"><name>file2vector</name></member>
    <member refid="crocopat_8cpp_1a2314e6f14de2894c017f99ece1e40083" kind="function"><name>createBddRelation</name></member>
    <member refid="crocopat_8cpp_1a6ffce9764ba647abe9b3bee1aaadd3a7" kind="function"><name>printVersion</name></member>
    <member refid="crocopat_8cpp_1ae19e0a10c9b6b5aaf1878cac27ea9541" kind="function"><name>printHelp</name></member>
    <member refid="crocopat_8cpp_1aac3a8eaf139392cb15984e5eae28bd32" kind="function"><name>crocopat</name></member>
  </compound>
  <compound refid="main_8cpp" kind="file"><name>main.cpp</name>
    <member refid="main_8cpp_1aac3a8eaf139392cb15984e5eae28bd32" kind="function"><name>crocopat</name></member>
    <member refid="main_8cpp_1a0ddf1224851353fc92bfbff6f499fa97" kind="function"><name>main</name></member>
  </compound>
  <compound refid="relDataType_8h" kind="file"><name>relDataType.h</name>
  </compound>
  <compound refid="relExpression_8h" kind="file"><name>relExpression.h</name>
    <member refid="relExpression_8h_1aaa4271014ffca3d5839db383c88c5ea9" kind="variable"><name>gVariables</name></member>
    <member refid="relExpression_8h_1a94bb68b440a90792dc147f319ce8f899" kind="variable"><name>gAttributeNum</name></member>
    <member refid="relExpression_8h_1a92c4a8dafce942b863e49715ceea637b" kind="variable"><name>gAttributePrefix</name></member>
    <member refid="relExpression_8h_1a9be4e1f6a8e9d964f94d12debcb87df2" kind="variable"><name>gSymTab</name></member>
    <member refid="relExpression_8h_1a92c8b6d3e0236f73e872068b12be9f0f" kind="variable"><name>gPrintWarnings</name></member>
    <member refid="relExpression_8h_1aa01e33ba29c5513806b31599308f3ab5" kind="function"><name>unsigned2string</name></member>
    <member refid="relExpression_8h_1a817bb33a67c398a4568ea0d74b19e7f9" kind="function"><name>double2string</name></member>
    <member refid="relExpression_8h_1afb19d21ecfbd068a2f9c63ae52939df2" kind="function"><name>elapsed</name></member>
  </compound>
  <compound refid="relNumber_8h" kind="file"><name>relNumber.h</name>
  </compound>
  <compound refid="relNumExpr_8cpp" kind="file"><name>relNumExpr.cpp</name>
    <member refid="relNumExpr_8cpp_1ae8b5a0f8cf906555c9c4aa3a67e2ae69" kind="function"><name>string2double</name></member>
  </compound>
  <compound refid="relNumExpr_8h" kind="file"><name>relNumExpr.h</name>
    <member refid="relNumExpr_8h_1aaa4271014ffca3d5839db383c88c5ea9" kind="variable"><name>gVariables</name></member>
    <member refid="relNumExpr_8h_1afb19d21ecfbd068a2f9c63ae52939df2" kind="function"><name>elapsed</name></member>
  </compound>
  <compound refid="relObject_8cpp" kind="file"><name>relObject.cpp</name>
    <member refid="relObject_8cpp_1a00cf0550eeaa985e1996180a9f6268b8" kind="function"><name>operator&lt;&lt;</name></member>
  </compound>
  <compound refid="relObject_8h" kind="file"><name>relObject.h</name>
    <member refid="relObject_8h_1a00cf0550eeaa985e1996180a9f6268b8" kind="function"><name>operator&lt;&lt;</name></member>
  </compound>
  <compound refid="relPrintExpr_8h" kind="file"><name>relPrintExpr.h</name>
  </compound>
  <compound refid="relReaderWriter_8cpp" kind="file"><name>relReaderWriter.cpp</name>
    <member refid="relReaderWriter_8cpp_1a63e7db6aa218d9699ec859fd956d2f62" kind="function"><name>operator&lt;&lt;</name></member>
  </compound>
  <compound refid="relReaderWriter_8h" kind="file"><name>relReaderWriter.h</name>
    <member refid="relReaderWriter_8h_1a63e7db6aa218d9699ec859fd956d2f62" kind="function"><name>operator&lt;&lt;</name></member>
  </compound>
  <compound refid="relStatement_8h" kind="file"><name>relStatement.h</name>
    <member refid="relStatement_8h_1a07d978fcf5b95ccf4f3241c5298620f0" kind="variable"><name>gProcedures</name></member>
  </compound>
  <compound refid="relStrExpr_8cpp" kind="file"><name>relStrExpr.cpp</name>
  </compound>
  <compound refid="relStrExpr_8h" kind="file"><name>relStrExpr.h</name>
    <member refid="relStrExpr_8h_1aaa4271014ffca3d5839db383c88c5ea9" kind="variable"><name>gVariables</name></member>
    <member refid="relStrExpr_8h_1a4ab2a0bcf08ca011353b308862d6e554" kind="variable"><name>gArgv</name></member>
    <member refid="relStrExpr_8h_1ae98bf8c5793e3f98589562d77b7aeadc" kind="variable"><name>gArgc</name></member>
    <member refid="relStrExpr_8h_1a817bb33a67c398a4568ea0d74b19e7f9" kind="function"><name>double2string</name></member>
  </compound>
  <compound refid="relString_8h" kind="file"><name>relString.h</name>
  </compound>
  <compound refid="relTerm_8h" kind="file"><name>relTerm.h</name>
  </compound>
  <compound refid="reprNUMBER_8h" kind="file"><name>reprNUMBER.h</name>
    <member refid="reprNUMBER_8h_1a1ab9ba44112f9ea8fb76b6b5c8815188" kind="typedef"><name>reprNUMBER</name></member>
  </compound>
</doxygenindex>
