<?xml version='1.0' encoding='UTF-8' standalone='no'?>
<doxygen xmlns:xsi="http://www.w3.org/2001/XMLSchema-instance" xsi:noNamespaceSchemaLocation="compound.xsd" version="1.6.1">
  <compounddef id="main_8cpp" kind="file">
    <compoundname>main.cpp</compoundname>
      <sectiondef kind="func">
      <memberdef kind="function" id="main_8cpp_1aac3a8eaf139392cb15984e5eae28bd32" prot="public" static="no" const="no" explicit="no" inline="no" virt="non-virtual">
        <type>int</type>
        <definition>int crocopat</definition>
        <argsstring>(int argc, char *argv[])</argsstring>
        <name>crocopat</name>
        <param>
          <type>int</type>
          <declname>argc</declname>
        </param>
        <param>
          <type>char *</type>
          <declname>argv</declname>
          <array>[]</array>
        </param>
        <briefdescription>
        </briefdescription>
        <detaileddescription>
<para>Main program. </para>        </detaileddescription>
        <inbodydescription>
        </inbodydescription>
        <location file="main.cpp" line="32" bodyfile="crocopat.cpp" bodystart="328" bodyend="565"/>
        <references refid="classbddSymTab_1a677d202fabc72c352c25c0dd6c2ec4e6" compoundref="bddSymTab_8h" startline="197" endline="216">bddSymTab::addAttribute</references>
        <references refid="classbddRelation_1a689ae88ba64f8e7f83bc7209593fb63d" compoundref="bddRelation_8h" startline="321" endline="323">bddRelation::complement</references>
        <references refid="crocopat_8cpp_1a2314e6f14de2894c017f99ece1e40083" compoundref="crocopat_8cpp" startline="231" endline="284">createBddRelation</references>
        <references refid="classbddBdd_1a9c2f86f19744c148fd9dd698691c6dc1" compoundref="bddBdd_8cpp" startline="791" endline="796">bddBdd::done</references>
        <references refid="crocopat_8cpp_1af662a035b9e7713ef2c53d90ba7ddf37" compoundref="crocopat_8cpp" startline="173" endline="221">file2vector</references>
        <references refid="crocopat_8cpp_1ae98bf8c5793e3f98589562d77b7aeadc" compoundref="crocopat_8cpp" startline="73">gArgc</references>
        <references refid="crocopat_8cpp_1a4ab2a0bcf08ca011353b308862d6e554" compoundref="crocopat_8cpp" startline="72">gArgv</references>
        <references refid="crocopat_8cpp_1a94bb68b440a90792dc147f319ce8f899" compoundref="crocopat_8cpp" startline="64">gAttributeNum</references>
        <references refid="crocopat_8cpp_1a92c4a8dafce942b863e49715ceea637b" compoundref="crocopat_8cpp" startline="65">gAttributePrefix</references>
        <references refid="classrelObject_1ad987378e185fff56551fb78be0a3e971" compoundref="relObject_8h" startline="46" endline="49">relObject::GetCount</references>
        <references refid="crocopat_8cpp_1af510fe5274dc4b41a85148b9ceb008b1" compoundref="crocopat_8cpp" startline="53">gLibFileName</references>
        <references refid="crocopat_8cpp_1aa222cc6853276557bd16a1dbe4ac3106" compoundref="crocopat_8cpp" startline="52">gNoParseErrs</references>
        <references refid="crocopat_8cpp_1a92c8b6d3e0236f73e872068b12be9f0f" compoundref="crocopat_8cpp" startline="58">gPrintWarnings</references>
        <references refid="crocopat_8cpp_1a07d978fcf5b95ccf4f3241c5298620f0" compoundref="crocopat_8cpp" startline="57">gProcedures</references>
        <references refid="crocopat_8cpp_1abfb4c6036f72b0e3613ee5bb73add512" compoundref="crocopat_8cpp" startline="51">gScanner</references>
        <references refid="crocopat_8cpp_1ae5a17e5ac9b74e05f65b8685b8381607" compoundref="crocopat_8cpp" startline="69">gStart</references>
        <references refid="crocopat_8cpp_1a848c3899102f7505c3ab45f14e0985aa" compoundref="crocopat_8cpp" startline="66">gValueUniverse</references>
        <references refid="crocopat_8cpp_1aaa4271014ffca3d5839db383c88c5ea9" compoundref="crocopat_8cpp" startline="56">gVariables</references>
        <references refid="classbddBdd_1aa0e6b9d0bc8f6eafa6f437cc699343ce" compoundref="bddBdd_8cpp" startline="743" endline="787">bddBdd::init</references>
        <references refid="classbddSymTab_1a84247b4b413c3e40d6a61fc8038c6d31" compoundref="bddSymTab_8h" startline="108" endline="134">bddSymTab::initValueUniverse</references>
        <references refid="classrelStatement_1a9b50ccc1d8f5a9df3dbe754be438f8da">relStatement::interpret</references>
        <references refid="classbddRelation_1a55ad765ba56d7805eefc26668ae745af" compoundref="bddRelation_8h" startline="77" endline="99">bddRelation::mkEqual</references>
        <references refid="classbddRelation_1aa6a9c5a543eb5f40fa868cfe74ad7603" compoundref="bddRelation_8h" startline="138" endline="161">bddRelation::mkLess</references>
        <references refid="crocopat_8cpp_1ae19e0a10c9b6b5aaf1878cac27ea9541" compoundref="crocopat_8cpp" startline="301" endline="323">printHelp</references>
        <references refid="crocopat_8cpp_1a6ffce9764ba647abe9b3bee1aaadd3a7" compoundref="crocopat_8cpp" startline="290" endline="296">printVersion</references>
        <references refid="crocopat_8cpp_1a13cddecf22da4a014dea9eb152ae5e31" compoundref="crocopat_8cpp" startline="118" endline="123">signal_handler</references>
        <references refid="classbddRelation_1a6d73f50efc75bb8e525835f8c6d1fb1b" compoundref="bddRelation_8h" startline="326" endline="328">bddRelation::unite</references>
        <references refid="bddRelation_8h_1aa01e33ba29c5513806b31599308f3ab5" compoundref="crocopat_8cpp" startline="96" endline="103">unsigned2string</references>
        <references refid="crocopat_8cpp_1a847a2de5c1c28c9d7055a2b89ed7dad7">yyparse</references>
      </memberdef>
      <memberdef kind="function" id="main_8cpp_1a0ddf1224851353fc92bfbff6f499fa97" prot="public" static="no" const="no" explicit="no" inline="no" virt="non-virtual">
        <type>int</type>
        <definition>int main</definition>
        <argsstring>(int argc, char *argv[])</argsstring>
        <name>main</name>
        <param>
          <type>int</type>
          <declname>argc</declname>
        </param>
        <param>
          <type>char *</type>
          <declname>argv</declname>
          <array>[]</array>
        </param>
        <briefdescription>
        </briefdescription>
        <detaileddescription>
<para>Main program. </para>        </detaileddescription>
        <inbodydescription>
        </inbodydescription>
        <location file="main.cpp" line="38" bodyfile="main.cpp" bodystart="37" bodyend="40"/>
        <references refid="crocopat_8cpp_1aac3a8eaf139392cb15984e5eae28bd32" compoundref="crocopat_8cpp" startline="328" endline="565">crocopat</references>
      </memberdef>
      </sectiondef>
    <briefdescription>
    </briefdescription>
    <detaileddescription>
    </detaileddescription>
    <location file="main.cpp"/>
  </compounddef>
</doxygen>
