<?xml version='1.0' encoding='UTF-8' standalone='no'?>
<doxygen xmlns:xsi="http://www.w3.org/2001/XMLSchema-instance" xsi:noNamespaceSchemaLocation="compound.xsd" version="1.6.1">
  <compounddef id="relDataType_8h" kind="file">
    <compoundname>relDataType.h</compoundname>
    <includes refid="relObject_8h" local="yes">relObject.h</includes>
    <includedby refid="bddRelation_8h" local="yes">bddRelation.h</includedby>
    <includedby refid="relNumber_8h" local="yes">relNumber.h</includedby>
    <includedby refid="relString_8h" local="yes">relString.h</includedby>
    <incdepgraph>
      <node id="110">
        <label>relDataType.h</label>
        <link refid="relDataType.h"/>
        <childnode refid="111" relation="include">
        </childnode>
      </node>
      <node id="112">
        <label>cstdlib</label>
      </node>
      <node id="113">
        <label>iostream</label>
      </node>
      <node id="111">
        <label>relObject.h</label>
        <link refid="relObject_8h"/>
        <childnode refid="112" relation="include">
        </childnode>
        <childnode refid="113" relation="include">
        </childnode>
      </node>
    </incdepgraph>
    <invincdepgraph>
      <node id="126">
        <label>relString.h</label>
        <link refid="relString_8h"/>
        <childnode refid="124" relation="include">
        </childnode>
      </node>
      <node id="122">
        <label>relNumber.h</label>
        <link refid="relNumber_8h"/>
        <childnode refid="123" relation="include">
        </childnode>
      </node>
      <node id="125">
        <label>relTerm.h</label>
        <link refid="relTerm_8h"/>
        <childnode refid="116" relation="include">
        </childnode>
      </node>
      <node id="115">
        <label>bddRelation.h</label>
        <link refid="bddRelation_8h"/>
        <childnode refid="116" relation="include">
        </childnode>
      </node>
      <node id="124">
        <label>relStrExpr.h</label>
        <link refid="relStrExpr_8h"/>
        <childnode refid="117" relation="include">
        </childnode>
        <childnode refid="121" relation="include">
        </childnode>
        <childnode refid="125" relation="include">
        </childnode>
      </node>
      <node id="118">
        <label>relPrintExpr.h</label>
        <link refid="relPrintExpr_8h"/>
        <childnode refid="119" relation="include">
        </childnode>
      </node>
      <node id="117">
        <label>relNumExpr.cpp</label>
        <link refid="relNumExpr_8cpp"/>
      </node>
      <node id="120">
        <label>crocopat.cpp</label>
        <link refid="crocopat_8cpp"/>
      </node>
      <node id="121">
        <label>relStrExpr.cpp</label>
        <link refid="relStrExpr_8cpp"/>
      </node>
      <node id="119">
        <label>relStatement.h</label>
        <link refid="relStatement_8h"/>
        <childnode refid="120" relation="include">
        </childnode>
      </node>
      <node id="114">
        <label>relDataType.h</label>
        <link refid="relDataType.h"/>
        <childnode refid="115" relation="include">
        </childnode>
        <childnode refid="122" relation="include">
        </childnode>
        <childnode refid="126" relation="include">
        </childnode>
      </node>
      <node id="116">
        <label>relExpression.h</label>
        <link refid="relExpression_8h"/>
        <childnode refid="117" relation="include">
        </childnode>
        <childnode refid="118" relation="include">
        </childnode>
        <childnode refid="121" relation="include">
        </childnode>
      </node>
      <node id="123">
        <label>relNumExpr.h</label>
        <link refid="relNumExpr_8h"/>
        <childnode refid="117" relation="include">
        </childnode>
        <childnode refid="124" relation="include">
        </childnode>
      </node>
    </invincdepgraph>
    <innerclass refid="classrelDataType" prot="public">relDataType</innerclass>
    <briefdescription>
    </briefdescription>
    <detaileddescription>
    </detaileddescription>
    <location file="relDataType.h"/>
  </compounddef>
</doxygen>
