<?xml version='1.0' encoding='UTF-8' standalone='no'?>
<doxygen xmlns:xsi="http://www.w3.org/2001/XMLSchema-instance" xsi:noNamespaceSchemaLocation="compound.xsd" version="1.6.1">
  <compounddef id="relExpression_8h" kind="file">
    <compoundname>relExpression.h</compoundname>
    <includes refid="bddRelation_8h" local="yes">bddRelation.h</includes>
    <includes refid="relTerm_8h" local="yes">relTerm.h</includes>
    <includes local="no">string</includes>
    <includes local="no">fstream</includes>
    <includes local="no">iterator</includes>
    <includes local="no">regex.h</includes>
    <includedby refid="relNumExpr_8cpp" local="yes">relNumExpr.cpp</includedby>
    <includedby refid="relPrintExpr_8h" local="yes">relPrintExpr.h</includedby>
    <includedby refid="relStrExpr_8cpp" local="yes">relStrExpr.cpp</includedby>
    <incdepgraph>
      <node id="150">
        <label>iterator</label>
      </node>
      <node id="144">
        <label>relString.h</label>
        <link refid="relString_8h"/>
        <childnode refid="141" relation="include">
        </childnode>
      </node>
      <node id="146">
        <label>relNumber.h</label>
        <link refid="relNumber_8h"/>
        <childnode refid="141" relation="include">
        </childnode>
      </node>
      <node id="147">
        <label>cmath</label>
      </node>
      <node id="136">
        <label>cassert</label>
      </node>
      <node id="142">
        <label>relTerm.h</label>
        <link refid="relTerm_8h"/>
        <childnode refid="143" relation="include">
        </childnode>
      </node>
      <node id="128">
        <label>bddRelation.h</label>
        <link refid="bddRelation_8h"/>
        <childnode refid="129" relation="include">
        </childnode>
        <childnode refid="137" relation="include">
        </childnode>
        <childnode refid="141" relation="include">
        </childnode>
      </node>
      <node id="143">
        <label>relStrExpr.h</label>
        <link refid="relStrExpr_8h"/>
        <childnode refid="144" relation="include">
        </childnode>
        <childnode refid="145" relation="include">
        </childnode>
        <childnode refid="139" relation="include">
        </childnode>
        <childnode refid="148" relation="include">
        </childnode>
      </node>
      <node id="139">
        <label>string</label>
      </node>
      <node id="135">
        <label>map</label>
      </node>
      <node id="149">
        <label>fstream</label>
      </node>
      <node id="129">
        <label>bddBdd.h</label>
        <link refid="bddBdd_8h"/>
        <childnode refid="130" relation="include">
        </childnode>
        <childnode refid="133" relation="include">
        </childnode>
        <childnode refid="134" relation="include">
        </childnode>
        <childnode refid="135" relation="include">
        </childnode>
        <childnode refid="136" relation="include">
        </childnode>
      </node>
      <node id="137">
        <label>bddSymTab.h</label>
        <link refid="bddSymTab_8h"/>
        <childnode refid="138" relation="include">
        </childnode>
        <childnode refid="130" relation="include">
        </childnode>
        <childnode refid="139" relation="include">
        </childnode>
        <childnode refid="135" relation="include">
        </childnode>
        <childnode refid="134" relation="include">
        </childnode>
        <childnode refid="133" relation="include">
        </childnode>
        <childnode refid="136" relation="include">
        </childnode>
        <childnode refid="140" relation="include">
        </childnode>
      </node>
      <node id="133">
        <label>vector</label>
      </node>
      <node id="141">
        <label>relDataType.h</label>
        <link refid="relDataType_8h"/>
        <childnode refid="130" relation="include">
        </childnode>
      </node>
      <node id="138">
        <label>reprNUMBER.h</label>
        <link refid="reprNUMBER_8h"/>
      </node>
      <node id="148">
        <label>sstream</label>
      </node>
      <node id="127">
        <label>relExpression.h</label>
        <link refid="relExpression.h"/>
        <childnode refid="128" relation="include">
        </childnode>
        <childnode refid="142" relation="include">
        </childnode>
        <childnode refid="139" relation="include">
        </childnode>
        <childnode refid="149" relation="include">
        </childnode>
        <childnode refid="150" relation="include">
        </childnode>
        <childnode refid="151" relation="include">
        </childnode>
      </node>
      <node id="131">
        <label>cstdlib</label>
      </node>
      <node id="132">
        <label>iostream</label>
      </node>
      <node id="130">
        <label>relObject.h</label>
        <link refid="relObject_8h"/>
        <childnode refid="131" relation="include">
        </childnode>
        <childnode refid="132" relation="include">
        </childnode>
      </node>
      <node id="140">
        <label>climits</label>
      </node>
      <node id="145">
        <label>relNumExpr.h</label>
        <link refid="relNumExpr_8h"/>
        <childnode refid="146" relation="include">
        </childnode>
        <childnode refid="137" relation="include">
        </childnode>
        <childnode refid="139" relation="include">
        </childnode>
        <childnode refid="135" relation="include">
        </childnode>
        <childnode refid="147" relation="include">
        </childnode>
      </node>
      <node id="134">
        <label>set</label>
      </node>
      <node id="151">
        <label>regex.h</label>
      </node>
    </incdepgraph>
    <invincdepgraph>
      <node id="154">
        <label>relPrintExpr.h</label>
        <link refid="relPrintExpr_8h"/>
        <childnode refid="155" relation="include">
        </childnode>
      </node>
      <node id="153">
        <label>relNumExpr.cpp</label>
        <link refid="relNumExpr_8cpp"/>
      </node>
      <node id="156">
        <label>crocopat.cpp</label>
        <link refid="crocopat_8cpp"/>
      </node>
      <node id="157">
        <label>relStrExpr.cpp</label>
        <link refid="relStrExpr_8cpp"/>
      </node>
      <node id="155">
        <label>relStatement.h</label>
        <link refid="relStatement_8h"/>
        <childnode refid="156" relation="include">
        </childnode>
      </node>
      <node id="152">
        <label>relExpression.h</label>
        <link refid="relExpression.h"/>
        <childnode refid="153" relation="include">
        </childnode>
        <childnode refid="154" relation="include">
        </childnode>
        <childnode refid="157" relation="include">
        </childnode>
      </node>
    </invincdepgraph>
    <innerclass refid="classrelExpression" prot="public">relExpression</innerclass>
    <innerclass refid="classrelExprRelVar" prot="public">relExprRelVar</innerclass>
    <innerclass refid="classrelExprRelNumCmp" prot="public">relExprRelNumCmp</innerclass>
    <innerclass refid="classrelExprExists" prot="public">relExprExists</innerclass>
    <innerclass refid="classrelExprNot" prot="public">relExprNot</innerclass>
    <innerclass refid="classrelExprAnd" prot="public">relExprAnd</innerclass>
    <innerclass refid="classrelExprOr" prot="public">relExprOr</innerclass>
    <innerclass refid="classrelExprEquiv" prot="public">relExprEquiv</innerclass>
    <innerclass refid="classrelExprClosure" prot="public">relExprClosure</innerclass>
    <innerclass refid="classrelExprRelOp" prot="public">relExprRelOp</innerclass>
    <innerclass refid="classrelExprRegExTerm" prot="public">relExprRegExTerm</innerclass>
    <innerclass refid="classrelExprTupleOf" prot="public">relExprTupleOf</innerclass>
      <sectiondef kind="var">
      <memberdef kind="variable" id="relExpression_8h_1aaa4271014ffca3d5839db383c88c5ea9" prot="public" static="no" mutable="no">
        <type>map&lt; string, <ref refid="classrelDataType" kindref="compound">relDataType</ref> * &gt;</type>
        <definition>map&lt;string, relDataType*&gt; gVariables</definition>
        <argsstring></argsstring>
        <name>gVariables</name>
        <briefdescription>
<para>Global variables for interpreter. </para>        </briefdescription>
        <detaileddescription>
        </detaileddescription>
        <inbodydescription>
        </inbodydescription>
        <location file="relExpression.h" line="48" bodyfile="crocopat.cpp" bodystart="56" bodyend="-1"/>
      </memberdef>
      <memberdef kind="variable" id="relExpression_8h_1a94bb68b440a90792dc147f319ce8f899" prot="public" static="no" mutable="no">
        <type>const unsigned</type>
        <definition>const unsigned gAttributeNum</definition>
        <argsstring></argsstring>
        <name>gAttributeNum</name>
        <briefdescription>
        </briefdescription>
        <detaileddescription>
        </detaileddescription>
        <inbodydescription>
        </inbodydescription>
        <location file="relExpression.h" line="49" bodyfile="crocopat.cpp" bodystart="64" bodyend="-1"/>
      </memberdef>
      <memberdef kind="variable" id="relExpression_8h_1a92c4a8dafce942b863e49715ceea637b" prot="public" static="no" mutable="no">
        <type>const char</type>
        <definition>const char gAttributePrefix</definition>
        <argsstring></argsstring>
        <name>gAttributePrefix</name>
        <briefdescription>
        </briefdescription>
        <detaileddescription>
        </detaileddescription>
        <inbodydescription>
        </inbodydescription>
        <location file="relExpression.h" line="50" bodyfile="crocopat.cpp" bodystart="65" bodyend="-1"/>
      </memberdef>
      <memberdef kind="variable" id="relExpression_8h_1a9be4e1f6a8e9d964f94d12debcb87df2" prot="public" static="no" mutable="no">
        <type><ref refid="classbddSymTab" kindref="compound">bddSymTab</ref> *</type>
        <definition>bddSymTab* gSymTab</definition>
        <argsstring></argsstring>
        <name>gSymTab</name>
        <briefdescription>
        </briefdescription>
        <detaileddescription>
        </detaileddescription>
        <inbodydescription>
        </inbodydescription>
        <location file="relExpression.h" line="51" bodyfile="crocopat.cpp" bodystart="54" bodyend="-1"/>
      </memberdef>
      <memberdef kind="variable" id="relExpression_8h_1a92c8b6d3e0236f73e872068b12be9f0f" prot="public" static="no" mutable="no">
        <type>bool</type>
        <definition>bool gPrintWarnings</definition>
        <argsstring></argsstring>
        <name>gPrintWarnings</name>
        <briefdescription>
        </briefdescription>
        <detaileddescription>
        </detaileddescription>
        <inbodydescription>
        </inbodydescription>
        <location file="relExpression.h" line="52" bodyfile="crocopat.cpp" bodystart="58" bodyend="-1"/>
      </memberdef>
      </sectiondef>
      <sectiondef kind="func">
      <memberdef kind="function" id="relExpression_8h_1aa01e33ba29c5513806b31599308f3ab5" prot="public" static="no" const="no" explicit="no" inline="no" virt="non-virtual">
        <type>string</type>
        <definition>string unsigned2string</definition>
        <argsstring>(unsigned pUnsigned)</argsstring>
        <name>unsigned2string</name>
        <param>
          <type>unsigned</type>
          <declname>pUnsigned</declname>
        </param>
        <briefdescription>
<para>Global functions. </para>        </briefdescription>
        <detaileddescription>
        </detaileddescription>
        <inbodydescription>
        </inbodydescription>
        <location file="relExpression.h" line="43" bodyfile="crocopat.cpp" bodystart="96" bodyend="103"/>
      </memberdef>
      <memberdef kind="function" id="relExpression_8h_1a817bb33a67c398a4568ea0d74b19e7f9" prot="public" static="no" const="no" explicit="no" inline="no" virt="non-virtual">
        <type>string</type>
        <definition>string double2string</definition>
        <argsstring>(double pNum)</argsstring>
        <name>double2string</name>
        <param>
          <type>double</type>
          <declname>pNum</declname>
        </param>
        <briefdescription>
        </briefdescription>
        <detaileddescription>
        </detaileddescription>
        <inbodydescription>
        </inbodydescription>
        <location file="relExpression.h" line="44" bodyfile="crocopat.cpp" bodystart="85" bodyend="92"/>
      </memberdef>
      <memberdef kind="function" id="relExpression_8h_1afb19d21ecfbd068a2f9c63ae52939df2" prot="public" static="no" const="no" explicit="no" inline="no" virt="non-virtual">
        <type>double</type>
        <definition>double elapsed</definition>
        <argsstring>()</argsstring>
        <name>elapsed</name>
        <briefdescription>
        </briefdescription>
        <detaileddescription>
<para>Measure elapsed processor time. </para>        </detaileddescription>
        <inbodydescription>
        </inbodydescription>
        <location file="relExpression.h" line="45" bodyfile="crocopat.cpp" bodystart="107" bodyend="112"/>
      </memberdef>
      </sectiondef>
    <briefdescription>
    </briefdescription>
    <detaileddescription>
    </detaileddescription>
    <location file="relExpression.h"/>
  </compounddef>
</doxygen>
