<?xml version='1.0' encoding='UTF-8' standalone='no'?>
<doxygen xmlns:xsi="http://www.w3.org/2001/XMLSchema-instance" xsi:noNamespaceSchemaLocation="compound.xsd" version="1.6.1">
  <compounddef id="relNumExpr_8cpp" kind="file">
    <compoundname>relNumExpr.cpp</compoundname>
    <includes refid="relNumExpr_8h" local="yes">relNumExpr.h</includes>
    <includes refid="relExpression_8h" local="yes">relExpression.h</includes>
    <includes refid="relStrExpr_8h" local="yes">relStrExpr.h</includes>
    <includes local="no">cfloat</includes>
    <incdepgraph>
      <node id="197">
        <label>iterator</label>
      </node>
      <node id="194">
        <label>relString.h</label>
        <link refid="relString_8h"/>
        <childnode refid="176" relation="include">
        </childnode>
      </node>
      <node id="175">
        <label>relNumber.h</label>
        <link refid="relNumber_8h"/>
        <childnode refid="176" relation="include">
        </childnode>
      </node>
      <node id="188">
        <label>cmath</label>
      </node>
      <node id="186">
        <label>cassert</label>
      </node>
      <node id="192">
        <label>relTerm.h</label>
        <link refid="relTerm_8h"/>
        <childnode refid="193" relation="include">
        </childnode>
      </node>
      <node id="190">
        <label>bddRelation.h</label>
        <link refid="bddRelation_8h"/>
        <childnode refid="191" relation="include">
        </childnode>
        <childnode refid="180" relation="include">
        </childnode>
        <childnode refid="176" relation="include">
        </childnode>
      </node>
      <node id="193">
        <label>relStrExpr.h</label>
        <link refid="relStrExpr_8h"/>
        <childnode refid="194" relation="include">
        </childnode>
        <childnode refid="174" relation="include">
        </childnode>
        <childnode refid="182" relation="include">
        </childnode>
        <childnode refid="195" relation="include">
        </childnode>
      </node>
      <node id="182">
        <label>string</label>
      </node>
      <node id="183">
        <label>map</label>
      </node>
      <node id="199">
        <label>cfloat</label>
      </node>
      <node id="196">
        <label>fstream</label>
      </node>
      <node id="173">
        <label>relNumExpr.cpp</label>
        <link refid="relNumExpr.cpp"/>
        <childnode refid="174" relation="include">
        </childnode>
        <childnode refid="189" relation="include">
        </childnode>
        <childnode refid="193" relation="include">
        </childnode>
        <childnode refid="199" relation="include">
        </childnode>
      </node>
      <node id="191">
        <label>bddBdd.h</label>
        <link refid="bddBdd_8h"/>
        <childnode refid="177" relation="include">
        </childnode>
        <childnode refid="185" relation="include">
        </childnode>
        <childnode refid="184" relation="include">
        </childnode>
        <childnode refid="183" relation="include">
        </childnode>
        <childnode refid="186" relation="include">
        </childnode>
      </node>
      <node id="180">
        <label>bddSymTab.h</label>
        <link refid="bddSymTab_8h"/>
        <childnode refid="181" relation="include">
        </childnode>
        <childnode refid="177" relation="include">
        </childnode>
        <childnode refid="182" relation="include">
        </childnode>
        <childnode refid="183" relation="include">
        </childnode>
        <childnode refid="184" relation="include">
        </childnode>
        <childnode refid="185" relation="include">
        </childnode>
        <childnode refid="186" relation="include">
        </childnode>
        <childnode refid="187" relation="include">
        </childnode>
      </node>
      <node id="185">
        <label>vector</label>
      </node>
      <node id="176">
        <label>relDataType.h</label>
        <link refid="relDataType_8h"/>
        <childnode refid="177" relation="include">
        </childnode>
      </node>
      <node id="181">
        <label>reprNUMBER.h</label>
        <link refid="reprNUMBER_8h"/>
      </node>
      <node id="195">
        <label>sstream</label>
      </node>
      <node id="189">
        <label>relExpression.h</label>
        <link refid="relExpression_8h"/>
        <childnode refid="190" relation="include">
        </childnode>
        <childnode refid="192" relation="include">
        </childnode>
        <childnode refid="182" relation="include">
        </childnode>
        <childnode refid="196" relation="include">
        </childnode>
        <childnode refid="197" relation="include">
        </childnode>
        <childnode refid="198" relation="include">
        </childnode>
      </node>
      <node id="178">
        <label>cstdlib</label>
      </node>
      <node id="179">
        <label>iostream</label>
      </node>
      <node id="177">
        <label>relObject.h</label>
        <link refid="relObject_8h"/>
        <childnode refid="178" relation="include">
        </childnode>
        <childnode refid="179" relation="include">
        </childnode>
      </node>
      <node id="187">
        <label>climits</label>
      </node>
      <node id="174">
        <label>relNumExpr.h</label>
        <link refid="relNumExpr_8h"/>
        <childnode refid="175" relation="include">
        </childnode>
        <childnode refid="180" relation="include">
        </childnode>
        <childnode refid="182" relation="include">
        </childnode>
        <childnode refid="183" relation="include">
        </childnode>
        <childnode refid="188" relation="include">
        </childnode>
      </node>
      <node id="184">
        <label>set</label>
      </node>
      <node id="198">
        <label>regex.h</label>
      </node>
    </incdepgraph>
      <sectiondef kind="func">
      <memberdef kind="function" id="relNumExpr_8cpp_1ae8b5a0f8cf906555c9c4aa3a67e2ae69" prot="public" static="no" const="no" explicit="no" inline="no" virt="non-virtual">
        <type>double</type>
        <definition>double string2double</definition>
        <argsstring>(string pStr)</argsstring>
        <name>string2double</name>
        <param>
          <type>string</type>
          <declname>pStr</declname>
        </param>
        <briefdescription>
        </briefdescription>
        <detaileddescription>
        </detaileddescription>
        <inbodydescription>
        </inbodydescription>
        <location file="relNumExpr.cpp" line="37" bodyfile="crocopat.cpp" bodystart="78" bodyend="81"/>
      </memberdef>
      </sectiondef>
    <briefdescription>
    </briefdescription>
    <detaileddescription>
    </detaileddescription>
    <location file="relNumExpr.cpp"/>
  </compounddef>
</doxygen>
