<?xml version='1.0' encoding='UTF-8' standalone='no'?>
<doxygen xmlns:xsi="http://www.w3.org/2001/XMLSchema-instance" xsi:noNamespaceSchemaLocation="compound.xsd" version="1.6.1">
  <compounddef id="relNumExpr_8h" kind="file">
    <compoundname>relNumExpr.h</compoundname>
    <includes refid="relNumber_8h" local="yes">relNumber.h</includes>
    <includes refid="bddSymTab_8h" local="yes">bddSymTab.h</includes>
    <includes local="no">string</includes>
    <includes local="no">map</includes>
    <includes local="no">cmath</includes>
    <includedby refid="relNumExpr_8cpp" local="yes">relNumExpr.cpp</includedby>
    <includedby refid="relStrExpr_8h" local="yes">relStrExpr.h</includedby>
    <incdepgraph>
      <node id="202">
        <label>relNumber.h</label>
        <link refid="relNumber_8h"/>
        <childnode refid="203" relation="include">
        </childnode>
      </node>
      <node id="215">
        <label>cmath</label>
      </node>
      <node id="213">
        <label>cassert</label>
      </node>
      <node id="209">
        <label>string</label>
      </node>
      <node id="210">
        <label>map</label>
      </node>
      <node id="207">
        <label>bddSymTab.h</label>
        <link refid="bddSymTab_8h"/>
        <childnode refid="208" relation="include">
        </childnode>
        <childnode refid="204" relation="include">
        </childnode>
        <childnode refid="209" relation="include">
        </childnode>
        <childnode refid="210" relation="include">
        </childnode>
        <childnode refid="211" relation="include">
        </childnode>
        <childnode refid="212" relation="include">
        </childnode>
        <childnode refid="213" relation="include">
        </childnode>
        <childnode refid="214" relation="include">
        </childnode>
      </node>
      <node id="212">
        <label>vector</label>
      </node>
      <node id="203">
        <label>relDataType.h</label>
        <link refid="relDataType_8h"/>
        <childnode refid="204" relation="include">
        </childnode>
      </node>
      <node id="208">
        <label>reprNUMBER.h</label>
        <link refid="reprNUMBER_8h"/>
      </node>
      <node id="205">
        <label>cstdlib</label>
      </node>
      <node id="206">
        <label>iostream</label>
      </node>
      <node id="204">
        <label>relObject.h</label>
        <link refid="relObject_8h"/>
        <childnode refid="205" relation="include">
        </childnode>
        <childnode refid="206" relation="include">
        </childnode>
      </node>
      <node id="214">
        <label>climits</label>
      </node>
      <node id="201">
        <label>relNumExpr.h</label>
        <link refid="relNumExpr.h"/>
        <childnode refid="202" relation="include">
        </childnode>
        <childnode refid="207" relation="include">
        </childnode>
        <childnode refid="209" relation="include">
        </childnode>
        <childnode refid="210" relation="include">
        </childnode>
        <childnode refid="215" relation="include">
        </childnode>
      </node>
      <node id="211">
        <label>set</label>
      </node>
    </incdepgraph>
    <invincdepgraph>
      <node id="220">
        <label>relTerm.h</label>
        <link refid="relTerm_8h"/>
        <childnode refid="221" relation="include">
        </childnode>
      </node>
      <node id="218">
        <label>relStrExpr.h</label>
        <link refid="relStrExpr_8h"/>
        <childnode refid="217" relation="include">
        </childnode>
        <childnode refid="219" relation="include">
        </childnode>
        <childnode refid="220" relation="include">
        </childnode>
      </node>
      <node id="222">
        <label>relPrintExpr.h</label>
        <link refid="relPrintExpr_8h"/>
        <childnode refid="223" relation="include">
        </childnode>
      </node>
      <node id="217">
        <label>relNumExpr.cpp</label>
        <link refid="relNumExpr_8cpp"/>
      </node>
      <node id="224">
        <label>crocopat.cpp</label>
        <link refid="crocopat_8cpp"/>
      </node>
      <node id="219">
        <label>relStrExpr.cpp</label>
        <link refid="relStrExpr_8cpp"/>
      </node>
      <node id="223">
        <label>relStatement.h</label>
        <link refid="relStatement_8h"/>
        <childnode refid="224" relation="include">
        </childnode>
      </node>
      <node id="221">
        <label>relExpression.h</label>
        <link refid="relExpression_8h"/>
        <childnode refid="217" relation="include">
        </childnode>
        <childnode refid="222" relation="include">
        </childnode>
        <childnode refid="219" relation="include">
        </childnode>
      </node>
      <node id="216">
        <label>relNumExpr.h</label>
        <link refid="relNumExpr.h"/>
        <childnode refid="217" relation="include">
        </childnode>
        <childnode refid="218" relation="include">
        </childnode>
      </node>
    </invincdepgraph>
    <innerclass refid="classrelNumExpr" prot="public">relNumExpr</innerclass>
    <innerclass refid="classrelNumExprVar" prot="public">relNumExprVar</innerclass>
    <innerclass refid="classrelNumExprConst" prot="public">relNumExprConst</innerclass>
    <innerclass refid="classrelNumExprUnOp" prot="public">relNumExprUnOp</innerclass>
    <innerclass refid="classrelNumExprBinOp" prot="public">relNumExprBinOp</innerclass>
    <innerclass refid="classrelNumExprRound" prot="public">relNumExprRound</innerclass>
    <innerclass refid="classrelNumExprStr" prot="public">relNumExprStr</innerclass>
    <innerclass refid="classrelNumExprTimeElapsed" prot="public">relNumExprTimeElapsed</innerclass>
      <sectiondef kind="var">
      <memberdef kind="variable" id="relNumExpr_8h_1aaa4271014ffca3d5839db383c88c5ea9" prot="public" static="no" mutable="no">
        <type>map&lt; string, <ref refid="classrelDataType" kindref="compound">relDataType</ref> * &gt;</type>
        <definition>map&lt;string, relDataType*&gt; gVariables</definition>
        <argsstring></argsstring>
        <name>gVariables</name>
        <briefdescription>
<para>Global variables for interpreter. </para>        </briefdescription>
        <detaileddescription>
        </detaileddescription>
        <inbodydescription>
        </inbodydescription>
        <location file="relNumExpr.h" line="44" bodyfile="crocopat.cpp" bodystart="56" bodyend="-1"/>
      </memberdef>
      </sectiondef>
      <sectiondef kind="func">
      <memberdef kind="function" id="relNumExpr_8h_1afb19d21ecfbd068a2f9c63ae52939df2" prot="public" static="no" const="no" explicit="no" inline="no" virt="non-virtual">
        <type>double</type>
        <definition>double elapsed</definition>
        <argsstring>()</argsstring>
        <name>elapsed</name>
        <briefdescription>
<para>Global function. </para>        </briefdescription>
        <detaileddescription>
<para>Measure elapsed processor time. </para>        </detaileddescription>
        <inbodydescription>
        </inbodydescription>
        <location file="relNumExpr.h" line="47" bodyfile="crocopat.cpp" bodystart="107" bodyend="112"/>
        <references refid="crocopat_8cpp_1ae5a17e5ac9b74e05f65b8685b8381607" compoundref="crocopat_8cpp" startline="69">gStart</references>
      </memberdef>
      </sectiondef>
    <briefdescription>
    </briefdescription>
    <detaileddescription>
    </detaileddescription>
    <location file="relNumExpr.h"/>
  </compounddef>
</doxygen>
