<?xml version='1.0' encoding='UTF-8' standalone='no'?>
<doxygen xmlns:xsi="http://www.w3.org/2001/XMLSchema-instance" xsi:noNamespaceSchemaLocation="compound.xsd" version="1.6.1">
  <compounddef id="relNumber_8h" kind="file">
    <compoundname>relNumber.h</compoundname>
    <includes refid="relDataType_8h" local="yes">relDataType.h</includes>
    <includedby refid="relNumExpr_8h" local="yes">relNumExpr.h</includedby>
    <incdepgraph>
      <node id="158">
        <label>relNumber.h</label>
        <link refid="relNumber.h"/>
        <childnode refid="159" relation="include">
        </childnode>
      </node>
      <node id="159">
        <label>relDataType.h</label>
        <link refid="relDataType_8h"/>
        <childnode refid="160" relation="include">
        </childnode>
      </node>
      <node id="161">
        <label>cstdlib</label>
      </node>
      <node id="162">
        <label>iostream</label>
      </node>
      <node id="160">
        <label>relObject.h</label>
        <link refid="relObject_8h"/>
        <childnode refid="161" relation="include">
        </childnode>
        <childnode refid="162" relation="include">
        </childnode>
      </node>
    </incdepgraph>
    <invincdepgraph>
      <node id="163">
        <label>relNumber.h</label>
        <link refid="relNumber.h"/>
        <childnode refid="164" relation="include">
        </childnode>
      </node>
      <node id="168">
        <label>relTerm.h</label>
        <link refid="relTerm_8h"/>
        <childnode refid="169" relation="include">
        </childnode>
      </node>
      <node id="166">
        <label>relStrExpr.h</label>
        <link refid="relStrExpr_8h"/>
        <childnode refid="165" relation="include">
        </childnode>
        <childnode refid="167" relation="include">
        </childnode>
        <childnode refid="168" relation="include">
        </childnode>
      </node>
      <node id="170">
        <label>relPrintExpr.h</label>
        <link refid="relPrintExpr_8h"/>
        <childnode refid="171" relation="include">
        </childnode>
      </node>
      <node id="165">
        <label>relNumExpr.cpp</label>
        <link refid="relNumExpr_8cpp"/>
      </node>
      <node id="172">
        <label>crocopat.cpp</label>
        <link refid="crocopat_8cpp"/>
      </node>
      <node id="167">
        <label>relStrExpr.cpp</label>
        <link refid="relStrExpr_8cpp"/>
      </node>
      <node id="171">
        <label>relStatement.h</label>
        <link refid="relStatement_8h"/>
        <childnode refid="172" relation="include">
        </childnode>
      </node>
      <node id="169">
        <label>relExpression.h</label>
        <link refid="relExpression_8h"/>
        <childnode refid="165" relation="include">
        </childnode>
        <childnode refid="170" relation="include">
        </childnode>
        <childnode refid="167" relation="include">
        </childnode>
      </node>
      <node id="164">
        <label>relNumExpr.h</label>
        <link refid="relNumExpr_8h"/>
        <childnode refid="165" relation="include">
        </childnode>
        <childnode refid="166" relation="include">
        </childnode>
      </node>
    </invincdepgraph>
    <innerclass refid="classrelNumber" prot="public">relNumber</innerclass>
    <briefdescription>
    </briefdescription>
    <detaileddescription>
    </detaileddescription>
    <location file="relNumber.h"/>
  </compounddef>
</doxygen>
