<?xml version='1.0' encoding='UTF-8' standalone='no'?>
<doxygen xmlns:xsi="http://www.w3.org/2001/XMLSchema-instance" xsi:noNamespaceSchemaLocation="compound.xsd" version="1.6.1">
  <compounddef id="relObject_8h" kind="file">
    <compoundname>relObject.h</compoundname>
    <includes local="no">cstdlib</includes>
    <includes local="no">iostream</includes>
    <includedby refid="bddBdd_8h" local="yes">bddBdd.h</includedby>
    <includedby refid="bddSymTab_8h" local="yes">bddSymTab.h</includedby>
    <includedby refid="relDataType_8h" local="yes">relDataType.h</includedby>
    <includedby refid="relObject_8cpp" local="yes">relObject.cpp</includedby>
    <includedby refid="relReaderWriter_8h" local="yes">relReaderWriter.h</includedby>
    <incdepgraph>
      <node id="231">
        <label>cstdlib</label>
      </node>
      <node id="232">
        <label>iostream</label>
      </node>
      <node id="230">
        <label>relObject.h</label>
        <link refid="relObject.h"/>
        <childnode refid="231" relation="include">
        </childnode>
        <childnode refid="232" relation="include">
        </childnode>
      </node>
    </incdepgraph>
    <invincdepgraph>
      <node id="249">
        <label>relString.h</label>
        <link refid="relString_8h"/>
        <childnode refid="245" relation="include">
        </childnode>
      </node>
      <node id="248">
        <label>relNumber.h</label>
        <link refid="relNumber_8h"/>
        <childnode refid="244" relation="include">
        </childnode>
      </node>
      <node id="246">
        <label>relTerm.h</label>
        <link refid="relTerm_8h"/>
        <childnode refid="237" relation="include">
        </childnode>
      </node>
      <node id="236">
        <label>bddRelation.h</label>
        <link refid="bddRelation_8h"/>
        <childnode refid="237" relation="include">
        </childnode>
      </node>
      <node id="245">
        <label>relStrExpr.h</label>
        <link refid="relStrExpr_8h"/>
        <childnode refid="238" relation="include">
        </childnode>
        <childnode refid="242" relation="include">
        </childnode>
        <childnode refid="246" relation="include">
        </childnode>
      </node>
      <node id="251">
        <label>relReaderWriter.h</label>
        <link refid="relReaderWriter_8h"/>
        <childnode refid="241" relation="include">
        </childnode>
        <childnode refid="252" relation="include">
        </childnode>
      </node>
      <node id="239">
        <label>relPrintExpr.h</label>
        <link refid="relPrintExpr_8h"/>
        <childnode refid="240" relation="include">
        </childnode>
      </node>
      <node id="235">
        <label>bddBdd.cpp</label>
        <link refid="bddBdd_8cpp"/>
      </node>
      <node id="238">
        <label>relNumExpr.cpp</label>
        <link refid="relNumExpr_8cpp"/>
      </node>
      <node id="234">
        <label>bddBdd.h</label>
        <link refid="bddBdd_8h"/>
        <childnode refid="235" relation="include">
        </childnode>
        <childnode refid="236" relation="include">
        </childnode>
        <childnode refid="241" relation="include">
        </childnode>
      </node>
      <node id="243">
        <label>bddSymTab.h</label>
        <link refid="bddSymTab_8h"/>
        <childnode refid="236" relation="include">
        </childnode>
        <childnode refid="244" relation="include">
        </childnode>
      </node>
      <node id="241">
        <label>crocopat.cpp</label>
        <link refid="crocopat_8cpp"/>
      </node>
      <node id="242">
        <label>relStrExpr.cpp</label>
        <link refid="relStrExpr_8cpp"/>
      </node>
      <node id="240">
        <label>relStatement.h</label>
        <link refid="relStatement_8h"/>
        <childnode refid="241" relation="include">
        </childnode>
      </node>
      <node id="247">
        <label>relDataType.h</label>
        <link refid="relDataType_8h"/>
        <childnode refid="236" relation="include">
        </childnode>
        <childnode refid="248" relation="include">
        </childnode>
        <childnode refid="249" relation="include">
        </childnode>
      </node>
      <node id="250">
        <label>relObject.cpp</label>
        <link refid="relObject_8cpp"/>
      </node>
      <node id="237">
        <label>relExpression.h</label>
        <link refid="relExpression_8h"/>
        <childnode refid="238" relation="include">
        </childnode>
        <childnode refid="239" relation="include">
        </childnode>
        <childnode refid="242" relation="include">
        </childnode>
      </node>
      <node id="252">
        <label>relReaderWriter.cpp</label>
        <link refid="relReaderWriter_8cpp"/>
      </node>
      <node id="233">
        <label>relObject.h</label>
        <link refid="relObject.h"/>
        <childnode refid="234" relation="include">
        </childnode>
        <childnode refid="243" relation="include">
        </childnode>
        <childnode refid="247" relation="include">
        </childnode>
        <childnode refid="250" relation="include">
        </childnode>
        <childnode refid="251" relation="include">
        </childnode>
      </node>
      <node id="244">
        <label>relNumExpr.h</label>
        <link refid="relNumExpr_8h"/>
        <childnode refid="238" relation="include">
        </childnode>
        <childnode refid="245" relation="include">
        </childnode>
      </node>
    </invincdepgraph>
    <innerclass refid="classrelObject" prot="public">relObject</innerclass>
      <sectiondef kind="func">
      <memberdef kind="function" id="relObject_8h_1a00cf0550eeaa985e1996180a9f6268b8" prot="public" static="no" const="no" explicit="no" inline="no" virt="non-virtual">
        <type>ostream &amp;</type>
        <definition>ostream&amp; operator&lt;&lt;</definition>
        <argsstring>(ostream &amp;out, const relObject *obj)</argsstring>
        <name>operator&lt;&lt;</name>
        <param>
          <type>ostream &amp;</type>
          <declname>out</declname>
        </param>
        <param>
          <type>const <ref refid="classrelObject" kindref="compound">relObject</ref> *</type>
          <declname>obj</declname>
        </param>
        <briefdescription>
        </briefdescription>
        <detaileddescription>
        </detaileddescription>
        <inbodydescription>
        </inbodydescription>
        <location file="relObject.h" line="84" bodyfile="relObject.cpp" bodystart="36" bodyend="39"/>
      </memberdef>
      </sectiondef>
    <briefdescription>
    </briefdescription>
    <detaileddescription>
    </detaileddescription>
    <location file="relObject.h"/>
  </compounddef>
</doxygen>
