<?xml version='1.0' encoding='UTF-8' standalone='no'?>
<doxygen xmlns:xsi="http://www.w3.org/2001/XMLSchema-instance" xsi:noNamespaceSchemaLocation="compound.xsd" version="1.6.1">
  <compounddef id="relObject_8cpp" kind="file">
    <compoundname>relObject.cpp</compoundname>
    <includes refid="relObject_8h" local="yes">relObject.h</includes>
    <incdepgraph>
      <node id="225">
        <label>relObject.cpp</label>
        <link refid="relObject.cpp"/>
        <childnode refid="226" relation="include">
        </childnode>
      </node>
      <node id="227">
        <label>cstdlib</label>
      </node>
      <node id="228">
        <label>iostream</label>
      </node>
      <node id="226">
        <label>relObject.h</label>
        <link refid="relObject_8h"/>
        <childnode refid="227" relation="include">
        </childnode>
        <childnode refid="228" relation="include">
        </childnode>
      </node>
    </incdepgraph>
      <sectiondef kind="func">
      <memberdef kind="function" id="relObject_8cpp_1a00cf0550eeaa985e1996180a9f6268b8" prot="public" static="no" const="no" explicit="no" inline="no" virt="non-virtual">
        <type>ostream &amp;</type>
        <definition>ostream&amp; operator&lt;&lt;</definition>
        <argsstring>(ostream &amp;out, const relObject *obj)</argsstring>
        <name>operator&lt;&lt;</name>
        <param>
          <type>ostream &amp;</type>
          <declname>out</declname>
        </param>
        <param>
          <type>const <ref refid="classrelObject" kindref="compound">relObject</ref> *</type>
          <declname>obj</declname>
        </param>
        <briefdescription>
        </briefdescription>
        <detaileddescription>
        </detaileddescription>
        <inbodydescription>
        </inbodydescription>
        <location file="relObject.cpp" line="37" bodyfile="relObject.cpp" bodystart="36" bodyend="39"/>
      </memberdef>
      </sectiondef>
    <briefdescription>
    </briefdescription>
    <detaileddescription>
    </detaileddescription>
    <location file="relObject.cpp"/>
  </compounddef>
</doxygen>
