<?xml version='1.0' encoding='UTF-8' standalone='no'?>
<doxygen xmlns:xsi="http://www.w3.org/2001/XMLSchema-instance" xsi:noNamespaceSchemaLocation="compound.xsd" version="1.6.1">
  <compounddef id="relPrintExpr_8h" kind="file">
    <compoundname>relPrintExpr.h</compoundname>
    <includes refid="relExpression_8h" local="yes">relExpression.h</includes>
    <includedby refid="relStatement_8h" local="yes">relStatement.h</includedby>
    <incdepgraph>
      <node id="277">
        <label>iterator</label>
      </node>
      <node id="271">
        <label>relString.h</label>
        <link refid="relString_8h"/>
        <childnode refid="268" relation="include">
        </childnode>
      </node>
      <node id="273">
        <label>relNumber.h</label>
        <link refid="relNumber_8h"/>
        <childnode refid="268" relation="include">
        </childnode>
      </node>
      <node id="274">
        <label>cmath</label>
      </node>
      <node id="263">
        <label>cassert</label>
      </node>
      <node id="269">
        <label>relTerm.h</label>
        <link refid="relTerm_8h"/>
        <childnode refid="270" relation="include">
        </childnode>
      </node>
      <node id="255">
        <label>bddRelation.h</label>
        <link refid="bddRelation_8h"/>
        <childnode refid="256" relation="include">
        </childnode>
        <childnode refid="264" relation="include">
        </childnode>
        <childnode refid="268" relation="include">
        </childnode>
      </node>
      <node id="270">
        <label>relStrExpr.h</label>
        <link refid="relStrExpr_8h"/>
        <childnode refid="271" relation="include">
        </childnode>
        <childnode refid="272" relation="include">
        </childnode>
        <childnode refid="266" relation="include">
        </childnode>
        <childnode refid="275" relation="include">
        </childnode>
      </node>
      <node id="266">
        <label>string</label>
      </node>
      <node id="262">
        <label>map</label>
      </node>
      <node id="253">
        <label>relPrintExpr.h</label>
        <link refid="relPrintExpr.h"/>
        <childnode refid="254" relation="include">
        </childnode>
      </node>
      <node id="276">
        <label>fstream</label>
      </node>
      <node id="256">
        <label>bddBdd.h</label>
        <link refid="bddBdd_8h"/>
        <childnode refid="257" relation="include">
        </childnode>
        <childnode refid="260" relation="include">
        </childnode>
        <childnode refid="261" relation="include">
        </childnode>
        <childnode refid="262" relation="include">
        </childnode>
        <childnode refid="263" relation="include">
        </childnode>
      </node>
      <node id="264">
        <label>bddSymTab.h</label>
        <link refid="bddSymTab_8h"/>
        <childnode refid="265" relation="include">
        </childnode>
        <childnode refid="257" relation="include">
        </childnode>
        <childnode refid="266" relation="include">
        </childnode>
        <childnode refid="262" relation="include">
        </childnode>
        <childnode refid="261" relation="include">
        </childnode>
        <childnode refid="260" relation="include">
        </childnode>
        <childnode refid="263" relation="include">
        </childnode>
        <childnode refid="267" relation="include">
        </childnode>
      </node>
      <node id="260">
        <label>vector</label>
      </node>
      <node id="268">
        <label>relDataType.h</label>
        <link refid="relDataType_8h"/>
        <childnode refid="257" relation="include">
        </childnode>
      </node>
      <node id="265">
        <label>reprNUMBER.h</label>
        <link refid="reprNUMBER_8h"/>
      </node>
      <node id="275">
        <label>sstream</label>
      </node>
      <node id="254">
        <label>relExpression.h</label>
        <link refid="relExpression_8h"/>
        <childnode refid="255" relation="include">
        </childnode>
        <childnode refid="269" relation="include">
        </childnode>
        <childnode refid="266" relation="include">
        </childnode>
        <childnode refid="276" relation="include">
        </childnode>
        <childnode refid="277" relation="include">
        </childnode>
        <childnode refid="278" relation="include">
        </childnode>
      </node>
      <node id="258">
        <label>cstdlib</label>
      </node>
      <node id="259">
        <label>iostream</label>
      </node>
      <node id="257">
        <label>relObject.h</label>
        <link refid="relObject_8h"/>
        <childnode refid="258" relation="include">
        </childnode>
        <childnode refid="259" relation="include">
        </childnode>
      </node>
      <node id="267">
        <label>climits</label>
      </node>
      <node id="272">
        <label>relNumExpr.h</label>
        <link refid="relNumExpr_8h"/>
        <childnode refid="273" relation="include">
        </childnode>
        <childnode refid="264" relation="include">
        </childnode>
        <childnode refid="266" relation="include">
        </childnode>
        <childnode refid="262" relation="include">
        </childnode>
        <childnode refid="274" relation="include">
        </childnode>
      </node>
      <node id="261">
        <label>set</label>
      </node>
      <node id="278">
        <label>regex.h</label>
      </node>
    </incdepgraph>
    <invincdepgraph>
      <node id="279">
        <label>relPrintExpr.h</label>
        <link refid="relPrintExpr.h"/>
        <childnode refid="280" relation="include">
        </childnode>
      </node>
      <node id="281">
        <label>crocopat.cpp</label>
        <link refid="crocopat_8cpp"/>
      </node>
      <node id="280">
        <label>relStatement.h</label>
        <link refid="relStatement_8h"/>
        <childnode refid="281" relation="include">
        </childnode>
      </node>
    </invincdepgraph>
    <innerclass refid="classrelPrintExpr" prot="public">relPrintExpr</innerclass>
    <innerclass refid="classrelPrintExprSeq" prot="public">relPrintExprSeq</innerclass>
    <innerclass refid="classrelPrintExprEndLine" prot="public">relPrintExprEndLine</innerclass>
    <innerclass refid="classrelPrintExprString" prot="public">relPrintExprString</innerclass>
    <innerclass refid="classrelPrintExprInt" prot="public">relPrintExprInt</innerclass>
    <innerclass refid="classrelPrintExprValues" prot="public">relPrintExprValues</innerclass>
    <innerclass refid="classrelPrintExprRelInfo" prot="public">relPrintExprRelInfo</innerclass>
    <innerclass refid="classrelPrintExprNodesPerVarId" prot="public">relPrintExprNodesPerVarId</innerclass>
    <innerclass refid="classrelPrintExprGraph" prot="public">relPrintExprGraph</innerclass>
    <innerclass refid="classrelPrintExprBDT" prot="public">relPrintExprBDT</innerclass>
    <briefdescription>
    </briefdescription>
    <detaileddescription>
    </detaileddescription>
    <location file="relPrintExpr.h"/>
  </compounddef>
</doxygen>
