<?xml version='1.0' encoding='UTF-8' standalone='no'?>
<doxygen xmlns:xsi="http://www.w3.org/2001/XMLSchema-instance" xsi:noNamespaceSchemaLocation="compound.xsd" version="1.6.1">
  <compounddef id="relReaderWriter_8cpp" kind="file">
    <compoundname>relReaderWriter.cpp</compoundname>
    <includes refid="relReaderWriter_8h" local="yes">relReaderWriter.h</includes>
    <incdepgraph>
      <node id="283">
        <label>relReaderWriter.h</label>
        <link refid="relReaderWriter_8h"/>
        <childnode refid="284" relation="include">
        </childnode>
        <childnode refid="286" relation="include">
        </childnode>
      </node>
      <node id="282">
        <label>relReaderWriter.cpp</label>
        <link refid="relReaderWriter.cpp"/>
        <childnode refid="283" relation="include">
        </childnode>
      </node>
      <node id="285">
        <label>cstdlib</label>
      </node>
      <node id="286">
        <label>iostream</label>
      </node>
      <node id="284">
        <label>relObject.h</label>
        <link refid="relObject_8h"/>
        <childnode refid="285" relation="include">
        </childnode>
        <childnode refid="286" relation="include">
        </childnode>
      </node>
    </incdepgraph>
      <sectiondef kind="func">
      <memberdef kind="function" id="relReaderWriter_8cpp_1a63e7db6aa218d9699ec859fd956d2f62" prot="public" static="no" const="no" explicit="no" inline="no" virt="non-virtual">
        <type><ref refid="classrelReaderWriter" kindref="compound">relReaderWriter</ref> &amp;</type>
        <definition>relReaderWriter&amp; operator&lt;&lt;</definition>
        <argsstring>(relReaderWriter &amp;pOut, string pStr)</argsstring>
        <name>operator&lt;&lt;</name>
        <param>
          <type><ref refid="classrelReaderWriter" kindref="compound">relReaderWriter</ref> &amp;</type>
          <declname>pOut</declname>
        </param>
        <param>
          <type>string</type>
          <declname>pStr</declname>
        </param>
        <briefdescription>
        </briefdescription>
        <detaileddescription>
        </detaileddescription>
        <inbodydescription>
        </inbodydescription>
        <location file="relReaderWriter.cpp" line="36" bodyfile="relReaderWriter.cpp" bodystart="35" bodyend="38"/>
      </memberdef>
      </sectiondef>
    <briefdescription>
    </briefdescription>
    <detaileddescription>
    </detaileddescription>
    <location file="relReaderWriter.cpp"/>
  </compounddef>
</doxygen>
