<?xml version='1.0' encoding='UTF-8' standalone='no'?>
<doxygen xmlns:xsi="http://www.w3.org/2001/XMLSchema-instance" xsi:noNamespaceSchemaLocation="compound.xsd" version="1.6.1">
  <compounddef id="relReaderWriter_8h" kind="file">
    <compoundname>relReaderWriter.h</compoundname>
    <includes refid="relObject_8h" local="yes">relObject.h</includes>
    <includes local="no">iostream</includes>
    <includedby refid="crocopat_8cpp" local="yes">crocopat.cpp</includedby>
    <includedby refid="relReaderWriter_8cpp" local="yes">relReaderWriter.cpp</includedby>
    <incdepgraph>
      <node id="288">
        <label>relReaderWriter.h</label>
        <link refid="relReaderWriter.h"/>
        <childnode refid="289" relation="include">
        </childnode>
        <childnode refid="291" relation="include">
        </childnode>
      </node>
      <node id="290">
        <label>cstdlib</label>
      </node>
      <node id="291">
        <label>iostream</label>
      </node>
      <node id="289">
        <label>relObject.h</label>
        <link refid="relObject_8h"/>
        <childnode refid="290" relation="include">
        </childnode>
        <childnode refid="291" relation="include">
        </childnode>
      </node>
    </incdepgraph>
    <invincdepgraph>
      <node id="292">
        <label>relReaderWriter.h</label>
        <link refid="relReaderWriter.h"/>
        <childnode refid="293" relation="include">
        </childnode>
        <childnode refid="294" relation="include">
        </childnode>
      </node>
      <node id="293">
        <label>crocopat.cpp</label>
        <link refid="crocopat_8cpp"/>
      </node>
      <node id="294">
        <label>relReaderWriter.cpp</label>
        <link refid="relReaderWriter_8cpp"/>
      </node>
    </invincdepgraph>
    <innerclass refid="classrelReaderWriter" prot="public">relReaderWriter</innerclass>
      <sectiondef kind="func">
      <memberdef kind="function" id="relReaderWriter_8h_1a63e7db6aa218d9699ec859fd956d2f62" prot="public" static="no" const="no" explicit="no" inline="no" virt="non-virtual">
        <type><ref refid="classrelReaderWriter" kindref="compound">relReaderWriter</ref> &amp;</type>
        <definition>relReaderWriter&amp; operator&lt;&lt;</definition>
        <argsstring>(relReaderWriter &amp;pOut, string pStr)</argsstring>
        <name>operator&lt;&lt;</name>
        <param>
          <type><ref refid="classrelReaderWriter" kindref="compound">relReaderWriter</ref> &amp;</type>
          <declname>pOut</declname>
        </param>
        <param>
          <type>string</type>
          <declname>pStr</declname>
        </param>
        <briefdescription>
        </briefdescription>
        <detaileddescription>
        </detaileddescription>
        <inbodydescription>
        </inbodydescription>
        <location file="relReaderWriter.h" line="61" bodyfile="relReaderWriter.cpp" bodystart="35" bodyend="38"/>
      </memberdef>
      </sectiondef>
    <briefdescription>
    </briefdescription>
    <detaileddescription>
    </detaileddescription>
    <location file="relReaderWriter.h"/>
  </compounddef>
</doxygen>
