<?xml version='1.0' encoding='UTF-8' standalone='no'?>
<doxygen xmlns:xsi="http://www.w3.org/2001/XMLSchema-instance" xsi:noNamespaceSchemaLocation="compound.xsd" version="1.6.1">
  <compounddef id="relStrExpr_8cpp" kind="file">
    <compoundname>relStrExpr.cpp</compoundname>
    <includes refid="relStrExpr_8h" local="yes">relStrExpr.h</includes>
    <includes refid="relExpression_8h" local="yes">relExpression.h</includes>
    <incdepgraph>
      <node id="348">
        <label>iterator</label>
      </node>
      <node id="326">
        <label>relString.h</label>
        <link refid="relString_8h"/>
        <childnode refid="327" relation="include">
        </childnode>
      </node>
      <node id="332">
        <label>relNumber.h</label>
        <link refid="relNumber_8h"/>
        <childnode refid="327" relation="include">
        </childnode>
      </node>
      <node id="341">
        <label>cmath</label>
      </node>
      <node id="339">
        <label>cassert</label>
      </node>
      <node id="346">
        <label>relTerm.h</label>
        <link refid="relTerm_8h"/>
        <childnode refid="325" relation="include">
        </childnode>
      </node>
      <node id="344">
        <label>bddRelation.h</label>
        <link refid="bddRelation_8h"/>
        <childnode refid="345" relation="include">
        </childnode>
        <childnode refid="333" relation="include">
        </childnode>
        <childnode refid="327" relation="include">
        </childnode>
      </node>
      <node id="325">
        <label>relStrExpr.h</label>
        <link refid="relStrExpr_8h"/>
        <childnode refid="326" relation="include">
        </childnode>
        <childnode refid="331" relation="include">
        </childnode>
        <childnode refid="335" relation="include">
        </childnode>
        <childnode refid="342" relation="include">
        </childnode>
      </node>
      <node id="335">
        <label>string</label>
      </node>
      <node id="336">
        <label>map</label>
      </node>
      <node id="347">
        <label>fstream</label>
      </node>
      <node id="345">
        <label>bddBdd.h</label>
        <link refid="bddBdd_8h"/>
        <childnode refid="328" relation="include">
        </childnode>
        <childnode refid="338" relation="include">
        </childnode>
        <childnode refid="337" relation="include">
        </childnode>
        <childnode refid="336" relation="include">
        </childnode>
        <childnode refid="339" relation="include">
        </childnode>
      </node>
      <node id="333">
        <label>bddSymTab.h</label>
        <link refid="bddSymTab_8h"/>
        <childnode refid="334" relation="include">
        </childnode>
        <childnode refid="328" relation="include">
        </childnode>
        <childnode refid="335" relation="include">
        </childnode>
        <childnode refid="336" relation="include">
        </childnode>
        <childnode refid="337" relation="include">
        </childnode>
        <childnode refid="338" relation="include">
        </childnode>
        <childnode refid="339" relation="include">
        </childnode>
        <childnode refid="340" relation="include">
        </childnode>
      </node>
      <node id="324">
        <label>relStrExpr.cpp</label>
        <link refid="relStrExpr.cpp"/>
        <childnode refid="325" relation="include">
        </childnode>
        <childnode refid="343" relation="include">
        </childnode>
      </node>
      <node id="338">
        <label>vector</label>
      </node>
      <node id="327">
        <label>relDataType.h</label>
        <link refid="relDataType_8h"/>
        <childnode refid="328" relation="include">
        </childnode>
      </node>
      <node id="334">
        <label>reprNUMBER.h</label>
        <link refid="reprNUMBER_8h"/>
      </node>
      <node id="342">
        <label>sstream</label>
      </node>
      <node id="343">
        <label>relExpression.h</label>
        <link refid="relExpression_8h"/>
        <childnode refid="344" relation="include">
        </childnode>
        <childnode refid="346" relation="include">
        </childnode>
        <childnode refid="335" relation="include">
        </childnode>
        <childnode refid="347" relation="include">
        </childnode>
        <childnode refid="348" relation="include">
        </childnode>
        <childnode refid="349" relation="include">
        </childnode>
      </node>
      <node id="329">
        <label>cstdlib</label>
      </node>
      <node id="330">
        <label>iostream</label>
      </node>
      <node id="328">
        <label>relObject.h</label>
        <link refid="relObject_8h"/>
        <childnode refid="329" relation="include">
        </childnode>
        <childnode refid="330" relation="include">
        </childnode>
      </node>
      <node id="340">
        <label>climits</label>
      </node>
      <node id="331">
        <label>relNumExpr.h</label>
        <link refid="relNumExpr_8h"/>
        <childnode refid="332" relation="include">
        </childnode>
        <childnode refid="333" relation="include">
        </childnode>
        <childnode refid="335" relation="include">
        </childnode>
        <childnode refid="336" relation="include">
        </childnode>
        <childnode refid="341" relation="include">
        </childnode>
      </node>
      <node id="337">
        <label>set</label>
      </node>
      <node id="349">
        <label>regex.h</label>
      </node>
    </incdepgraph>
    <briefdescription>
    </briefdescription>
    <detaileddescription>
    </detaileddescription>
    <location file="relStrExpr.cpp"/>
  </compounddef>
</doxygen>
