<?xml version='1.0' encoding='UTF-8' standalone='no'?>
<doxygen xmlns:xsi="http://www.w3.org/2001/XMLSchema-instance" xsi:noNamespaceSchemaLocation="compound.xsd" version="1.6.1">
  <compounddef id="relStatement_8h" kind="file">
    <compoundname>relStatement.h</compoundname>
    <includes refid="relPrintExpr_8h" local="yes">relPrintExpr.h</includes>
    <includedby refid="crocopat_8cpp" local="yes">crocopat.cpp</includedby>
    <incdepgraph>
      <node id="320">
        <label>iterator</label>
      </node>
      <node id="314">
        <label>relString.h</label>
        <link refid="relString_8h"/>
        <childnode refid="311" relation="include">
        </childnode>
      </node>
      <node id="316">
        <label>relNumber.h</label>
        <link refid="relNumber_8h"/>
        <childnode refid="311" relation="include">
        </childnode>
      </node>
      <node id="317">
        <label>cmath</label>
      </node>
      <node id="306">
        <label>cassert</label>
      </node>
      <node id="312">
        <label>relTerm.h</label>
        <link refid="relTerm_8h"/>
        <childnode refid="313" relation="include">
        </childnode>
      </node>
      <node id="298">
        <label>bddRelation.h</label>
        <link refid="bddRelation_8h"/>
        <childnode refid="299" relation="include">
        </childnode>
        <childnode refid="307" relation="include">
        </childnode>
        <childnode refid="311" relation="include">
        </childnode>
      </node>
      <node id="313">
        <label>relStrExpr.h</label>
        <link refid="relStrExpr_8h"/>
        <childnode refid="314" relation="include">
        </childnode>
        <childnode refid="315" relation="include">
        </childnode>
        <childnode refid="309" relation="include">
        </childnode>
        <childnode refid="318" relation="include">
        </childnode>
      </node>
      <node id="309">
        <label>string</label>
      </node>
      <node id="305">
        <label>map</label>
      </node>
      <node id="296">
        <label>relPrintExpr.h</label>
        <link refid="relPrintExpr_8h"/>
        <childnode refid="297" relation="include">
        </childnode>
      </node>
      <node id="319">
        <label>fstream</label>
      </node>
      <node id="299">
        <label>bddBdd.h</label>
        <link refid="bddBdd_8h"/>
        <childnode refid="300" relation="include">
        </childnode>
        <childnode refid="303" relation="include">
        </childnode>
        <childnode refid="304" relation="include">
        </childnode>
        <childnode refid="305" relation="include">
        </childnode>
        <childnode refid="306" relation="include">
        </childnode>
      </node>
      <node id="307">
        <label>bddSymTab.h</label>
        <link refid="bddSymTab_8h"/>
        <childnode refid="308" relation="include">
        </childnode>
        <childnode refid="300" relation="include">
        </childnode>
        <childnode refid="309" relation="include">
        </childnode>
        <childnode refid="305" relation="include">
        </childnode>
        <childnode refid="304" relation="include">
        </childnode>
        <childnode refid="303" relation="include">
        </childnode>
        <childnode refid="306" relation="include">
        </childnode>
        <childnode refid="310" relation="include">
        </childnode>
      </node>
      <node id="295">
        <label>relStatement.h</label>
        <link refid="relStatement.h"/>
        <childnode refid="296" relation="include">
        </childnode>
      </node>
      <node id="303">
        <label>vector</label>
      </node>
      <node id="311">
        <label>relDataType.h</label>
        <link refid="relDataType_8h"/>
        <childnode refid="300" relation="include">
        </childnode>
      </node>
      <node id="308">
        <label>reprNUMBER.h</label>
        <link refid="reprNUMBER_8h"/>
      </node>
      <node id="318">
        <label>sstream</label>
      </node>
      <node id="297">
        <label>relExpression.h</label>
        <link refid="relExpression_8h"/>
        <childnode refid="298" relation="include">
        </childnode>
        <childnode refid="312" relation="include">
        </childnode>
        <childnode refid="309" relation="include">
        </childnode>
        <childnode refid="319" relation="include">
        </childnode>
        <childnode refid="320" relation="include">
        </childnode>
        <childnode refid="321" relation="include">
        </childnode>
      </node>
      <node id="301">
        <label>cstdlib</label>
      </node>
      <node id="302">
        <label>iostream</label>
      </node>
      <node id="300">
        <label>relObject.h</label>
        <link refid="relObject_8h"/>
        <childnode refid="301" relation="include">
        </childnode>
        <childnode refid="302" relation="include">
        </childnode>
      </node>
      <node id="310">
        <label>climits</label>
      </node>
      <node id="315">
        <label>relNumExpr.h</label>
        <link refid="relNumExpr_8h"/>
        <childnode refid="316" relation="include">
        </childnode>
        <childnode refid="307" relation="include">
        </childnode>
        <childnode refid="309" relation="include">
        </childnode>
        <childnode refid="305" relation="include">
        </childnode>
        <childnode refid="317" relation="include">
        </childnode>
      </node>
      <node id="304">
        <label>set</label>
      </node>
      <node id="321">
        <label>regex.h</label>
      </node>
    </incdepgraph>
    <invincdepgraph>
      <node id="323">
        <label>crocopat.cpp</label>
        <link refid="crocopat_8cpp"/>
      </node>
      <node id="322">
        <label>relStatement.h</label>
        <link refid="relStatement.h"/>
        <childnode refid="323" relation="include">
        </childnode>
      </node>
    </invincdepgraph>
    <innerclass refid="classrelStatement" prot="public">relStatement</innerclass>
    <innerclass refid="classrelStmtSeq" prot="public">relStmtSeq</innerclass>
    <innerclass refid="classrelStmtCall" prot="public">relStmtCall</innerclass>
    <innerclass refid="classrelStmtAssign" prot="public">relStmtAssign</innerclass>
    <innerclass refid="classrelStmtAssignNum" prot="public">relStmtAssignNum</innerclass>
    <innerclass refid="classrelStmtAssignStr" prot="public">relStmtAssignStr</innerclass>
    <innerclass refid="classrelStmtPrint" prot="public">relStmtPrint</innerclass>
    <innerclass refid="classrelStmtExec" prot="public">relStmtExec</innerclass>
    <innerclass refid="classrelStmtIf" prot="public">relStmtIf</innerclass>
    <innerclass refid="classrelStmtWhile" prot="public">relStmtWhile</innerclass>
    <innerclass refid="classrelStmtFor" prot="public">relStmtFor</innerclass>
    <innerclass refid="classrelStmtExit" prot="public">relStmtExit</innerclass>
    <innerclass refid="classrelStmtEmpty" prot="public">relStmtEmpty</innerclass>
      <sectiondef kind="var">
      <memberdef kind="variable" id="relStatement_8h_1a07d978fcf5b95ccf4f3241c5298620f0" prot="public" static="no" mutable="no">
        <type>map&lt; string, <ref refid="classrelStatement" kindref="compound">relStatement</ref> * &gt;</type>
        <definition>map&lt;string, relStatement*&gt; gProcedures</definition>
        <argsstring></argsstring>
        <name>gProcedures</name>
        <briefdescription>
        </briefdescription>
        <detaileddescription>
        </detaileddescription>
        <inbodydescription>
        </inbodydescription>
        <location file="relStatement.h" line="35" bodyfile="crocopat.cpp" bodystart="57" bodyend="-1"/>
      </memberdef>
      </sectiondef>
    <briefdescription>
    </briefdescription>
    <detaileddescription>
    </detaileddescription>
    <location file="relStatement.h"/>
  </compounddef>
</doxygen>
