<?xml version='1.0' encoding='UTF-8' standalone='no'?>
<doxygen xmlns:xsi="http://www.w3.org/2001/XMLSchema-instance" xsi:noNamespaceSchemaLocation="compound.xsd" version="1.6.1">
  <compounddef id="relString_8h" kind="file">
    <compoundname>relString.h</compoundname>
    <includes refid="relDataType_8h" local="yes">relDataType.h</includes>
    <includedby refid="relStrExpr_8h" local="yes">relStrExpr.h</includedby>
    <incdepgraph>
      <node id="377">
        <label>relString.h</label>
        <link refid="relString.h"/>
        <childnode refid="378" relation="include">
        </childnode>
      </node>
      <node id="378">
        <label>relDataType.h</label>
        <link refid="relDataType_8h"/>
        <childnode refid="379" relation="include">
        </childnode>
      </node>
      <node id="380">
        <label>cstdlib</label>
      </node>
      <node id="381">
        <label>iostream</label>
      </node>
      <node id="379">
        <label>relObject.h</label>
        <link refid="relObject_8h"/>
        <childnode refid="380" relation="include">
        </childnode>
        <childnode refid="381" relation="include">
        </childnode>
      </node>
    </incdepgraph>
    <invincdepgraph>
      <node id="382">
        <label>relString.h</label>
        <link refid="relString.h"/>
        <childnode refid="383" relation="include">
        </childnode>
      </node>
      <node id="386">
        <label>relTerm.h</label>
        <link refid="relTerm_8h"/>
        <childnode refid="387" relation="include">
        </childnode>
      </node>
      <node id="383">
        <label>relStrExpr.h</label>
        <link refid="relStrExpr_8h"/>
        <childnode refid="384" relation="include">
        </childnode>
        <childnode refid="385" relation="include">
        </childnode>
        <childnode refid="386" relation="include">
        </childnode>
      </node>
      <node id="388">
        <label>relPrintExpr.h</label>
        <link refid="relPrintExpr_8h"/>
        <childnode refid="389" relation="include">
        </childnode>
      </node>
      <node id="384">
        <label>relNumExpr.cpp</label>
        <link refid="relNumExpr_8cpp"/>
      </node>
      <node id="390">
        <label>crocopat.cpp</label>
        <link refid="crocopat_8cpp"/>
      </node>
      <node id="385">
        <label>relStrExpr.cpp</label>
        <link refid="relStrExpr_8cpp"/>
      </node>
      <node id="389">
        <label>relStatement.h</label>
        <link refid="relStatement_8h"/>
        <childnode refid="390" relation="include">
        </childnode>
      </node>
      <node id="387">
        <label>relExpression.h</label>
        <link refid="relExpression_8h"/>
        <childnode refid="384" relation="include">
        </childnode>
        <childnode refid="388" relation="include">
        </childnode>
        <childnode refid="385" relation="include">
        </childnode>
      </node>
    </invincdepgraph>
    <innerclass refid="classrelString" prot="public">relString</innerclass>
    <briefdescription>
    </briefdescription>
    <detaileddescription>
    </detaileddescription>
    <location file="relString.h"/>
  </compounddef>
</doxygen>
