<?xml version='1.0' encoding='UTF-8' standalone='no'?>
<doxygen xmlns:xsi="http://www.w3.org/2001/XMLSchema-instance" xsi:noNamespaceSchemaLocation="compound.xsd" version="1.6.1">
  <compounddef id="relStrExpr_8h" kind="file">
    <compoundname>relStrExpr.h</compoundname>
    <includes refid="relString_8h" local="yes">relString.h</includes>
    <includes refid="relNumExpr_8h" local="yes">relNumExpr.h</includes>
    <includes local="no">string</includes>
    <includes local="no">sstream</includes>
    <includedby refid="relNumExpr_8cpp" local="yes">relNumExpr.cpp</includedby>
    <includedby refid="relStrExpr_8cpp" local="yes">relStrExpr.cpp</includedby>
    <includedby refid="relTerm_8h" local="yes">relTerm.h</includedby>
    <incdepgraph>
      <node id="352">
        <label>relString.h</label>
        <link refid="relString_8h"/>
        <childnode refid="353" relation="include">
        </childnode>
      </node>
      <node id="358">
        <label>relNumber.h</label>
        <link refid="relNumber_8h"/>
        <childnode refid="353" relation="include">
        </childnode>
      </node>
      <node id="367">
        <label>cmath</label>
      </node>
      <node id="365">
        <label>cassert</label>
      </node>
      <node id="351">
        <label>relStrExpr.h</label>
        <link refid="relStrExpr.h"/>
        <childnode refid="352" relation="include">
        </childnode>
        <childnode refid="357" relation="include">
        </childnode>
        <childnode refid="361" relation="include">
        </childnode>
        <childnode refid="368" relation="include">
        </childnode>
      </node>
      <node id="361">
        <label>string</label>
      </node>
      <node id="362">
        <label>map</label>
      </node>
      <node id="359">
        <label>bddSymTab.h</label>
        <link refid="bddSymTab_8h"/>
        <childnode refid="360" relation="include">
        </childnode>
        <childnode refid="354" relation="include">
        </childnode>
        <childnode refid="361" relation="include">
        </childnode>
        <childnode refid="362" relation="include">
        </childnode>
        <childnode refid="363" relation="include">
        </childnode>
        <childnode refid="364" relation="include">
        </childnode>
        <childnode refid="365" relation="include">
        </childnode>
        <childnode refid="366" relation="include">
        </childnode>
      </node>
      <node id="364">
        <label>vector</label>
      </node>
      <node id="353">
        <label>relDataType.h</label>
        <link refid="relDataType_8h"/>
        <childnode refid="354" relation="include">
        </childnode>
      </node>
      <node id="360">
        <label>reprNUMBER.h</label>
        <link refid="reprNUMBER_8h"/>
      </node>
      <node id="368">
        <label>sstream</label>
      </node>
      <node id="355">
        <label>cstdlib</label>
      </node>
      <node id="356">
        <label>iostream</label>
      </node>
      <node id="354">
        <label>relObject.h</label>
        <link refid="relObject_8h"/>
        <childnode refid="355" relation="include">
        </childnode>
        <childnode refid="356" relation="include">
        </childnode>
      </node>
      <node id="366">
        <label>climits</label>
      </node>
      <node id="357">
        <label>relNumExpr.h</label>
        <link refid="relNumExpr_8h"/>
        <childnode refid="358" relation="include">
        </childnode>
        <childnode refid="359" relation="include">
        </childnode>
        <childnode refid="361" relation="include">
        </childnode>
        <childnode refid="362" relation="include">
        </childnode>
        <childnode refid="367" relation="include">
        </childnode>
      </node>
      <node id="363">
        <label>set</label>
      </node>
    </incdepgraph>
    <invincdepgraph>
      <node id="372">
        <label>relTerm.h</label>
        <link refid="relTerm_8h"/>
        <childnode refid="373" relation="include">
        </childnode>
      </node>
      <node id="369">
        <label>relStrExpr.h</label>
        <link refid="relStrExpr.h"/>
        <childnode refid="370" relation="include">
        </childnode>
        <childnode refid="371" relation="include">
        </childnode>
        <childnode refid="372" relation="include">
        </childnode>
      </node>
      <node id="374">
        <label>relPrintExpr.h</label>
        <link refid="relPrintExpr_8h"/>
        <childnode refid="375" relation="include">
        </childnode>
      </node>
      <node id="370">
        <label>relNumExpr.cpp</label>
        <link refid="relNumExpr_8cpp"/>
      </node>
      <node id="376">
        <label>crocopat.cpp</label>
        <link refid="crocopat_8cpp"/>
      </node>
      <node id="371">
        <label>relStrExpr.cpp</label>
        <link refid="relStrExpr_8cpp"/>
      </node>
      <node id="375">
        <label>relStatement.h</label>
        <link refid="relStatement_8h"/>
        <childnode refid="376" relation="include">
        </childnode>
      </node>
      <node id="373">
        <label>relExpression.h</label>
        <link refid="relExpression_8h"/>
        <childnode refid="370" relation="include">
        </childnode>
        <childnode refid="374" relation="include">
        </childnode>
        <childnode refid="371" relation="include">
        </childnode>
      </node>
    </invincdepgraph>
    <innerclass refid="classrelStrExpr" prot="public">relStrExpr</innerclass>
    <innerclass refid="classrelStrExprVar" prot="public">relStrExprVar</innerclass>
    <innerclass refid="classrelStrExprConst" prot="public">relStrExprConst</innerclass>
    <innerclass refid="classrelStrExprBinOp" prot="public">relStrExprBinOp</innerclass>
    <innerclass refid="classrelStrExprElem" prot="public">relStrExprElem</innerclass>
    <innerclass refid="classrelStrExprNum" prot="public">relStrExprNum</innerclass>
    <innerclass refid="classrelStrCmdArg" prot="public">relStrCmdArg</innerclass>
      <sectiondef kind="var">
      <memberdef kind="variable" id="relStrExpr_8h_1aaa4271014ffca3d5839db383c88c5ea9" prot="public" static="no" mutable="no">
        <type>map&lt; string, <ref refid="classrelDataType" kindref="compound">relDataType</ref> * &gt;</type>
        <definition>map&lt;string, relDataType*&gt; gVariables</definition>
        <argsstring></argsstring>
        <name>gVariables</name>
        <briefdescription>
<para>Global variables for interpreter. </para>        </briefdescription>
        <detaileddescription>
        </detaileddescription>
        <inbodydescription>
        </inbodydescription>
        <location file="relStrExpr.h" line="41" bodyfile="crocopat.cpp" bodystart="56" bodyend="-1"/>
      </memberdef>
      <memberdef kind="variable" id="relStrExpr_8h_1a4ab2a0bcf08ca011353b308862d6e554" prot="public" static="no" mutable="no">
        <type>char **</type>
        <definition>char** gArgv</definition>
        <argsstring></argsstring>
        <name>gArgv</name>
        <briefdescription>
<para>Cmd line arg handling for the interpreter. </para>        </briefdescription>
        <detaileddescription>
        </detaileddescription>
        <inbodydescription>
        </inbodydescription>
        <location file="relStrExpr.h" line="43" bodyfile="crocopat.cpp" bodystart="72" bodyend="-1"/>
      </memberdef>
      <memberdef kind="variable" id="relStrExpr_8h_1ae98bf8c5793e3f98589562d77b7aeadc" prot="public" static="no" mutable="no">
        <type>int</type>
        <definition>int gArgc</definition>
        <argsstring></argsstring>
        <name>gArgc</name>
        <briefdescription>
        </briefdescription>
        <detaileddescription>
        </detaileddescription>
        <inbodydescription>
        </inbodydescription>
        <location file="relStrExpr.h" line="44" bodyfile="crocopat.cpp" bodystart="73" bodyend="-1"/>
      </memberdef>
      </sectiondef>
      <sectiondef kind="func">
      <memberdef kind="function" id="relStrExpr_8h_1a817bb33a67c398a4568ea0d74b19e7f9" prot="public" static="no" const="no" explicit="no" inline="no" virt="non-virtual">
        <type>string</type>
        <definition>string double2string</definition>
        <argsstring>(double pNum)</argsstring>
        <name>double2string</name>
        <param>
          <type>double</type>
          <declname>pNum</declname>
        </param>
        <briefdescription>
<para>Global function. </para>        </briefdescription>
        <detaileddescription>
        </detaileddescription>
        <inbodydescription>
        </inbodydescription>
        <location file="relStrExpr.h" line="47" bodyfile="crocopat.cpp" bodystart="85" bodyend="92"/>
      </memberdef>
      </sectiondef>
    <briefdescription>
    </briefdescription>
    <detaileddescription>
    </detaileddescription>
    <location file="relStrExpr.h"/>
  </compounddef>
</doxygen>
