<?xml version='1.0' encoding='UTF-8' standalone='no'?>
<doxygen xmlns:xsi="http://www.w3.org/2001/XMLSchema-instance" xsi:noNamespaceSchemaLocation="compound.xsd" version="1.6.1">
  <compounddef id="relTerm_8h" kind="file">
    <compoundname>relTerm.h</compoundname>
    <includes refid="relStrExpr_8h" local="yes">relStrExpr.h</includes>
    <includedby refid="relExpression_8h" local="yes">relExpression.h</includedby>
    <incdepgraph>
      <node id="393">
        <label>relString.h</label>
        <link refid="relString_8h"/>
        <childnode refid="394" relation="include">
        </childnode>
      </node>
      <node id="399">
        <label>relNumber.h</label>
        <link refid="relNumber_8h"/>
        <childnode refid="394" relation="include">
        </childnode>
      </node>
      <node id="408">
        <label>cmath</label>
      </node>
      <node id="406">
        <label>cassert</label>
      </node>
      <node id="391">
        <label>relTerm.h</label>
        <link refid="relTerm.h"/>
        <childnode refid="392" relation="include">
        </childnode>
      </node>
      <node id="392">
        <label>relStrExpr.h</label>
        <link refid="relStrExpr_8h"/>
        <childnode refid="393" relation="include">
        </childnode>
        <childnode refid="398" relation="include">
        </childnode>
        <childnode refid="402" relation="include">
        </childnode>
        <childnode refid="409" relation="include">
        </childnode>
      </node>
      <node id="402">
        <label>string</label>
      </node>
      <node id="403">
        <label>map</label>
      </node>
      <node id="400">
        <label>bddSymTab.h</label>
        <link refid="bddSymTab_8h"/>
        <childnode refid="401" relation="include">
        </childnode>
        <childnode refid="395" relation="include">
        </childnode>
        <childnode refid="402" relation="include">
        </childnode>
        <childnode refid="403" relation="include">
        </childnode>
        <childnode refid="404" relation="include">
        </childnode>
        <childnode refid="405" relation="include">
        </childnode>
        <childnode refid="406" relation="include">
        </childnode>
        <childnode refid="407" relation="include">
        </childnode>
      </node>
      <node id="405">
        <label>vector</label>
      </node>
      <node id="394">
        <label>relDataType.h</label>
        <link refid="relDataType_8h"/>
        <childnode refid="395" relation="include">
        </childnode>
      </node>
      <node id="401">
        <label>reprNUMBER.h</label>
        <link refid="reprNUMBER_8h"/>
      </node>
      <node id="409">
        <label>sstream</label>
      </node>
      <node id="396">
        <label>cstdlib</label>
      </node>
      <node id="397">
        <label>iostream</label>
      </node>
      <node id="395">
        <label>relObject.h</label>
        <link refid="relObject_8h"/>
        <childnode refid="396" relation="include">
        </childnode>
        <childnode refid="397" relation="include">
        </childnode>
      </node>
      <node id="407">
        <label>climits</label>
      </node>
      <node id="398">
        <label>relNumExpr.h</label>
        <link refid="relNumExpr_8h"/>
        <childnode refid="399" relation="include">
        </childnode>
        <childnode refid="400" relation="include">
        </childnode>
        <childnode refid="402" relation="include">
        </childnode>
        <childnode refid="403" relation="include">
        </childnode>
        <childnode refid="408" relation="include">
        </childnode>
      </node>
      <node id="404">
        <label>set</label>
      </node>
    </incdepgraph>
    <invincdepgraph>
      <node id="410">
        <label>relTerm.h</label>
        <link refid="relTerm.h"/>
        <childnode refid="411" relation="include">
        </childnode>
      </node>
      <node id="413">
        <label>relPrintExpr.h</label>
        <link refid="relPrintExpr_8h"/>
        <childnode refid="414" relation="include">
        </childnode>
      </node>
      <node id="412">
        <label>relNumExpr.cpp</label>
        <link refid="relNumExpr_8cpp"/>
      </node>
      <node id="415">
        <label>crocopat.cpp</label>
        <link refid="crocopat_8cpp"/>
      </node>
      <node id="416">
        <label>relStrExpr.cpp</label>
        <link refid="relStrExpr_8cpp"/>
      </node>
      <node id="414">
        <label>relStatement.h</label>
        <link refid="relStatement_8h"/>
        <childnode refid="415" relation="include">
        </childnode>
      </node>
      <node id="411">
        <label>relExpression.h</label>
        <link refid="relExpression_8h"/>
        <childnode refid="412" relation="include">
        </childnode>
        <childnode refid="413" relation="include">
        </childnode>
        <childnode refid="416" relation="include">
        </childnode>
      </node>
    </invincdepgraph>
    <innerclass refid="classrelTerm" prot="public">relTerm</innerclass>
    <innerclass refid="classrelTermAttribute" prot="public">relTermAttribute</innerclass>
    <innerclass refid="classrelTermStrExpr" prot="public">relTermStrExpr</innerclass>
    <innerclass refid="classrelTermExists" prot="public">relTermExists</innerclass>
    <briefdescription>
    </briefdescription>
    <detaileddescription>
    </detaileddescription>
    <location file="relTerm.h"/>
  </compounddef>
</doxygen>
