<?xml version='1.0' encoding='UTF-8' standalone='no'?>
<doxygen xmlns:xsi="http://www.w3.org/2001/XMLSchema-instance" xsi:noNamespaceSchemaLocation="compound.xsd" version="1.6.1">
  <compounddef id="reprNUMBER_8h" kind="file">
    <compoundname>reprNUMBER.h</compoundname>
    <includedby refid="bddSymTab_8h" local="yes">bddSymTab.h</includedby>
    <invincdepgraph>
      <node id="429">
        <label>relTerm.h</label>
        <link refid="relTerm_8h"/>
        <childnode refid="421" relation="include">
        </childnode>
      </node>
      <node id="420">
        <label>bddRelation.h</label>
        <link refid="bddRelation_8h"/>
        <childnode refid="421" relation="include">
        </childnode>
      </node>
      <node id="428">
        <label>relStrExpr.h</label>
        <link refid="relStrExpr_8h"/>
        <childnode refid="422" relation="include">
        </childnode>
        <childnode refid="426" relation="include">
        </childnode>
        <childnode refid="429" relation="include">
        </childnode>
      </node>
      <node id="423">
        <label>relPrintExpr.h</label>
        <link refid="relPrintExpr_8h"/>
        <childnode refid="424" relation="include">
        </childnode>
      </node>
      <node id="422">
        <label>relNumExpr.cpp</label>
        <link refid="relNumExpr_8cpp"/>
      </node>
      <node id="419">
        <label>bddSymTab.h</label>
        <link refid="bddSymTab_8h"/>
        <childnode refid="420" relation="include">
        </childnode>
        <childnode refid="427" relation="include">
        </childnode>
      </node>
      <node id="425">
        <label>crocopat.cpp</label>
        <link refid="crocopat_8cpp"/>
      </node>
      <node id="426">
        <label>relStrExpr.cpp</label>
        <link refid="relStrExpr_8cpp"/>
      </node>
      <node id="424">
        <label>relStatement.h</label>
        <link refid="relStatement_8h"/>
        <childnode refid="425" relation="include">
        </childnode>
      </node>
      <node id="418">
        <label>reprNUMBER.h</label>
        <link refid="reprNUMBER.h"/>
        <childnode refid="419" relation="include">
        </childnode>
      </node>
      <node id="421">
        <label>relExpression.h</label>
        <link refid="relExpression_8h"/>
        <childnode refid="422" relation="include">
        </childnode>
        <childnode refid="423" relation="include">
        </childnode>
        <childnode refid="426" relation="include">
        </childnode>
      </node>
      <node id="427">
        <label>relNumExpr.h</label>
        <link refid="relNumExpr_8h"/>
        <childnode refid="422" relation="include">
        </childnode>
        <childnode refid="428" relation="include">
        </childnode>
      </node>
    </invincdepgraph>
      <sectiondef kind="typedef">
      <memberdef kind="typedef" id="reprNUMBER_8h_1a1ab9ba44112f9ea8fb76b6b5c8815188" prot="public" static="no">
        <type>unsigned</type>
        <definition>typedef unsigned reprNUMBER</definition>
        <argsstring></argsstring>
        <name>reprNUMBER</name>
        <briefdescription>
<para>This file defines the basic number-type to use. </para>        </briefdescription>
        <detaileddescription>
        </detaileddescription>
        <inbodydescription>
        </inbodydescription>
        <location file="reprNUMBER.h" line="41" bodyfile="reprNUMBER.h" bodystart="41" bodyend="-1"/>
      </memberdef>
      </sectiondef>
    <briefdescription>
    </briefdescription>
    <detaileddescription>
    </detaileddescription>
    <location file="reprNUMBER.h"/>
  </compounddef>
</doxygen>
