<?xml version='1.0' encoding='UTF-8' standalone='no'?>
<doxygen xmlns:xsi="http://www.w3.org/2001/XMLSchema-instance" xsi:noNamespaceSchemaLocation="compound.xsd" version="1.6.1">
  <compounddef id="structbddStatEntry" kind="struct" prot="public">
    <compoundname>bddStatEntry</compoundname>
    <includes refid="bddBdd_8h" local="no">bddBdd.h</includes>
      <sectiondef kind="public-attrib">
      <memberdef kind="variable" id="structbddStatEntry_1aaddb951c099c4c029a8b846e7edd7ef7" prot="public" static="no" mutable="no">
        <type>unsigned</type>
        <definition>unsigned bddStatEntry::root</definition>
        <argsstring></argsstring>
        <name>root</name>
        <briefdescription>
<para>Argument of the operation. </para>        </briefdescription>
        <detaileddescription>
        </detaileddescription>
        <inbodydescription>
        </inbodydescription>
        <location file="bddBdd.h" line="73" bodyfile="bddBdd.h" bodystart="73" bodyend="-1"/>
      </memberdef>
      <memberdef kind="variable" id="structbddStatEntry_1a21f37b2136edd97da1def27aaa5da986" prot="public" static="no" mutable="no">
        <type>double</type>
        <definition>double bddStatEntry::result</definition>
        <argsstring></argsstring>
        <name>result</name>
        <briefdescription>
<para>Result of the operation. </para>        </briefdescription>
        <detaileddescription>
        </detaileddescription>
        <inbodydescription>
        </inbodydescription>
        <location file="bddBdd.h" line="75" bodyfile="bddBdd.h" bodystart="75" bodyend="-1"/>
      </memberdef>
      </sectiondef>
    <briefdescription>
<para>Cache entry for counting tuples. </para>    </briefdescription>
    <detaileddescription>
    </detaileddescription>
    <collaborationgraph>
      <node id="65">
        <label>double</label>
      </node>
      <node id="66">
        <label>unsigned</label>
      </node>
      <node id="64">
        <label>bddStatEntry</label>
        <link refid="structbddStatEntry"/>
        <childnode refid="65" relation="usage">
          <edgelabel>result</edgelabel>
        </childnode>
        <childnode refid="66" relation="usage">
          <edgelabel>root</edgelabel>
        </childnode>
      </node>
    </collaborationgraph>
    <location file="bddBdd.h" line="71" bodyfile="bddBdd.h" bodystart="70" bodyend="76"/>
    <listofallmembers>
      <member refid="structbddStatEntry_1a21f37b2136edd97da1def27aaa5da986" prot="public" virt="non-virtual"><scope>bddStatEntry</scope><name>result</name></member>
      <member refid="structbddStatEntry_1aaddb951c099c4c029a8b846e7edd7ef7" prot="public" virt="non-virtual"><scope>bddStatEntry</scope><name>root</name></member>
    </listofallmembers>
  </compounddef>
</doxygen>
