<?xml version='1.0' encoding='UTF-8' standalone='no'?>
<doxygen xmlns:xsi="http://www.w3.org/2001/XMLSchema-instance" xsi:noNamespaceSchemaLocation="compound.xsd" version="1.6.1">
  <compounddef id="structbddNode" kind="struct" prot="public">
    <compoundname>bddNode</compoundname>
    <includes refid="bddBdd_8h" local="no">bddBdd.h</includes>
      <sectiondef kind="public-attrib">
      <memberdef kind="variable" id="structbddNode_1af528aa656162779575dda3f6ee8781ba" prot="public" static="no" mutable="no">
        <type>unsigned</type>
        <definition>unsigned bddNode::mark</definition>
        <argsstring></argsstring>
        <name>mark</name>
        <bitfield>1</bitfield>
        <briefdescription>
<para>To mark the node in garbage collection and node count. </para>        </briefdescription>
        <detaileddescription>
        </detaileddescription>
        <inbodydescription>
        </inbodydescription>
        <location file="bddBdd.h" line="45" bodyfile="bddBdd.h" bodystart="45" bodyend="-1"/>
      </memberdef>
      <memberdef kind="variable" id="structbddNode_1a7154087d01479def30dcac76fe0de743" prot="public" static="no" mutable="no">
        <type>unsigned</type>
        <definition>unsigned bddNode::var</definition>
        <argsstring></argsstring>
        <name>var</name>
        <bitfield>31</bitfield>
        <briefdescription>
<para>Variable id. The ids of variables are multiples of 1, starting with 0! </para>        </briefdescription>
        <detaileddescription>
        </detaileddescription>
        <inbodydescription>
        </inbodydescription>
        <location file="bddBdd.h" line="47" bodyfile="bddBdd.h" bodystart="47" bodyend="-1"/>
      </memberdef>
      <memberdef kind="variable" id="structbddNode_1acee0e495c745290cae554158dd29ca4e" prot="public" static="no" mutable="no">
        <type>unsigned</type>
        <definition>unsigned bddNode::low</definition>
        <argsstring></argsstring>
        <name>low</name>
        <briefdescription>
<para>Index of low son. Also used for linking unused nodes in the node array. </para>        </briefdescription>
        <detaileddescription>
        </detaileddescription>
        <inbodydescription>
        </inbodydescription>
        <location file="bddBdd.h" line="49" bodyfile="bddBdd.h" bodystart="49" bodyend="-1"/>
      </memberdef>
      <memberdef kind="variable" id="structbddNode_1a11829c01dca6ea0b638474ecb924b7f2" prot="public" static="no" mutable="no">
        <type>unsigned</type>
        <definition>unsigned bddNode::high</definition>
        <argsstring></argsstring>
        <name>high</name>
        <briefdescription>
<para>Index of high son. </para>        </briefdescription>
        <detaileddescription>
        </detaileddescription>
        <inbodydescription>
        </inbodydescription>
        <location file="bddBdd.h" line="51" bodyfile="bddBdd.h" bodystart="51" bodyend="-1"/>
      </memberdef>
      <memberdef kind="variable" id="structbddNode_1ad3a3ba44aee8d409762ca50abdf2f0b3" prot="public" static="no" mutable="no">
        <type>unsigned</type>
        <definition>unsigned bddNode::next</definition>
        <argsstring></argsstring>
        <name>next</name>
        <briefdescription>
<para>Next node in mUniqueHash-list (0 for end of list). </para>        </briefdescription>
        <detaileddescription>
        </detaileddescription>
        <inbodydescription>
        </inbodydescription>
        <location file="bddBdd.h" line="53" bodyfile="bddBdd.h" bodystart="53" bodyend="-1"/>
      </memberdef>
      </sectiondef>
    <briefdescription>
<para>BDD node. </para>    </briefdescription>
    <detaileddescription>
    </detaileddescription>
    <collaborationgraph>
      <node id="18">
        <label>bddNode</label>
        <link refid="structbddNode"/>
        <childnode refid="19" relation="usage">
          <edgelabel>high</edgelabel>
          <edgelabel>next</edgelabel>
          <edgelabel>low</edgelabel>
          <edgelabel>mark</edgelabel>
          <edgelabel>var</edgelabel>
        </childnode>
      </node>
      <node id="19">
        <label>unsigned</label>
      </node>
    </collaborationgraph>
    <location file="bddBdd.h" line="43" bodyfile="bddBdd.h" bodystart="42" bodyend="54"/>
    <listofallmembers>
      <member refid="structbddNode_1a11829c01dca6ea0b638474ecb924b7f2" prot="public" virt="non-virtual"><scope>bddNode</scope><name>high</name></member>
      <member refid="structbddNode_1acee0e495c745290cae554158dd29ca4e" prot="public" virt="non-virtual"><scope>bddNode</scope><name>low</name></member>
      <member refid="structbddNode_1af528aa656162779575dda3f6ee8781ba" prot="public" virt="non-virtual"><scope>bddNode</scope><name>mark</name></member>
      <member refid="structbddNode_1ad3a3ba44aee8d409762ca50abdf2f0b3" prot="public" virt="non-virtual"><scope>bddNode</scope><name>next</name></member>
      <member refid="structbddNode_1a7154087d01479def30dcac76fe0de743" prot="public" virt="non-virtual"><scope>bddNode</scope><name>var</name></member>
    </listofallmembers>
  </compounddef>
</doxygen>
