<?xml version='1.0' encoding='UTF-8' standalone='no'?>
<doxygen xmlns:xsi="http://www.w3.org/2001/XMLSchema-instance" xsi:noNamespaceSchemaLocation="compound.xsd" version="1.6.1">
  <compounddef id="structbddBinEntry" kind="struct" prot="public">
    <compoundname>bddBinEntry</compoundname>
    <includes refid="bddBdd_8h" local="no">bddBdd.h</includes>
      <sectiondef kind="public-attrib">
      <memberdef kind="variable" id="structbddBinEntry_1a6bf76ade2111a3e0517fe586dfc9441a" prot="public" static="no" mutable="no">
        <type>unsigned</type>
        <definition>unsigned bddBinEntry::op</definition>
        <argsstring></argsstring>
        <name>op</name>
        <briefdescription>
<para>Identifier of the operation. </para>        </briefdescription>
        <detaileddescription>
        </detaileddescription>
        <inbodydescription>
        </inbodydescription>
        <location file="bddBdd.h" line="60" bodyfile="bddBdd.h" bodystart="60" bodyend="-1"/>
      </memberdef>
      <memberdef kind="variable" id="structbddBinEntry_1ac005b88570387488697f1ea67076a4a6" prot="public" static="no" mutable="no">
        <type>unsigned</type>
        <definition>unsigned bddBinEntry::root1</definition>
        <argsstring></argsstring>
        <name>root1</name>
        <briefdescription>
<para>First argument of the operation. </para>        </briefdescription>
        <detaileddescription>
        </detaileddescription>
        <inbodydescription>
        </inbodydescription>
        <location file="bddBdd.h" line="62" bodyfile="bddBdd.h" bodystart="62" bodyend="-1"/>
      </memberdef>
      <memberdef kind="variable" id="structbddBinEntry_1a9f1a41d68795efb6cfcf6d35dee7d674" prot="public" static="no" mutable="no">
        <type>unsigned</type>
        <definition>unsigned bddBinEntry::root2</definition>
        <argsstring></argsstring>
        <name>root2</name>
        <briefdescription>
<para>Second argument of the operation. </para>        </briefdescription>
        <detaileddescription>
        </detaileddescription>
        <inbodydescription>
        </inbodydescription>
        <location file="bddBdd.h" line="64" bodyfile="bddBdd.h" bodystart="64" bodyend="-1"/>
      </memberdef>
      <memberdef kind="variable" id="structbddBinEntry_1abadb6c06ea51bf385dd673aa63cfa6f0" prot="public" static="no" mutable="no">
        <type>unsigned</type>
        <definition>unsigned bddBinEntry::result</definition>
        <argsstring></argsstring>
        <name>result</name>
        <briefdescription>
<para>Result of the operation. </para>        </briefdescription>
        <detaileddescription>
        </detaileddescription>
        <inbodydescription>
        </inbodydescription>
        <location file="bddBdd.h" line="66" bodyfile="bddBdd.h" bodystart="66" bodyend="-1"/>
      </memberdef>
      </sectiondef>
    <briefdescription>
<para>Cache entry for binary operations. </para>    </briefdescription>
    <detaileddescription>
    </detaileddescription>
    <collaborationgraph>
      <node id="12">
        <label>bddBinEntry</label>
        <link refid="structbddBinEntry"/>
        <childnode refid="13" relation="usage">
          <edgelabel>op</edgelabel>
          <edgelabel>root1</edgelabel>
          <edgelabel>result</edgelabel>
          <edgelabel>root2</edgelabel>
        </childnode>
      </node>
      <node id="13">
        <label>unsigned</label>
      </node>
    </collaborationgraph>
    <location file="bddBdd.h" line="58" bodyfile="bddBdd.h" bodystart="57" bodyend="67"/>
    <listofallmembers>
      <member refid="structbddBinEntry_1a6bf76ade2111a3e0517fe586dfc9441a" prot="public" virt="non-virtual"><scope>bddBinEntry</scope><name>op</name></member>
      <member refid="structbddBinEntry_1abadb6c06ea51bf385dd673aa63cfa6f0" prot="public" virt="non-virtual"><scope>bddBinEntry</scope><name>result</name></member>
      <member refid="structbddBinEntry_1ac005b88570387488697f1ea67076a4a6" prot="public" virt="non-virtual"><scope>bddBinEntry</scope><name>root1</name></member>
      <member refid="structbddBinEntry_1a9f1a41d68795efb6cfcf6d35dee7d674" prot="public" virt="non-virtual"><scope>bddBinEntry</scope><name>root2</name></member>
    </listofallmembers>
  </compounddef>
</doxygen>
