<?xml version='1.0' encoding='UTF-8' standalone='no'?>
<doxygen xmlns:xsi="http://www.w3.org/2001/XMLSchema-instance" xsi:noNamespaceSchemaLocation="compound.xsd" version="1.6.1">
  <compounddef id="structbddGraphNode" kind="struct" prot="public">
    <compoundname>bddGraphNode</compoundname>
    <includes refid="bddBdd_8h" local="no">bddBdd.h</includes>
      <sectiondef kind="public-attrib">
      <memberdef kind="variable" id="structbddGraphNode_1ae323125045038fee9d8507b1ee759905" prot="public" static="no" mutable="no">
        <type>unsigned</type>
        <definition>unsigned bddGraphNode::id</definition>
        <argsstring></argsstring>
        <name>id</name>
        <briefdescription>
        </briefdescription>
        <detaileddescription>
        </detaileddescription>
        <inbodydescription>
        </inbodydescription>
        <location file="bddBdd.h" line="82" bodyfile="bddBdd.h" bodystart="82" bodyend="-1"/>
      </memberdef>
      <memberdef kind="variable" id="structbddGraphNode_1aa949c5591d6d5517acd00322ef95d4fa" prot="public" static="no" mutable="no">
        <type>unsigned</type>
        <definition>unsigned bddGraphNode::var</definition>
        <argsstring></argsstring>
        <name>var</name>
        <briefdescription>
        </briefdescription>
        <detaileddescription>
        </detaileddescription>
        <inbodydescription>
        </inbodydescription>
        <location file="bddBdd.h" line="83" bodyfile="bddBdd.h" bodystart="83" bodyend="-1"/>
      </memberdef>
      <memberdef kind="variable" id="structbddGraphNode_1acc08c9e51e3118e11d34a84ffa7ad774" prot="public" static="no" mutable="no">
        <type>unsigned</type>
        <definition>unsigned bddGraphNode::low</definition>
        <argsstring></argsstring>
        <name>low</name>
        <briefdescription>
        </briefdescription>
        <detaileddescription>
        </detaileddescription>
        <inbodydescription>
        </inbodydescription>
        <location file="bddBdd.h" line="84" bodyfile="bddBdd.h" bodystart="84" bodyend="-1"/>
      </memberdef>
      <memberdef kind="variable" id="structbddGraphNode_1a15d4f3677af8f9cc2084c60b7ae18c08" prot="public" static="no" mutable="no">
        <type>unsigned</type>
        <definition>unsigned bddGraphNode::high</definition>
        <argsstring></argsstring>
        <name>high</name>
        <briefdescription>
        </briefdescription>
        <detaileddescription>
        </detaileddescription>
        <inbodydescription>
        </inbodydescription>
        <location file="bddBdd.h" line="85" bodyfile="bddBdd.h" bodystart="85" bodyend="-1"/>
      </memberdef>
      </sectiondef>
    <briefdescription>
    </briefdescription>
    <detaileddescription>
<para>Node for BDD output graph representation. Only for output via getGraph(). </para>    </detaileddescription>
    <collaborationgraph>
      <node id="15">
        <label>bddGraphNode</label>
        <link refid="structbddGraphNode"/>
        <childnode refid="16" relation="usage">
          <edgelabel>high</edgelabel>
          <edgelabel>id</edgelabel>
          <edgelabel>low</edgelabel>
          <edgelabel>var</edgelabel>
        </childnode>
      </node>
      <node id="16">
        <label>unsigned</label>
      </node>
    </collaborationgraph>
    <location file="bddBdd.h" line="81" bodyfile="bddBdd.h" bodystart="80" bodyend="86"/>
    <listofallmembers>
      <member refid="structbddGraphNode_1a15d4f3677af8f9cc2084c60b7ae18c08" prot="public" virt="non-virtual"><scope>bddGraphNode</scope><name>high</name></member>
      <member refid="structbddGraphNode_1ae323125045038fee9d8507b1ee759905" prot="public" virt="non-virtual"><scope>bddGraphNode</scope><name>id</name></member>
      <member refid="structbddGraphNode_1acc08c9e51e3118e11d34a84ffa7ad774" prot="public" virt="non-virtual"><scope>bddGraphNode</scope><name>low</name></member>
      <member refid="structbddGraphNode_1aa949c5591d6d5517acd00322ef95d4fa" prot="public" virt="non-virtual"><scope>bddGraphNode</scope><name>var</name></member>
    </listofallmembers>
  </compounddef>
</doxygen>
